destination,destination_type,travelers,trip_days,transport_mode,accommodation_type,meal_plan,activities_count,travel_season,booking_advance_days,distance_km,actual_trip_expense
Lucknow,Heritage,1,9,Train,Budget,Room Only,6,Shoulder,95,442,16362.56
Madurai,Religious,1,9,Car,3-Star,Half Board,1,Peak,76,498,46079.93
Bhubaneswar,Religious,5,11,Flight,4-Star,Full Board,8,Shoulder,100,992,300000
Manali,Mountain,7,8,Train,3-Star,Full Board,2,Off-Peak,134,727,189394.01
Pune,City,3,2,Car,4-Star,Breakfast,1,Shoulder,116,440,35913.32
Varanasi,Religious,4,10,Flight,Budget,Full Board,6,Shoulder,20,997,156130.21
Dharamshala,Mountain,3,7,Flight,2-Star,Breakfast,5,Off-Peak,103,1439,69668.12
Nainital,Nature,6,4,Flight,2-Star,Breakfast,3,Shoulder,137,1447,119424.43
Dharamshala,Mountain,2,2,Flight,4-Star,Breakfast,0,Off-Peak,77,1735,50339.41
Aurangabad,Heritage,8,6,Bus,2-Star,Breakfast,0,Shoulder,85,993,78630.73
Mount Abu,Nature,8,8,Car,2-Star,Breakfast,0,Shoulder,144,782,105366.74
Kolkata,City,7,3,Flight,3-Star,Room Only,0,Peak,71,1975,166642.79
Goa,Beach,5,4,Flight,Budget,Full Board,1,Shoulder,77,2009,142452.63
Shimla,Mountain,6,6,Flight,3-Star,Full Board,6,Shoulder,56,1765,300000
Jaisalmer,Heritage,4,6,Train,3-Star,Half Board,4,Shoulder,64,824,76992.95
Puri,Beach,7,5,Train,4-Star,Full Board,3,Shoulder,17,1830,226374.4
Manali,Mountain,3,4,Train,3-Star,Room Only,2,Peak,57,466,54066.38
Amritsar,Religious,7,7,Flight,4-Star,Breakfast,7,Shoulder,169,1443,300000
Darjeeling,Mountain,3,5,Bus,3-Star,Half Board,4,Off-Peak,13,1461,53704.66
Varanasi,Religious,2,6,Train,4-Star,Room Only,2,Peak,148,1093,56592.75
Indore,City,3,4,Bus,5-Star,Half Board,4,Peak,102,573,174775.49
Tirupati,Religious,3,13,Flight,3-Star,Half Board,4,Off-Peak,5,1936,164228.13
Delhi,City,2,11,Car,4-Star,Full Board,0,Peak,86,532,151512.72
Munnar,Nature,3,10,Flight,5-Star,Room Only,4,Peak,107,1206,300000
Lucknow,Heritage,2,3,Train,4-Star,Half Board,2,Peak,152,1309,40012.46
Darjeeling,Mountain,3,7,Flight,2-Star,Breakfast,3,Shoulder,85,1842,111952.46
Goa,Beach,3,4,Train,4-Star,Room Only,2,Peak,84,808,81562.34
Bhubaneswar,Religious,1,3,Flight,3-Star,Breakfast,3,Off-Peak,79,956,20921.85
Mahabaleshwar,Nature,5,6,Car,Budget,Full Board,0,Shoulder,153,154,71180.25
Khajuraho,Heritage,2,6,Train,2-Star,Half Board,2,Off-Peak,67,624,23792.43
Hampi,Heritage,4,4,Flight,Budget,Half Board,2,Off-Peak,179,1118,75524.25
Varanasi,Religious,2,7,Flight,2-Star,Breakfast,4,Peak,11,1930,85435.29
Bhubaneswar,Religious,7,9,Train,3-Star,Half Board,5,Peak,131,1024,274154.72
Diu,Beach,3,4,Flight,2-Star,Room Only,4,Shoulder,40,1452,72986.27
Hyderabad,City,6,8,Train,5-Star,Half Board,2,Peak,85,1091,300000
Guwahati,City,7,6,Flight,Budget,Half Board,3,Peak,170,1464,216074.19
Ranthambore,Wildlife,1,5,Train,Budget,Full Board,5,Peak,41,982,27722.48
Kodaikanal,Nature,4,2,Train,4-Star,Half Board,2,Off-Peak,99,2272,55287.08
Puri,Beach,2,4,Train,Budget,Full Board,0,Peak,170,863,25181.96
Puducherry,Beach,3,4,Train,3-Star,Breakfast,2,Peak,132,1309,63417.87
Haridwar,Religious,4,11,Flight,5-Star,Breakfast,2,Peak,89,906,300000
Aurangabad,Heritage,5,13,Flight,3-Star,Half Board,6,Peak,62,1687,300000
Guwahati,City,3,11,Train,4-Star,Breakfast,7,Shoulder,90,2437,197541.57
Darjeeling,Mountain,8,6,Flight,2-Star,Half Board,3,Peak,25,2222,300000
Haridwar,Religious,3,12,Car,Budget,Room Only,7,Shoulder,119,367,49237.49
Aurangabad,Heritage,6,6,Train,4-Star,Breakfast,7,Shoulder,152,365,194465.46
Manali,Mountain,3,7,Flight,2-Star,Room Only,5,Shoulder,65,1756,99166.98
Udaipur,Heritage,5,4,Train,3-Star,Full Board,2,Peak,105,1327,134808.01
Delhi,City,2,7,Flight,3-Star,Half Board,3,Off-Peak,177,1325,66465.06
Bhubaneswar,Religious,4,4,Flight,4-Star,Half Board,0,Peak,41,1696,150640.27
Rishikesh,Adventure,6,4,Flight,2-Star,Breakfast,0,Peak,60,1086,120553.52
Hyderabad,City,4,9,Train,4-Star,Half Board,6,Shoulder,94,1909,169199.89
Varanasi,Religious,7,5,Bus,5-Star,Room Only,5,Shoulder,119,979,300000
Varanasi,Religious,3,4,Bus,Budget,Breakfast,0,Off-Peak,82,1525,14405.04
Hyderabad,City,2,6,Flight,2-Star,Breakfast,1,Shoulder,107,775,37729.08
Darjeeling,Mountain,5,4,Flight,Budget,Half Board,3,Shoulder,167,845,114800.5
Ooty,Nature,6,5,Flight,3-Star,Breakfast,2,Shoulder,79,1927,158771.66
Srinagar,Nature,7,13,Train,2-Star,Full Board,3,Shoulder,69,1957,300000
Darjeeling,Mountain,3,7,Train,Budget,Full Board,2,Shoulder,103,759,60955.09
Gwalior,Heritage,3,15,Flight,4-Star,Half Board,8,Peak,36,1263,300000
Coorg,Nature,1,4,Flight,2-Star,Breakfast,1,Peak,148,1183,28552.21
Ahmedabad,City,6,11,Flight,3-Star,Full Board,6,Shoulder,144,1330,300000
Mysuru,Heritage,2,4,Bus,Budget,Half Board,4,Shoulder,76,526,19390.03
Lucknow,Heritage,2,9,Flight,4-Star,Breakfast,3,Peak,151,690,106240.22
Kochi,Beach,3,7,Flight,2-Star,Breakfast,0,Shoulder,39,2343,110793.79
Kochi,Beach,3,4,Flight,5-Star,Room Only,1,Peak,75,2342,195026.29
Diu,Beach,2,5,Flight,4-Star,Full Board,6,Shoulder,100,1568,98886.5
Hyderabad,City,8,7,Train,Budget,Room Only,7,Peak,141,1538,124182.91
Rishikesh,Adventure,5,11,Flight,3-Star,Full Board,8,Shoulder,99,615,263837.99
Puducherry,Beach,2,8,Car,3-Star,Breakfast,0,Off-Peak,41,564,35119.02
Mount Abu,Nature,8,15,Bus,3-Star,Half Board,5,Shoulder,153,677,300000
Surat,City,4,4,Train,4-Star,Full Board,3,Peak,29,867,126497.75
Amritsar,Religious,8,11,Flight,3-Star,Breakfast,8,Shoulder,16,1165,300000
Madurai,Religious,2,5,Bus,2-Star,Breakfast,1,Off-Peak,48,2378,16323.78
Madurai,Religious,4,9,Flight,3-Star,Breakfast,6,Shoulder,171,380,120720.29
Jaipur,Heritage,2,3,Train,4-Star,Full Board,0,Off-Peak,4,170,21922.78
Nagpur,City,4,6,Train,3-Star,Breakfast,1,Peak,151,627,78467.45
Varanasi,Religious,7,8,Train,2-Star,Room Only,5,Off-Peak,170,1912,103883.06
Leh,Adventure,5,5,Flight,4-Star,Half Board,1,Peak,54,2098,300000
Kolkata,City,2,5,Flight,3-Star,Half Board,1,Peak,14,600,49324.96
Surat,City,2,5,Flight,3-Star,Breakfast,5,Shoulder,52,282,37964.1
Shimla,Mountain,4,13,Train,2-Star,Full Board,0,Shoulder,80,636,139454.49
Haridwar,Religious,8,4,Bus,2-Star,Half Board,1,Peak,37,601,79714.9
Varanasi,Religious,3,7,Flight,2-Star,Room Only,6,Off-Peak,8,1342,74328.17
Dehradun,Nature,3,6,Car,Budget,Breakfast,4,Off-Peak,115,482,23659.44
Munnar,Nature,6,3,Train,2-Star,Breakfast,0,Off-Peak,55,2481,60676.5
Coorg,Nature,3,5,Train,3-Star,Room Only,3,Peak,122,2291,88368.03
Shimla,Mountain,2,4,Car,2-Star,Half Board,4,Shoulder,76,875,32240.89
Madurai,Religious,7,8,Flight,Budget,Half Board,9,Off-Peak,105,2533,262354.49
Amritsar,Religious,2,3,Train,4-Star,Breakfast,3,Peak,41,1072,41014.59
Dharamshala,Mountain,3,12,Flight,Budget,Breakfast,3,Peak,64,1446,92700.24
Jodhpur,Heritage,5,11,Train,Budget,Room Only,6,Off-Peak,41,780,62807.18
Kodaikanal,Nature,2,13,Train,Budget,Half Board,7,Shoulder,14,525,55542.24
Nashik,Religious,3,7,Flight,2-Star,Breakfast,5,Shoulder,121,224,69432.42
Ahmedabad,City,8,6,Car,2-Star,Breakfast,6,Peak,33,293,157377.0
Puri,Beach,1,6,Flight,4-Star,Breakfast,0,Off-Peak,171,1541,44178.76
Shimla,Mountain,6,4,Car,Budget,Room Only,4,Off-Peak,24,1665,68030.68
Nainital,Nature,7,5,Flight,2-Star,Full Board,3,Peak,152,1762,256699.2
Leh,Adventure,2,3,Train,4-Star,Breakfast,0,Shoulder,19,1128,33404.78
Goa,Beach,3,3,Train,4-Star,Half Board,3,Shoulder,153,878,73640.12
Amritsar,Religious,1,10,Train,2-Star,Half Board,10,Peak,16,1330,51223.92
Varanasi,Religious,3,9,Car,4-Star,Room Only,3,Peak,102,286,179142.45
Aurangabad,Heritage,4,4,Train,4-Star,Breakfast,0,Peak,148,705,89144.95
Srinagar,Nature,3,3,Flight,2-Star,Half Board,1,Off-Peak,33,1287,74973.6
Kolkata,City,2,7,Train,4-Star,Room Only,4,Peak,2,837,83461.94
Bhubaneswar,Religious,4,7,Flight,3-Star,Full Board,8,Shoulder,168,1049,169624.61
Bhubaneswar,Religious,5,5,Bus,4-Star,Room Only,4,Shoulder,90,359,109178.22
Bhubaneswar,Religious,1,3,Train,Budget,Half Board,2,Peak,117,1010,11507.69
Guwahati,City,7,4,Bus,5-Star,Half Board,4,Peak,7,1041,300000
Khajuraho,Heritage,2,4,Flight,3-Star,Breakfast,2,Shoulder,68,1369,47862.91
Dehradun,Nature,5,7,Flight,2-Star,Room Only,8,Off-Peak,129,1449,118558.59
Agra,Heritage,2,6,Train,5-Star,Room Only,7,Peak,172,235,139748.17
Goa,Beach,4,9,Flight,3-Star,Half Board,2,Peak,8,826,192931.6
Haridwar,Religious,2,5,Train,5-Star,Breakfast,6,Peak,100,515,129892.34
Darjeeling,Mountain,3,10,Bus,Budget,Breakfast,3,Off-Peak,53,1043,37736.62
Shillong,Nature,1,6,Train,5-Star,Breakfast,0,Off-Peak,141,2833,63879.39
Mysuru,Heritage,2,5,Flight,Budget,Full Board,3,Peak,95,2216,83885.43
Dehradun,Nature,4,7,Train,3-Star,Half Board,8,Off-Peak,152,700,77375.17
Rishikesh,Adventure,5,12,Flight,5-Star,Breakfast,4,Off-Peak,31,1456,300000
Madurai,Religious,2,6,Train,4-Star,Room Only,2,Shoulder,158,2316,46298.67
Hyderabad,City,4,5,Flight,3-Star,Half Board,3,Peak,143,1688,129937.82
Jaipur,Heritage,8,10,Train,5-Star,Half Board,2,Peak,75,917,300000
Hyderabad,City,2,4,Train,5-Star,Breakfast,1,Shoulder,62,1543,76855.1
Delhi,City,1,8,Train,4-Star,Breakfast,2,Off-Peak,153,624,42762.01
Shimla,Mountain,3,6,Flight,2-Star,Breakfast,3,Peak,114,923,77192.52
Gwalior,Heritage,2,2,Flight,3-Star,Full Board,1,Peak,145,1205,53017.56
Kolkata,City,1,6,Bus,3-Star,Half Board,0,Off-Peak,137,419,20137.26
Ahmedabad,City,2,5,Flight,4-Star,Room Only,5,Peak,177,785,67371.94
Mumbai,City,4,8,Flight,3-Star,Breakfast,7,Peak,95,1311,189888.11
Mahabaleshwar,Nature,4,5,Flight,4-Star,Full Board,2,Off-Peak,164,480,132584.51
Nashik,Religious,4,3,Train,Budget,Breakfast,0,Off-Peak,94,1272,20852.16
Hyderabad,City,2,5,Bus,4-Star,Half Board,0,Peak,163,893,48879.32
Nainital,Nature,4,3,Train,2-Star,Breakfast,1,Peak,73,1322,38651.45
Pune,City,3,5,Train,3-Star,Half Board,2,Off-Peak,38,331,49542.19
Khajuraho,Heritage,1,8,Train,3-Star,Full Board,7,Peak,63,740,64551.16
Mount Abu,Nature,4,6,Train,3-Star,Breakfast,1,Off-Peak,54,1580,55582.55
Port Blair,Beach,3,6,Flight,3-Star,Breakfast,7,Shoulder,92,2756,162922.51
Pachmarhi,Nature,2,7,Flight,Budget,Full Board,8,Off-Peak,34,1473,69989.18
Haridwar,Religious,3,7,Train,5-Star,Room Only,5,Off-Peak,111,914,187034.53
Jaipur,Heritage,2,11,Car,4-Star,Breakfast,6,Shoulder,5,203,93383.21
Aurangabad,Heritage,7,5,Train,Budget,Breakfast,1,Peak,136,949,61762.92
Mysuru,Heritage,4,13,Flight,2-Star,Breakfast,4,Peak,148,1924,161991.01
Mumbai,City,4,6,Train,4-Star,Room Only,1,Shoulder,41,635,98644.14
Kochi,Beach,2,4,Train,Budget,Full Board,4,Off-Peak,29,1457,27860.29
Port Blair,Beach,6,6,Flight,2-Star,Breakfast,5,Peak,120,2513,300000
Srinagar,Nature,2,10,Flight,2-Star,Half Board,5,Off-Peak,160,2240,90523.33
Hampi,Heritage,2,4,Flight,5-Star,Breakfast,2,Shoulder,152,1618,103099.8
Gangtok,Mountain,4,10,Flight,5-Star,Room Only,0,Shoulder,136,2567,300000
Jodhpur,Heritage,5,6,Train,2-Star,Full Board,3,Shoulder,171,518,88854.14
Delhi,City,1,5,Flight,2-Star,Half Board,0,Peak,125,829,28500.4
Kolkata,City,7,3,Flight,5-Star,Room Only,2,Peak,118,1311,300000
Rishikesh,Adventure,2,13,Train,5-Star,Half Board,7,Shoulder,162,1538,209268.52
Tirupati,Religious,6,7,Flight,2-Star,Full Board,3,Peak,77,1972,271564.49
Chennai,City,3,2,Train,2-Star,Room Only,1,Peak,30,866,25273.35
Darjeeling,Mountain,2,6,Train,3-Star,Full Board,6,Off-Peak,11,1150,53545.52
Delhi,City,5,7,Bus,3-Star,Half Board,1,Off-Peak,145,408,81584.6
Amritsar,Religious,6,8,Flight,5-Star,Full Board,0,Peak,19,1039,300000
Delhi,City,5,4,Car,2-Star,Full Board,3,Peak,118,526,112496.34
Srinagar,Nature,1,6,Flight,3-Star,Room Only,7,Shoulder,126,1136,38446.1
Udaipur,Heritage,6,4,Train,Budget,Room Only,0,Peak,113,637,24722.72
Kodaikanal,Nature,3,5,Flight,4-Star,Full Board,0,Off-Peak,168,1352,113267.72
Leh,Adventure,3,2,Bus,Budget,Breakfast,0,Peak,86,933,14295.66
Kodaikanal,Nature,3,7,Train,Budget,Room Only,4,Off-Peak,53,1729,30556.11
Mount Abu,Nature,5,8,Flight,Budget,Half Board,2,Shoulder,127,1232,122610.4
Visakhapatnam,Beach,4,4,Train,2-Star,Breakfast,4,Shoulder,19,1281,55030.49
Bhubaneswar,Religious,5,5,Flight,Budget,Half Board,2,Peak,154,1553,124075.93
Bengaluru,City,6,7,Flight,3-Star,Half Board,1,Peak,95,2106,283218.69
Hampi,Heritage,5,5,Train,5-Star,Half Board,1,Peak,127,1289,290609.46
Leh,Adventure,4,3,Flight,3-Star,Breakfast,1,Shoulder,177,2967,148371.53
Guwahati,City,8,2,Flight,4-Star,Full Board,2,Peak,79,1402,265303.3
Dharamshala,Mountain,5,2,Train,3-Star,Room Only,2,Peak,120,1363,56423.64
Pune,City,5,6,Car,3-Star,Breakfast,1,Shoulder,96,594,76671.43
Gangtok,Mountain,4,4,Flight,Budget,Half Board,4,Peak,29,1200,121322.17
Pachmarhi,Nature,3,6,Flight,5-Star,Half Board,2,Off-Peak,127,944,188263.32
Bengaluru,City,2,3,Flight,4-Star,Room Only,0,Peak,120,980,45236.65
Ranthambore,Wildlife,6,3,Train,2-Star,Half Board,2,Peak,87,784,68457.08
Diu,Beach,1,3,Flight,2-Star,Full Board,0,Off-Peak,168,1223,20240.43
Ooty,Nature,7,10,Flight,2-Star,Breakfast,7,Peak,136,1425,293133.4
Bengaluru,City,2,5,Flight,4-Star,Breakfast,2,Shoulder,141,758,54633.78
Shimla,Mountain,2,5,Car,Budget,Half Board,6,Peak,121,1444,44730.64
Mahabaleshwar,Nature,5,4,Bus,Budget,Breakfast,3,Peak,160,1240,47512.45
Ooty,Nature,4,7,Train,3-Star,Half Board,7,Peak,66,2352,139771.57
Jaipur,Heritage,5,3,Bus,5-Star,Full Board,2,Off-Peak,137,373,132699.2
Kolkata,City,3,5,Car,Budget,Half Board,4,Off-Peak,72,2072,52719.87
Dehradun,Nature,5,6,Car,3-Star,Breakfast,0,Shoulder,95,1251,87730.29
Puducherry,Beach,1,6,Flight,4-Star,Half Board,4,Shoulder,124,983,67345.81
Bhubaneswar,Religious,1,3,Train,4-Star,Half Board,0,Shoulder,148,1629,29158.25
Rishikesh,Adventure,5,6,Flight,3-Star,Half Board,2,Shoulder,162,950,146910.06
Surat,City,2,4,Bus,4-Star,Full Board,4,Peak,67,247,66615.78
Port Blair,Beach,3,9,Train,4-Star,Half Board,3,Off-Peak,178,2763,160927.05
Udaipur,Heritage,6,5,Bus,2-Star,Breakfast,1,Shoulder,26,306,51751.09
Varanasi,Religious,6,3,Flight,3-Star,Breakfast,0,Peak,86,1904,140888.52
Mahabaleshwar,Nature,3,4,Car,3-Star,Breakfast,1,Shoulder,12,407,40611.53
Bhopal,Heritage,5,7,Train,3-Star,Room Only,5,Off-Peak,64,949,98771.51
Ranthambore,Wildlife,4,7,Flight,4-Star,Full Board,5,Peak,140,1349,271238.84
Tirupati,Religious,2,8,Car,3-Star,Half Board,0,Peak,65,1030,67207.62
Indore,City,2,5,Car,2-Star,Full Board,5,Off-Peak,137,1057,33390.38
Surat,City,3,9,Train,2-Star,Full Board,6,Peak,58,365,135742.28
Bhopal,Heritage,2,6,Flight,Budget,Breakfast,6,Peak,58,640,40241.75
Shimla,Mountain,8,5,Car,2-Star,Full Board,1,Off-Peak,132,443,87489.83
Visakhapatnam,Beach,4,6,Bus,3-Star,Breakfast,1,Off-Peak,77,316,42058.54
Jaisalmer,Heritage,2,9,Flight,2-Star,Half Board,7,Peak,41,1625,90846.73
Jaipur,Heritage,3,5,Flight,5-Star,Breakfast,5,Peak,175,860,261398.05
Kolkata,City,4,6,Flight,3-Star,Full Board,2,Off-Peak,114,1310,118545.24
Indore,City,6,5,Flight,4-Star,Half Board,6,Peak,151,1172,278596.03
Pachmarhi,Nature,3,7,Flight,3-Star,Breakfast,2,Shoulder,47,1529,94211.49
Nainital,Nature,1,6,Train,Budget,Breakfast,0,Peak,46,392,9894.19
Coorg,Nature,3,3,Train,2-Star,Breakfast,3,Off-Peak,117,610,23473.65
Hyderabad,City,4,5,Car,3-Star,Full Board,3,Off-Peak,98,288,75708.47
Mount Abu,Nature,6,6,Train,4-Star,Breakfast,4,Off-Peak,44,1468,126934.63
Diu,Beach,2,5,Bus,4-Star,Breakfast,2,Shoulder,50,789,37353.04
Shimla,Mountain,8,6,Flight,3-Star,Room Only,7,Off-Peak,158,1212,200789.77
Munnar,Nature,2,7,Bus,5-Star,Full Board,8,Peak,153,969,168927.19
Udaipur,Heritage,5,4,Flight,4-Star,Room Only,3,Shoulder,16,569,135740.96
Diu,Beach,6,4,Train,2-Star,Full Board,2,Peak,40,1494,116816.71
Aurangabad,Heritage,1,4,Train,3-Star,Breakfast,3,Peak,172,1503,26482.06
Ooty,Nature,3,14,Flight,Budget,Room Only,0,Shoulder,46,1938,72434.94
Visakhapatnam,Beach,4,13,Flight,Budget,Full Board,8,Off-Peak,50,1334,184933.31
Lucknow,Heritage,4,12,Flight,4-Star,Breakfast,8,Off-Peak,18,646,180301.75
Bhopal,Heritage,6,8,Train,Budget,Breakfast,5,Shoulder,23,1008,84926.32
Varanasi,Religious,1,5,Train,Budget,Breakfast,0,Shoulder,76,886,9664.5
Tirupati,Religious,3,5,Car,2-Star,Breakfast,0,Off-Peak,43,781,30062.36
Leh,Adventure,5,4,Flight,4-Star,Breakfast,3,Peak,106,2153,257767.06
Khajuraho,Heritage,8,4,Flight,4-Star,Room Only,1,Peak,65,1512,289873.73
Hyderabad,City,6,6,Flight,3-Star,Breakfast,1,Peak,140,1071,180536.4
Leh,Adventure,2,4,Train,3-Star,Room Only,1,Peak,52,2233,44684.0
Puri,Beach,7,2,Train,4-Star,Full Board,1,Peak,82,1280,150381.4
Mount Abu,Nature,8,8,Bus,3-Star,Half Board,0,Off-Peak,110,586,129946.97
Hyderabad,City,3,7,Flight,5-Star,Breakfast,5,Shoulder,142,1732,266139.7
Madurai,Religious,5,3,Car,5-Star,Full Board,1,Peak,174,374,192949.05
Hyderabad,City,4,4,Train,3-Star,Full Board,3,Shoulder,76,1258,76350.15
Kochi,Beach,4,10,Flight,2-Star,Half Board,9,Shoulder,68,1783,181016.38
Rishikesh,Adventure,7,4,Flight,4-Star,Room Only,3,Shoulder,177,1269,216449.28
Nagpur,City,5,4,Train,4-Star,Full Board,2,Off-Peak,134,368,89720.27
Mysuru,Heritage,3,6,Flight,5-Star,Room Only,5,Shoulder,91,1428,256417.65
Puducherry,Beach,6,3,Flight,4-Star,Full Board,2,Shoulder,67,1050,165765.84
Hampi,Heritage,6,7,Train,3-Star,Room Only,5,Off-Peak,140,1077,108619.33
Gangtok,Mountain,3,8,Flight,Budget,Breakfast,5,Peak,35,2686,144588.85
Puri,Beach,2,5,Flight,5-Star,Full Board,0,Peak,60,1244,146553.56
Visakhapatnam,Beach,2,5,Train,3-Star,Room Only,2,Peak,167,608,34103.55
Visakhapatnam,Beach,7,3,Flight,2-Star,Full Board,2,Peak,113,634,174385.17
Leh,Adventure,7,3,Flight,4-Star,Half Board,0,Shoulder,51,1802,264722.33
Mysuru,Heritage,3,8,Car,2-Star,Breakfast,8,Peak,76,2487,116780.89
Pune,City,1,13,Flight,4-Star,Half Board,0,Shoulder,172,1340,101052.93
Ranthambore,Wildlife,6,5,Train,3-Star,Half Board,3,Shoulder,163,492,96683.17
Bhubaneswar,Religious,7,8,Train,4-Star,Full Board,8,Shoulder,74,1218,300000
Port Blair,Beach,4,11,Flight,3-Star,Room Only,2,Off-Peak,165,2676,224997.33
Haridwar,Religious,4,5,Flight,2-Star,Half Board,3,Peak,132,1209,118152.61
Kolkata,City,3,6,Train,3-Star,Full Board,7,Peak,109,983,136469.26
Jaisalmer,Heritage,5,3,Train,4-Star,Breakfast,1,Peak,16,1297,93478.02
Nashik,Religious,5,13,Train,2-Star,Breakfast,9,Shoulder,180,828,156725.27
Pachmarhi,Nature,7,5,Car,4-Star,Full Board,5,Shoulder,78,731,225621.84
Munnar,Nature,1,12,Train,Budget,Breakfast,5,Shoulder,98,859,20218.37
Ooty,Nature,2,7,Train,3-Star,Half Board,8,Shoulder,143,985,59489.49
Khajuraho,Heritage,2,3,Flight,3-Star,Full Board,1,Peak,140,1290,61117.87
Hampi,Heritage,2,10,Bus,4-Star,Breakfast,7,Off-Peak,98,1161,67579.17
Mumbai,City,2,4,Flight,5-Star,Room Only,2,Off-Peak,61,457,57756.73
Indore,City,7,15,Train,Budget,Breakfast,6,Peak,128,995,180828.42
Diu,Beach,4,5,Train,Budget,Full Board,6,Peak,168,1271,92223.92
Ranthambore,Wildlife,5,5,Flight,4-Star,Half Board,6,Peak,11,696,228968.75
Indore,City,3,6,Train,3-Star,Breakfast,1,Off-Peak,154,834,45893.27
Mount Abu,Nature,5,4,Flight,Budget,Breakfast,4,Shoulder,58,665,99392.69
Ahmedabad,City,2,6,Train,3-Star,Half Board,0,Off-Peak,151,866,30772.18
Aurangabad,Heritage,3,7,Car,3-Star,Full Board,8,Off-Peak,119,908,104517.19
Khajuraho,Heritage,3,12,Train,5-Star,Half Board,2,Shoulder,155,432,300000
Nagpur,City,4,9,Train,2-Star,Breakfast,6,Off-Peak,45,943,60021.18
Chennai,City,1,5,Flight,5-Star,Breakfast,2,Off-Peak,24,716,64158.37
Puducherry,Beach,1,11,Train,2-Star,Half Board,7,Shoulder,12,895,39165.96
Port Blair,Beach,1,3,Flight,3-Star,Breakfast,1,Peak,116,2989,55372.86
Dharamshala,Mountain,4,6,Train,2-Star,Half Board,2,Off-Peak,177,1067,49950.39
Nashik,Religious,7,5,Flight,5-Star,Room Only,0,Shoulder,96,1302,300000
Darjeeling,Mountain,7,6,Train,Budget,Half Board,2,Peak,59,1494,115586.85
Gangtok,Mountain,4,4,Car,4-Star,Full Board,4,Shoulder,32,1253,105374.99
Varanasi,Religious,5,6,Bus,5-Star,Half Board,1,Off-Peak,74,297,246721.93
Kochi,Beach,2,6,Flight,3-Star,Full Board,1,Off-Peak,159,2410,77428.78
Jaisalmer,Heritage,1,7,Bus,3-Star,Full Board,6,Peak,138,1691,57811.59
Puducherry,Beach,3,6,Bus,3-Star,Breakfast,0,Peak,48,345,69332.4
Munnar,Nature,3,3,Train,3-Star,Breakfast,3,Off-Peak,150,1699,37603.9
Jodhpur,Heritage,3,6,Bus,Budget,Half Board,5,Shoulder,155,551,43314.2
Jaipur,Heritage,7,5,Train,3-Star,Full Board,2,Peak,149,828,200655.6
Madurai,Religious,7,4,Car,4-Star,Breakfast,0,Shoulder,99,582,114306.03
Nagpur,City,2,5,Train,2-Star,Room Only,4,Off-Peak,163,478,16321.85
Chennai,City,1,5,Flight,5-Star,Half Board,4,Off-Peak,25,2126,88180.84
Puri,Beach,4,5,Car,3-Star,Full Board,6,Off-Peak,72,478,66780.66
Visakhapatnam,Beach,1,5,Train,4-Star,Half Board,1,Off-Peak,178,2121,30517.72
Pachmarhi,Nature,1,3,Train,4-Star,Full Board,0,Shoulder,117,1062,29331.91
Visakhapatnam,Beach,6,9,Flight,2-Star,Room Only,0,Shoulder,101,1774,158395.7
Pune,City,7,6,Train,5-Star,Breakfast,7,Peak,100,835,300000
Goa,Beach,3,7,Flight,3-Star,Breakfast,3,Peak,28,1512,158933.97
Puri,Beach,4,6,Flight,3-Star,Half Board,1,Off-Peak,124,2167,151532.28
Puri,Beach,2,4,Car,2-Star,Full Board,2,Off-Peak,85,550,20433.2
Gwalior,Heritage,5,5,Train,3-Star,Room Only,2,Peak,34,1142,97540.43
Delhi,City,6,5,Train,3-Star,Breakfast,6,Shoulder,3,523,118448.84
Coorg,Nature,3,8,Flight,2-Star,Breakfast,2,Peak,45,2339,127245.26
Jaisalmer,Heritage,3,8,Car,3-Star,Breakfast,0,Shoulder,93,777,64153.53
Gwalior,Heritage,2,3,Train,3-Star,Breakfast,2,Shoulder,156,431,19941.08
Amritsar,Religious,2,9,Bus,3-Star,Room Only,4,Peak,16,1995,62514.26
Chennai,City,3,4,Flight,3-Star,Half Board,1,Peak,121,1393,96814.55
Mount Abu,Nature,4,5,Train,4-Star,Breakfast,3,Peak,171,954,105641.33
Pachmarhi,Nature,5,4,Train,4-Star,Full Board,2,Peak,135,751,174102.64
Hyderabad,City,6,2,Train,2-Star,Room Only,1,Shoulder,161,1155,35761.37
Guwahati,City,8,7,Train,4-Star,Room Only,4,Peak,165,555,285436.97
Mumbai,City,4,6,Train,5-Star,Half Board,0,Shoulder,148,228,179034.19
Rishikesh,Adventure,3,5,Train,3-Star,Room Only,2,Off-Peak,42,1559,42151.97
Mysuru,Heritage,7,4,Bus,Budget,Full Board,3,Off-Peak,71,1024,74767.48
Jodhpur,Heritage,4,4,Flight,5-Star,Breakfast,3,Peak,150,1067,211115.68
Lucknow,Heritage,7,8,Train,3-Star,Room Only,5,Shoulder,112,1269,151228.42
Gangtok,Mountain,3,3,Train,4-Star,Full Board,3,Shoulder,166,1611,83557.5
Surat,City,4,4,Train,3-Star,Half Board,1,Peak,103,942,77961.77
Goa,Beach,2,3,Train,3-Star,Breakfast,3,Peak,71,409,34350.39
Aurangabad,Heritage,5,4,Train,3-Star,Half Board,3,Peak,43,1371,102530.82
Coorg,Nature,7,6,Flight,3-Star,Breakfast,0,Shoulder,147,2410,268122.43
Khajuraho,Heritage,2,12,Bus,2-Star,Full Board,7,Peak,67,658,85687.3
Visakhapatnam,Beach,2,9,Train,4-Star,Breakfast,7,Peak,54,622,119301.75
Aurangabad,Heritage,4,10,Flight,Budget,Room Only,10,Shoulder,179,796,85033.23
Puducherry,Beach,4,7,Flight,3-Star,Breakfast,3,Off-Peak,176,611,94131.52
Ooty,Nature,7,2,Train,2-Star,Breakfast,1,Off-Peak,152,400,27664.02
Jaisalmer,Heritage,3,9,Bus,3-Star,Half Board,9,Shoulder,161,767,118446.73
Kochi,Beach,2,9,Train,2-Star,Half Board,4,Off-Peak,86,1007,29743.37
Jaisalmer,Heritage,1,11,Car,2-Star,Half Board,1,Peak,127,903,40873.06
Nashik,Religious,6,15,Bus,Budget,Full Board,4,Peak,149,373,300000
Agra,Heritage,6,2,Flight,4-Star,Half Board,1,Off-Peak,30,590,104213.3
Jodhpur,Heritage,4,8,Flight,Budget,Breakfast,3,Peak,17,1425,130254.52
Kolkata,City,8,3,Bus,3-Star,Breakfast,2,Shoulder,11,551,69026.25
Ahmedabad,City,4,10,Car,5-Star,Room Only,6,Peak,78,1161,300000
Lucknow,Heritage,1,13,Car,Budget,Room Only,9,Peak,141,1366,32233.36
Mysuru,Heritage,4,7,Flight,3-Star,Half Board,5,Shoulder,48,1756,171451.2
Shimla,Mountain,2,8,Car,2-Star,Breakfast,8,Peak,107,1148,53755.74
Pune,City,5,4,Flight,5-Star,Full Board,3,Off-Peak,15,1227,247919.82
Rishikesh,Adventure,4,9,Car,Budget,Breakfast,8,Peak,113,524,89216.53
Hyderabad,City,8,5,Flight,4-Star,Half Board,0,Peak,55,1891,300000
Tirupati,Religious,5,4,Flight,Budget,Half Board,3,Peak,15,1432,144955.31
Delhi,City,4,3,Flight,2-Star,Half Board,1,Peak,146,1240,88350.59
Srinagar,Nature,3,8,Flight,3-Star,Breakfast,2,Shoulder,98,2333,141755.93
Puducherry,Beach,4,7,Flight,5-Star,Full Board,7,Peak,31,2527,300000
Bengaluru,City,4,7,Train,3-Star,Half Board,7,Shoulder,91,1204,108612.88
Darjeeling,Mountain,3,3,Train,3-Star,Room Only,2,Off-Peak,75,681,27236.34
Delhi,City,3,5,Car,2-Star,Breakfast,2,Shoulder,180,987,41619.7
Shillong,Nature,7,5,Flight,4-Star,Breakfast,1,Off-Peak,60,1799,237002.86
Mount Abu,Nature,5,11,Train,3-Star,Breakfast,5,Peak,115,659,239867.43
Manali,Mountain,7,8,Flight,4-Star,Breakfast,8,Shoulder,53,1795,300000
Port Blair,Beach,2,4,Train,3-Star,Half Board,1,Peak,23,2288,52958.17
Nainital,Nature,5,5,Bus,5-Star,Room Only,3,Peak,137,205,288131.59
Pachmarhi,Nature,2,7,Train,2-Star,Breakfast,4,Peak,110,820,36383.69
Bhopal,Heritage,5,4,Train,4-Star,Breakfast,1,Off-Peak,166,1081,83593.76
Diu,Beach,2,3,Flight,5-Star,Breakfast,1,Peak,166,1767,111802.92
Shillong,Nature,1,10,Train,3-Star,Room Only,0,Peak,58,2745,43963.47
Madurai,Religious,2,4,Flight,4-Star,Half Board,0,Off-Peak,151,1192,47828.94
Shillong,Nature,2,5,Train,3-Star,Half Board,0,Peak,92,2312,47961.7
Leh,Adventure,2,5,Flight,Budget,Half Board,5,Peak,125,2737,94196.84
Dehradun,Nature,5,2,Train,2-Star,Full Board,1,Off-Peak,14,1019,38818.03
Agra,Heritage,3,5,Train,4-Star,Half Board,5,Shoulder,44,520,87941.36
Delhi,City,3,5,Train,5-Star,Room Only,0,Peak,19,305,174511.49
Surat,City,7,4,Bus,4-Star,Full Board,3,Off-Peak,169,1176,125756.56
Udaipur,Heritage,5,3,Bus,2-Star,Room Only,1,Off-Peak,102,400,21145.18
Darjeeling,Mountain,2,6,Bus,3-Star,Breakfast,4,Shoulder,92,2356,41952.68
Indore,City,1,2,Train,2-Star,Half Board,1,Peak,91,1280,11568.95
Kolkata,City,2,4,Car,3-Star,Half Board,2,Off-Peak,84,1156,26447.65
Bhopal,Heritage,6,4,Train,3-Star,Full Board,4,Peak,141,1211,170600.93
Jaisalmer,Heritage,4,6,Train,5-Star,Room Only,2,Peak,155,1410,237035.01
Shillong,Nature,2,12,Flight,3-Star,Breakfast,7,Off-Peak,6,2115,90979.54
Munnar,Nature,3,6,Flight,2-Star,Room Only,6,Peak,37,1251,89943.49
Mount Abu,Nature,1,2,Train,Budget,Full Board,2,Peak,31,484,9602.84
Chennai,City,1,11,Bus,3-Star,Breakfast,7,Off-Peak,110,1949,40095.06
Pune,City,4,4,Bus,4-Star,Breakfast,0,Peak,128,108,69432.23
Coorg,Nature,8,11,Bus,3-Star,Full Board,3,Peak,26,2110,300000
Shimla,Mountain,1,3,Flight,2-Star,Breakfast,0,Peak,165,775,17799.11
Indore,City,5,9,Flight,Budget,Full Board,8,Peak,155,1277,253920.45
Goa,Beach,2,7,Flight,5-Star,Room Only,2,Peak,116,1630,205245.01
Diu,Beach,2,4,Train,4-Star,Breakfast,3,Peak,75,602,50104.86
Lucknow,Heritage,6,9,Flight,5-Star,Half Board,2,Peak,53,1425,300000
Varanasi,Religious,4,5,Flight,3-Star,Half Board,6,Peak,14,1273,174000.55
Indore,City,1,8,Flight,5-Star,Room Only,1,Peak,157,981,178534.12
Kolkata,City,8,8,Train,4-Star,Room Only,9,Shoulder,89,1074,300000
Nagpur,City,2,7,Train,3-Star,Room Only,6,Peak,19,899,50585.95
Shillong,Nature,3,4,Flight,Budget,Full Board,1,Peak,177,2769,105019.0
Darjeeling,Mountain,3,3,Flight,3-Star,Full Board,3,Peak,27,1924,130396.49
Mount Abu,Nature,2,5,Car,3-Star,Room Only,3,Peak,69,756,36270.62
Visakhapatnam,Beach,5,7,Flight,3-Star,Full Board,0,Peak,42,1472,271129.79
Pune,City,3,4,Train,Budget,Breakfast,3,Peak,127,211,30224.34
Lucknow,Heritage,5,4,Flight,3-Star,Breakfast,1,Shoulder,27,468,85149.07
Nainital,Nature,2,8,Flight,3-Star,Room Only,6,Shoulder,33,725,51140.28
Hampi,Heritage,5,4,Flight,3-Star,Breakfast,3,Shoulder,85,1458,121500.95
Indore,City,3,4,Bus,4-Star,Full Board,2,Shoulder,68,960,83980.26
Shimla,Mountain,3,5,Car,2-Star,Half Board,6,Shoulder,66,1305,62193.01
Kolkata,City,2,3,Flight,5-Star,Room Only,0,Shoulder,153,1923,77804.99
Nashik,Religious,8,9,Train,4-Star,Breakfast,10,Off-Peak,169,1488,280906.28
Ranthambore,Wildlife,2,6,Car,5-Star,Breakfast,2,Shoulder,87,399,93873.2
Guwahati,City,1,6,Bus,2-Star,Full Board,2,Off-Peak,64,1071,17779.1
Mumbai,City,2,4,Flight,5-Star,Full Board,2,Shoulder,177,1242,93110.93
Bhopal,Heritage,4,5,Flight,Budget,Half Board,5,Shoulder,152,938,88969.26
Ahmedabad,City,5,10,Train,4-Star,Room Only,5,Peak,27,1110,300000
Varanasi,Religious,2,4,Car,4-Star,Breakfast,1,Off-Peak,111,578,32510.57
Manali,Mountain,8,5,Flight,4-Star,Breakfast,6,Off-Peak,2,818,295846.41
Puri,Beach,2,5,Train,4-Star,Full Board,4,Peak,14,986,78596.08
Nagpur,City,5,8,Flight,2-Star,Breakfast,8,Off-Peak,108,876,132901.14
Ahmedabad,City,6,2,Car,5-Star,Half Board,2,Peak,156,837,175549.9
Varanasi,Religious,4,8,Car,4-Star,Full Board,8,Peak,17,234,287433.38
Khajuraho,Heritage,5,6,Flight,3-Star,Full Board,2,Shoulder,33,672,165033.9
Gwalior,Heritage,2,8,Train,5-Star,Breakfast,9,Off-Peak,95,1125,102195.1
Kolkata,City,2,3,Train,2-Star,Breakfast,1,Shoulder,111,921,16147.51
Agra,Heritage,7,7,Train,4-Star,Room Only,1,Peak,88,1370,283915.72
Goa,Beach,4,6,Car,5-Star,Breakfast,2,Peak,28,2067,300000
Nashik,Religious,2,7,Flight,4-Star,Breakfast,2,Peak,41,1413,101085.44
Rishikesh,Adventure,4,5,Train,Budget,Half Board,2,Peak,175,1189,57756.42
Chennai,City,5,8,Flight,Budget,Room Only,1,Shoulder,159,1841,114350.46
Bhopal,Heritage,8,6,Flight,2-Star,Half Board,6,Peak,144,1164,241468.09
Bhopal,Heritage,8,13,Car,Budget,Full Board,3,Shoulder,145,341,235428.58
Bengaluru,City,4,8,Bus,3-Star,Breakfast,1,Peak,178,497,94390.65
Nashik,Religious,2,2,Flight,5-Star,Half Board,0,Off-Peak,120,1570,61711.35
Port Blair,Beach,8,6,Train,5-Star,Half Board,1,Shoulder,15,2215,300000
Gwalior,Heritage,7,9,Flight,3-Star,Full Board,5,Peak,28,1163,300000
Ooty,Nature,6,11,Bus,2-Star,Half Board,10,Peak,124,689,244065.85
Visakhapatnam,Beach,3,8,Train,5-Star,Room Only,3,Off-Peak,130,304,205173.71
Bengaluru,City,1,12,Flight,2-Star,Room Only,2,Peak,143,1971,40622.59
Diu,Beach,5,7,Flight,5-Star,Half Board,1,Peak,96,1372,300000
Bengaluru,City,5,8,Train,4-Star,Breakfast,3,Shoulder,73,1143,188875.42
Ooty,Nature,3,4,Train,2-Star,Breakfast,3,Shoulder,12,422,28051.43
Shimla,Mountain,3,5,Train,Budget,Half Board,3,Shoulder,81,1011,45043.25
Chennai,City,3,9,Flight,5-Star,Breakfast,2,Shoulder,128,1213,300000
Chennai,City,4,8,Car,3-Star,Breakfast,0,Off-Peak,153,1624,79146.01
Chennai,City,2,4,Flight,4-Star,Half Board,0,Shoulder,177,388,50452.35
Munnar,Nature,1,4,Flight,2-Star,Half Board,1,Shoulder,107,1570,30323.65
Jodhpur,Heritage,5,4,Train,4-Star,Room Only,2,Peak,6,812,127626.41
Kodaikanal,Nature,4,5,Train,2-Star,Breakfast,2,Peak,54,1493,67616.6
Pune,City,5,8,Flight,4-Star,Room Only,8,Peak,119,1357,300000
Munnar,Nature,2,4,Car,Budget,Breakfast,3,Peak,112,1133,24390.55
Diu,Beach,5,11,Flight,Budget,Half Board,2,Peak,97,745,154972.84
Goa,Beach,5,3,Flight,Budget,Full Board,1,Off-Peak,6,967,112943.88
Surat,City,4,2,Car,2-Star,Half Board,2,Peak,51,673,40176.25
Shimla,Mountain,2,8,Flight,2-Star,Breakfast,2,Shoulder,163,1255,50145.98
Surat,City,4,10,Train,4-Star,Room Only,10,Off-Peak,137,429,137341.77
Leh,Adventure,3,4,Flight,2-Star,Room Only,1,Peak,68,2764,132556.58
Pune,City,3,5,Flight,5-Star,Breakfast,4,Off-Peak,169,1139,176508.82
Goa,Beach,4,8,Flight,4-Star,Room Only,5,Off-Peak,85,2102,214025.15
Ooty,Nature,4,9,Bus,2-Star,Half Board,1,Off-Peak,72,1735,68676.98
Jaipur,Heritage,2,6,Car,3-Star,Breakfast,4,Peak,127,793,43580.6
Ooty,Nature,8,13,Car,2-Star,Half Board,1,Peak,29,2200,300000
Jaipur,Heritage,7,7,Train,Budget,Full Board,0,Peak,19,277,153627.19
Guwahati,City,3,4,Flight,2-Star,Full Board,3,Off-Peak,3,686,73749.94
Dehradun,Nature,5,14,Flight,3-Star,Breakfast,10,Off-Peak,158,1610,244074.68
Ahmedabad,City,6,8,Car,5-Star,Half Board,0,Shoulder,132,927,300000
Varanasi,Religious,5,8,Train,5-Star,Half Board,4,Off-Peak,69,842,300000
Hampi,Heritage,4,10,Car,4-Star,Breakfast,9,Shoulder,137,567,201050.58
Ranthambore,Wildlife,8,2,Train,5-Star,Full Board,2,Peak,133,723,190361.09
Indore,City,3,5,Car,4-Star,Full Board,6,Shoulder,96,866,98559.53
Diu,Beach,3,4,Flight,Budget,Breakfast,3,Off-Peak,144,1522,56542.07
Manali,Mountain,6,4,Flight,Budget,Breakfast,4,Shoulder,24,1792,194462.47
Indore,City,2,7,Train,4-Star,Full Board,7,Shoulder,134,586,87341.91
Surat,City,3,7,Car,5-Star,Breakfast,1,Off-Peak,18,1227,200801.08
Manali,Mountain,3,8,Flight,2-Star,Breakfast,4,Off-Peak,114,604,72699.65
Kochi,Beach,8,5,Flight,5-Star,Breakfast,0,Peak,175,953,300000
Nainital,Nature,4,5,Bus,Budget,Half Board,5,Peak,57,1228,67740.49
Coorg,Nature,2,4,Car,2-Star,Full Board,3,Peak,174,515,44586.21
Coorg,Nature,3,2,Train,5-Star,Breakfast,1,Off-Peak,175,722,62479.85
Khajuraho,Heritage,1,6,Flight,3-Star,Full Board,7,Off-Peak,93,1763,44423.23
Varanasi,Religious,4,7,Car,3-Star,Breakfast,1,Shoulder,104,230,65283.32
Hyderabad,City,8,8,Train,2-Star,Breakfast,7,Off-Peak,172,902,108464.43
Jodhpur,Heritage,4,11,Flight,4-Star,Full Board,8,Peak,175,1383,300000
Amritsar,Religious,1,6,Train,3-Star,Half Board,3,Off-Peak,45,1111,24922.37
Jodhpur,Heritage,8,7,Train,2-Star,Full Board,7,Off-Peak,78,1203,185780.27
Hampi,Heritage,3,4,Flight,3-Star,Breakfast,3,Shoulder,108,2221,95634.86
Jodhpur,Heritage,5,4,Flight,2-Star,Breakfast,3,Peak,144,1223,119243.66
Pachmarhi,Nature,3,5,Flight,5-Star,Breakfast,2,Shoulder,28,1258,184174.92
Tirupati,Religious,4,7,Flight,Budget,Breakfast,8,Off-Peak,6,2051,149042.82
Dehradun,Nature,2,7,Train,Budget,Half Board,2,Peak,56,725,31803.21
Mumbai,City,3,3,Flight,3-Star,Breakfast,1,Peak,163,1882,97920.27
Agra,Heritage,1,7,Train,3-Star,Breakfast,3,Peak,21,991,36505.53
Bhopal,Heritage,7,5,Car,Budget,Breakfast,3,Peak,23,1226,110471.95
Ahmedabad,City,4,4,Train,5-Star,Half Board,0,Peak,8,533,201105.18
Kolkata,City,2,6,Flight,5-Star,Half Board,2,Peak,125,646,157578.25
Haridwar,Religious,2,10,Bus,Budget,Half Board,10,Shoulder,150,692,45065.09
Pachmarhi,Nature,3,6,Bus,Budget,Half Board,2,Peak,159,801,46707.95
Ranthambore,Wildlife,4,6,Bus,3-Star,Half Board,0,Peak,50,492,91370.66
Lucknow,Heritage,3,6,Car,2-Star,Room Only,4,Shoulder,25,1630,52093.39
Gangtok,Mountain,2,5,Flight,4-Star,Full Board,3,Peak,40,1849,110524.91
Shimla,Mountain,5,14,Train,Budget,Room Only,5,Shoulder,62,1197,90512.89
Puri,Beach,2,3,Train,2-Star,Room Only,3,Shoulder,130,1188,19187.44
Ooty,Nature,4,12,Train,2-Star,Half Board,8,Off-Peak,119,480,105680.45
Amritsar,Religious,5,7,Car,4-Star,Half Board,5,Off-Peak,39,587,137762.56
Shimla,Mountain,3,14,Train,4-Star,Breakfast,5,Peak,29,402,273300.89
Gwalior,Heritage,3,3,Flight,4-Star,Room Only,2,Peak,106,722,94807.75
Mount Abu,Nature,2,4,Train,2-Star,Breakfast,4,Off-Peak,95,1401,20574.73
Nagpur,City,3,4,Car,4-Star,Breakfast,3,Off-Peak,152,522,62244.08
Indore,City,8,13,Bus,5-Star,Breakfast,5,Peak,159,218,300000
Puducherry,Beach,2,10,Bus,4-Star,Room Only,3,Off-Peak,42,270,48830.61
Pachmarhi,Nature,2,5,Flight,Budget,Room Only,0,Peak,79,409,22281.86
Port Blair,Beach,2,9,Train,3-Star,Room Only,10,Off-Peak,107,2378,55074.33
Jaipur,Heritage,3,7,Car,2-Star,Room Only,0,Shoulder,62,659,27897.85
Kochi,Beach,1,4,Car,3-Star,Room Only,3,Peak,35,1540,30047.53
Mahabaleshwar,Nature,4,4,Train,2-Star,Full Board,1,Off-Peak,173,1579,45246.8
Visakhapatnam,Beach,1,5,Car,3-Star,Breakfast,1,Shoulder,161,421,18987.81
Pune,City,2,6,Bus,3-Star,Room Only,4,Peak,40,343,35644.41
Jaipur,Heritage,5,4,Train,5-Star,Full Board,4,Off-Peak,116,923,175508.56
Gangtok,Mountain,1,4,Flight,3-Star,Breakfast,1,Shoulder,119,1385,34652.23
Mysuru,Heritage,1,2,Train,3-Star,Breakfast,2,Off-Peak,92,527,9953.55
Dharamshala,Mountain,5,4,Train,5-Star,Half Board,3,Shoulder,59,2133,231088.54
Varanasi,Religious,3,6,Bus,4-Star,Full Board,2,Off-Peak,10,791,107267.36
Ahmedabad,City,3,2,Train,2-Star,Breakfast,2,Off-Peak,109,1301,24156.73
Diu,Beach,3,10,Flight,2-Star,Full Board,8,Shoulder,19,1417,161948.99
Mahabaleshwar,Nature,5,4,Flight,4-Star,Breakfast,2,Shoulder,85,628,155132.3
Kochi,Beach,3,5,Train,2-Star,Half Board,4,Peak,37,1860,63339.18
Srinagar,Nature,7,7,Flight,3-Star,Half Board,5,Peak,163,1467,300000
Varanasi,Religious,3,12,Flight,3-Star,Breakfast,8,Off-Peak,146,708,112762.93
Manali,Mountain,2,5,Flight,5-Star,Breakfast,6,Peak,63,494,159892.75
Amritsar,Religious,3,5,Car,2-Star,Breakfast,5,Peak,28,567,56426.73
Ahmedabad,City,2,5,Flight,5-Star,Breakfast,2,Peak,43,1401,138590.26
Puducherry,Beach,4,5,Flight,2-Star,Breakfast,3,Peak,117,1984,100269.77
Srinagar,Nature,2,8,Flight,3-Star,Breakfast,3,Shoulder,159,1100,65476.92
Pachmarhi,Nature,6,13,Flight,3-Star,Breakfast,4,Off-Peak,57,1058,219050.37
Delhi,City,1,4,Train,3-Star,Full Board,1,Peak,54,406,31034.67
Nainital,Nature,2,9,Bus,2-Star,Room Only,3,Off-Peak,66,1787,18956.41
Nagpur,City,3,7,Train,3-Star,Half Board,4,Peak,156,922,94068.19
Udaipur,Heritage,4,7,Flight,5-Star,Half Board,2,Shoulder,14,1373,300000
Nagpur,City,2,4,Flight,3-Star,Half Board,1,Off-Peak,44,752,45095.95
Surat,City,2,6,Flight,2-Star,Half Board,1,Shoulder,67,1291,51613.24
Haridwar,Religious,3,5,Flight,2-Star,Full Board,4,Peak,86,1309,97951.82
Bengaluru,City,8,4,Flight,3-Star,Breakfast,0,Peak,82,2466,246854.84
Indore,City,6,5,Flight,3-Star,Breakfast,3,Peak,67,1250,172098.0
Jaipur,Heritage,5,7,Flight,Budget,Full Board,6,Off-Peak,159,1183,136325.81
Pune,City,7,8,Flight,5-Star,Full Board,5,Off-Peak,165,709,300000
Munnar,Nature,2,7,Train,3-Star,Breakfast,0,Shoulder,82,2683,38176.46
Pachmarhi,Nature,2,9,Bus,4-Star,Room Only,5,Shoulder,7,1423,64530.3
Indore,City,2,6,Train,Budget,Room Only,2,Off-Peak,49,364,10542.02
Mahabaleshwar,Nature,1,5,Car,3-Star,Full Board,3,Peak,61,1298,42420.77
Visakhapatnam,Beach,5,6,Bus,5-Star,Full Board,7,Off-Peak,110,301,246647.33
Shimla,Mountain,6,12,Train,3-Star,Half Board,10,Off-Peak,63,856,218629.0
Guwahati,City,2,12,Flight,3-Star,Room Only,0,Off-Peak,72,2055,62648.55
Manali,Mountain,2,3,Bus,3-Star,Full Board,1,Peak,51,1345,36888.67
Diu,Beach,6,10,Flight,5-Star,Half Board,7,Peak,135,1665,300000
Mysuru,Heritage,3,5,Train,4-Star,Breakfast,2,Shoulder,69,573,87088.6
Dehradun,Nature,6,5,Train,Budget,Breakfast,2,Peak,95,645,58069.83
Rishikesh,Adventure,2,6,Flight,2-Star,Full Board,2,Peak,139,631,67536.66
Visakhapatnam,Beach,3,5,Train,3-Star,Half Board,6,Off-Peak,59,1006,63453.2
Kochi,Beach,6,7,Flight,3-Star,Half Board,2,Off-Peak,35,2635,256512.86
Gwalior,Heritage,6,3,Car,2-Star,Breakfast,2,Peak,160,779,62204.3
Shillong,Nature,8,8,Car,2-Star,Room Only,4,Shoulder,51,2706,150753.45
Nainital,Nature,4,3,Flight,2-Star,Half Board,1,Off-Peak,38,916,77774.15
Mahabaleshwar,Nature,3,2,Car,3-Star,Room Only,1,Peak,91,258,23159.39
Guwahati,City,2,6,Bus,2-Star,Breakfast,0,Peak,170,682,18989.96
Shillong,Nature,4,3,Train,4-Star,Breakfast,1,Peak,145,1437,84564.43
Mumbai,City,8,2,Train,3-Star,Half Board,1,Off-Peak,115,481,54438.65
Lucknow,Heritage,4,11,Train,2-Star,Full Board,1,Shoulder,58,1101,102729.35
Visakhapatnam,Beach,1,7,Train,2-Star,Breakfast,7,Peak,27,695,27050.04
Coorg,Nature,5,7,Flight,4-Star,Full Board,4,Peak,17,2321,300000
Dehradun,Nature,4,5,Train,2-Star,Half Board,4,Peak,116,600,72528.24
Mahabaleshwar,Nature,2,7,Train,3-Star,Room Only,4,Shoulder,53,726,39519.43
Hyderabad,City,2,7,Flight,2-Star,Room Only,1,Off-Peak,101,1677,41520.14
Shillong,Nature,5,10,Flight,Budget,Half Board,1,Shoulder,170,2765,173524.52
Coorg,Nature,5,3,Car,4-Star,Half Board,0,Peak,147,1035,110871.23
Mahabaleshwar,Nature,2,9,Train,3-Star,Full Board,3,Off-Peak,12,467,50436.28
Nagpur,City,2,7,Flight,Budget,Half Board,0,Peak,84,1385,54342.24
Visakhapatnam,Beach,4,2,Car,5-Star,Full Board,1,Off-Peak,173,358,59666.84
Ranthambore,Wildlife,6,5,Train,5-Star,Breakfast,2,Peak,167,581,300000
Shillong,Nature,2,5,Flight,2-Star,Breakfast,4,Peak,43,2512,67788.09
Rishikesh,Adventure,4,13,Train,3-Star,Half Board,8,Shoulder,29,718,145790.51
Ahmedabad,City,2,6,Train,Budget,Full Board,2,Peak,161,905,38276.77
Leh,Adventure,3,9,Flight,4-Star,Breakfast,4,Peak,143,2670,300000
Pune,City,3,6,Train,4-Star,Full Board,7,Shoulder,113,1304,149085.4
Manali,Mountain,3,6,Car,5-Star,Room Only,4,Peak,33,1383,280500.28
Tirupati,Religious,2,6,Train,Budget,Half Board,6,Shoulder,34,421,29737.78
Aurangabad,Heritage,4,9,Car,2-Star,Half Board,3,Shoulder,115,324,76167.25
Jaipur,Heritage,2,5,Flight,2-Star,Half Board,3,Shoulder,33,491,36673.1
Guwahati,City,2,4,Train,3-Star,Breakfast,3,Off-Peak,100,2033,29043.13
Jodhpur,Heritage,1,5,Train,3-Star,Full Board,0,Peak,80,364,37169.09
Leh,Adventure,3,5,Flight,4-Star,Half Board,0,Shoulder,93,2679,177311.79
Aurangabad,Heritage,4,6,Car,4-Star,Room Only,2,Shoulder,114,526,79657.57
Mysuru,Heritage,2,5,Bus,3-Star,Half Board,1,Off-Peak,32,1453,25967.73
Goa,Beach,5,8,Flight,3-Star,Room Only,7,Shoulder,142,1708,197818.47
Rishikesh,Adventure,4,7,Car,3-Star,Room Only,8,Off-Peak,52,543,68029.41
Ahmedabad,City,3,5,Car,4-Star,Breakfast,5,Off-Peak,172,1320,90868.26
Kochi,Beach,5,4,Train,3-Star,Half Board,0,Off-Peak,148,2360,70396.46
Madurai,Religious,1,11,Flight,2-Star,Full Board,9,Peak,2,1725,76013.11
Tirupati,Religious,8,2,Train,3-Star,Room Only,1,Peak,31,1475,87914.38
Puri,Beach,2,9,Train,Budget,Half Board,0,Peak,140,1048,33646.45
Mount Abu,Nature,5,5,Car,3-Star,Half Board,2,Shoulder,177,391,88060.32
Munnar,Nature,8,4,Bus,2-Star,Breakfast,3,Peak,133,800,102210.24
Visakhapatnam,Beach,4,4,Car,3-Star,Half Board,2,Peak,88,435,71731.7
Manali,Mountain,4,6,Flight,3-Star,Room Only,7,Off-Peak,58,1416,119489.45
Kolkata,City,2,3,Flight,4-Star,Full Board,3,Off-Peak,19,1032,61500.08
Ooty,Nature,3,6,Train,2-Star,Half Board,7,Peak,27,1031,72291.21
Lucknow,Heritage,8,5,Train,5-Star,Full Board,6,Peak,36,666,300000
Delhi,City,5,6,Train,5-Star,Half Board,2,Shoulder,78,592,283094.68
Agra,Heritage,4,7,Bus,3-Star,Breakfast,8,Off-Peak,33,929,74496.65
Haridwar,Religious,7,3,Train,3-Star,Full Board,0,Off-Peak,121,650,67385.29
Puri,Beach,4,6,Flight,2-Star,Full Board,2,Shoulder,167,604,93030.71
Mount Abu,Nature,7,3,Bus,4-Star,Half Board,0,Peak,163,806,121064.39
Dharamshala,Mountain,1,2,Flight,5-Star,Breakfast,1,Peak,151,1951,65215.7
Kolkata,City,3,6,Train,3-Star,Full Board,4,Shoulder,95,602,95791.82
Dharamshala,Mountain,5,4,Train,4-Star,Breakfast,2,Peak,4,873,142705.69
Leh,Adventure,5,14,Train,Budget,Room Only,8,Shoulder,41,2458,137472.93
Tirupati,Religious,3,5,Train,Budget,Half Board,4,Off-Peak,159,1621,31904.41
Khajuraho,Heritage,3,5,Flight,5-Star,Half Board,4,Off-Peak,78,1508,189933.34
Pune,City,5,10,Car,3-Star,Room Only,8,Peak,88,1165,171298.2
Mumbai,City,1,4,Flight,Budget,Breakfast,3,Shoulder,114,1365,21395.08
Puri,Beach,7,13,Car,3-Star,Half Board,1,Off-Peak,158,320,195530.91
Aurangabad,Heritage,5,12,Train,2-Star,Breakfast,2,Peak,64,1430,116604.67
Kolkata,City,3,6,Flight,4-Star,Breakfast,1,Shoulder,93,1102,137717.06
Jaipur,Heritage,4,10,Train,Budget,Full Board,6,Off-Peak,92,871,87087.64
Dehradun,Nature,3,7,Flight,Budget,Full Board,5,Peak,87,725,116233.63
Rishikesh,Adventure,4,6,Bus,3-Star,Full Board,4,Peak,41,412,135081.8
Khajuraho,Heritage,4,2,Flight,4-Star,Half Board,0,Peak,162,1289,97318.07
Visakhapatnam,Beach,3,5,Train,4-Star,Half Board,5,Peak,33,1296,141245.69
Bengaluru,City,2,7,Flight,Budget,Breakfast,2,Peak,104,1607,54531.58
Shillong,Nature,2,7,Flight,3-Star,Room Only,0,Shoulder,42,1791,57248.55
Varanasi,Religious,1,4,Flight,5-Star,Breakfast,1,Off-Peak,66,1133,64677.73
Gwalior,Heritage,5,4,Train,Budget,Breakfast,1,Off-Peak,173,867,30397.33
Ahmedabad,City,7,7,Flight,3-Star,Half Board,0,Shoulder,107,773,173111.88
Visakhapatnam,Beach,3,5,Train,2-Star,Breakfast,1,Peak,156,1811,47727.84
Darjeeling,Mountain,3,10,Train,4-Star,Half Board,10,Peak,116,1904,251986.84
Hampi,Heritage,5,5,Flight,Budget,Half Board,3,Shoulder,150,1057,104069.13
Ooty,Nature,1,7,Flight,Budget,Full Board,5,Shoulder,137,1018,36045.87
Nashik,Religious,5,3,Flight,5-Star,Breakfast,3,Off-Peak,40,1038,178800.86
Pachmarhi,Nature,2,6,Flight,2-Star,Room Only,2,Shoulder,53,740,40258.13
Ranthambore,Wildlife,6,13,Train,5-Star,Breakfast,9,Shoulder,7,1291,300000
Hampi,Heritage,6,4,Train,2-Star,Half Board,1,Peak,144,2287,90191.45
Chennai,City,6,7,Flight,2-Star,Full Board,5,Peak,34,1859,288275.48
Mount Abu,Nature,8,11,Car,4-Star,Full Board,2,Peak,42,791,300000
Gangtok,Mountain,3,5,Flight,Budget,Breakfast,1,Peak,63,2690,111001.5
Munnar,Nature,4,4,Flight,3-Star,Half Board,3,Peak,104,798,116221.05
Madurai,Religious,8,8,Train,4-Star,Room Only,5,Off-Peak,44,2285,286648.31
Kochi,Beach,4,7,Car,Budget,Half Board,1,Off-Peak,148,1046,43165.77
Nagpur,City,1,2,Bus,2-Star,Room Only,0,Peak,112,774,6011.25
Nagpur,City,7,8,Train,2-Star,Breakfast,0,Peak,90,282,103942.06
Delhi,City,2,6,Flight,Budget,Breakfast,6,Peak,14,1033,51863.1
Tirupati,Religious,4,5,Train,Budget,Half Board,6,Shoulder,74,1038,57606.55
Rishikesh,Adventure,4,3,Flight,4-Star,Half Board,3,Peak,133,1565,147239.62
Shimla,Mountain,1,4,Flight,3-Star,Breakfast,4,Peak,74,689,38108.01
Pune,City,3,6,Flight,4-Star,Half Board,6,Off-Peak,23,1363,114604.89
Hampi,Heritage,6,5,Flight,4-Star,Breakfast,4,Shoulder,53,1837,222579.19
Mumbai,City,2,5,Flight,3-Star,Half Board,3,Off-Peak,95,1796,56373.67
Amritsar,Religious,7,7,Train,4-Star,Breakfast,7,Peak,42,1968,300000
Kolkata,City,5,4,Flight,Budget,Full Board,1,Off-Peak,164,239,63363.06
Munnar,Nature,7,10,Train,3-Star,Half Board,4,Peak,72,1004,300000
Chennai,City,4,7,Flight,3-Star,Full Board,5,Shoulder,134,1769,162903.65
Chennai,City,6,2,Car,2-Star,Breakfast,1,Shoulder,23,2423,86299.72
Ranthambore,Wildlife,2,7,Flight,2-Star,Breakfast,2,Peak,86,802,45007.41
Haridwar,Religious,6,9,Train,3-Star,Breakfast,8,Off-Peak,59,679,154018.22
Lucknow,Heritage,3,10,Train,Budget,Room Only,10,Peak,95,998,57924.27
Pune,City,5,11,Flight,4-Star,Breakfast,3,Off-Peak,149,1019,269767.74
Gangtok,Mountain,5,9,Flight,5-Star,Breakfast,4,Peak,116,1855,300000
Chennai,City,4,10,Bus,Budget,Full Board,10,Peak,98,1625,189900.11
Kodaikanal,Nature,1,4,Train,5-Star,Full Board,4,Shoulder,116,1176,75183.79
Hyderabad,City,2,2,Flight,3-Star,Half Board,0,Peak,164,1233,34961.94
Indore,City,3,5,Train,5-Star,Full Board,6,Peak,150,1184,257764.04
Dharamshala,Mountain,1,5,Car,4-Star,Room Only,0,Shoulder,150,540,34176.58
Manali,Mountain,2,8,Flight,5-Star,Room Only,8,Peak,69,760,230011.65
Delhi,City,8,3,Car,3-Star,Half Board,0,Off-Peak,173,1800,94738.66
Bhopal,Heritage,4,7,Train,3-Star,Full Board,2,Shoulder,89,1207,104116.91
Hyderabad,City,3,3,Flight,3-Star,Full Board,2,Shoulder,96,1549,77915.07
Kodaikanal,Nature,4,4,Car,3-Star,Half Board,1,Peak,95,2481,107830.61
Udaipur,Heritage,2,5,Flight,2-Star,Half Board,1,Peak,74,951,49438.95
Agra,Heritage,8,2,Train,3-Star,Breakfast,0,Off-Peak,176,243,35258.03
Mahabaleshwar,Nature,3,9,Car,Budget,Full Board,6,Shoulder,122,954,82780.97
Munnar,Nature,4,15,Train,4-Star,Breakfast,10,Off-Peak,1,1056,205001.59
Bhopal,Heritage,2,8,Train,Budget,Breakfast,5,Shoulder,3,646,29358.89
Leh,Adventure,6,7,Flight,2-Star,Half Board,5,Off-Peak,105,2381,288916.33
Ranthambore,Wildlife,5,8,Car,4-Star,Breakfast,2,Peak,27,434,261281.36
Bengaluru,City,2,11,Bus,5-Star,Half Board,6,Peak,64,294,232570.85
Tirupati,Religious,1,3,Car,3-Star,Half Board,2,Off-Peak,44,962,13278.16
Bhopal,Heritage,5,3,Car,5-Star,Full Board,3,Shoulder,57,499,173476.18
Bengaluru,City,2,5,Flight,2-Star,Room Only,1,Peak,108,718,32576.64
Diu,Beach,4,9,Train,4-Star,Half Board,10,Peak,61,1687,238084.77
Amritsar,Religious,8,7,Flight,3-Star,Breakfast,1,Peak,119,1249,299018.31
Delhi,City,4,5,Flight,2-Star,Room Only,0,Shoulder,59,1259,78239.92
Shimla,Mountain,7,4,Flight,2-Star,Half Board,0,Shoulder,141,1237,130054.42
Indore,City,5,3,Bus,2-Star,Room Only,0,Peak,161,518,24501.51
Kodaikanal,Nature,6,6,Train,3-Star,Breakfast,6,Peak,48,2459,177604.09
Mumbai,City,1,9,Car,5-Star,Breakfast,0,Peak,18,189,181752.73
Nashik,Religious,6,6,Flight,Budget,Breakfast,2,Peak,74,891,128393.45
Port Blair,Beach,6,10,Flight,3-Star,Full Board,7,Shoulder,80,2277,300000
Nashik,Religious,4,4,Train,Budget,Breakfast,4,Shoulder,53,476,35244.86
Lucknow,Heritage,7,5,Bus,3-Star,Half Board,4,Shoulder,145,1744,135133.97
Pune,City,2,8,Flight,4-Star,Full Board,1,Peak,109,1030,128186.92
Chennai,City,1,8,Car,4-Star,Half Board,9,Peak,23,186,93468.52
Ranthambore,Wildlife,5,8,Bus,5-Star,Room Only,8,Peak,128,383,300000
Kochi,Beach,4,2,Train,3-Star,Half Board,0,Peak,169,1386,47366.63
Varanasi,Religious,6,4,Flight,2-Star,Room Only,2,Peak,56,829,123925.23
Dharamshala,Mountain,3,7,Train,3-Star,Room Only,1,Shoulder,11,1911,65738.09
Kodaikanal,Nature,7,4,Flight,3-Star,Breakfast,2,Shoulder,7,1465,225458.18
Udaipur,Heritage,6,15,Flight,3-Star,Breakfast,8,Peak,156,1089,300000
Mysuru,Heritage,1,5,Flight,4-Star,Breakfast,3,Off-Peak,20,781,44679.04
Ahmedabad,City,4,8,Train,Budget,Half Board,4,Peak,51,518,72254.94
Kochi,Beach,3,6,Train,5-Star,Half Board,6,Shoulder,154,451,208736.11
Lucknow,Heritage,4,6,Train,3-Star,Room Only,3,Shoulder,143,526,60151.74
Shimla,Mountain,2,9,Flight,3-Star,Breakfast,9,Shoulder,11,612,84128.26
Gwalior,Heritage,5,6,Bus,3-Star,Breakfast,3,Peak,33,1188,122906.13
Kochi,Beach,6,7,Bus,5-Star,Room Only,2,Shoulder,31,382,300000
Guwahati,City,1,4,Flight,2-Star,Room Only,0,Off-Peak,56,1367,23533.64
Pune,City,2,3,Flight,4-Star,Breakfast,1,Off-Peak,12,1131,46463.13
Agra,Heritage,6,3,Car,Budget,Breakfast,3,Off-Peak,179,268,29452.51
Diu,Beach,5,4,Train,3-Star,Full Board,4,Shoulder,20,615,110289.61
Kodaikanal,Nature,6,4,Flight,5-Star,Half Board,2,Peak,148,1169,300000
Madurai,Religious,6,6,Flight,4-Star,Full Board,7,Off-Peak,169,2240,300000
Mysuru,Heritage,4,8,Flight,3-Star,Breakfast,4,Peak,45,655,144988.08
Rishikesh,Adventure,6,6,Car,Budget,Breakfast,3,Shoulder,111,428,55964.22
Puri,Beach,4,9,Flight,5-Star,Breakfast,1,Peak,162,1903,300000
Lucknow,Heritage,7,5,Car,2-Star,Breakfast,1,Peak,96,379,88555.61
Port Blair,Beach,3,6,Train,5-Star,Breakfast,5,Shoulder,115,2133,300000
Aurangabad,Heritage,8,4,Train,3-Star,Breakfast,4,Peak,6,1147,162427.95
Ranthambore,Wildlife,2,5,Train,5-Star,Room Only,0,Shoulder,67,490,74213.0
Varanasi,Religious,7,5,Flight,5-Star,Breakfast,5,Peak,136,1378,300000
Agra,Heritage,6,5,Train,Budget,Breakfast,3,Off-Peak,23,806,45217.81
Mumbai,City,2,4,Bus,5-Star,Full Board,4,Shoulder,143,978,88561.27
Haridwar,Religious,2,2,Flight,4-Star,Breakfast,1,Shoulder,18,1357,54846.09
Jodhpur,Heritage,5,4,Bus,Budget,Full Board,2,Off-Peak,147,462,49077.45
Dehradun,Nature,4,9,Flight,5-Star,Full Board,6,Peak,165,1558,300000
Kolkata,City,8,6,Flight,2-Star,Half Board,1,Shoulder,147,1501,209105.58
Kolkata,City,2,5,Train,2-Star,Room Only,3,Off-Peak,118,765,17515.71
Khajuraho,Heritage,1,7,Train,Budget,Room Only,2,Peak,173,1730,15650.37
Haridwar,Religious,8,7,Train,4-Star,Breakfast,8,Peak,132,1382,300000
Bhubaneswar,Religious,2,5,Car,2-Star,Room Only,6,Peak,86,1183,34744.14
Dehradun,Nature,3,3,Car,Budget,Breakfast,2,Off-Peak,71,1444,28922.48
Jaipur,Heritage,5,6,Car,2-Star,Half Board,6,Peak,164,210,103856.81
Gangtok,Mountain,2,4,Flight,2-Star,Half Board,0,Off-Peak,114,1964,43786.94
Haridwar,Religious,5,13,Car,2-Star,Breakfast,7,Peak,65,595,179363.63
Shimla,Mountain,1,3,Train,2-Star,Half Board,1,Peak,156,1281,16754.83
Surat,City,1,5,Car,5-Star,Full Board,4,Peak,110,818,118163.79
Nashik,Religious,4,4,Flight,3-Star,Half Board,1,Peak,97,991,121931.85
Nashik,Religious,2,4,Bus,5-Star,Breakfast,0,Peak,157,1075,88258.41
Khajuraho,Heritage,3,7,Train,5-Star,Half Board,4,Peak,163,873,295043.16
Gangtok,Mountain,1,3,Train,3-Star,Half Board,0,Shoulder,26,2119,19341.8
Pachmarhi,Nature,1,4,Flight,3-Star,Room Only,1,Shoulder,11,1067,24833.6
Dharamshala,Mountain,3,3,Flight,Budget,Half Board,3,Shoulder,168,1722,64994.09
Manali,Mountain,2,3,Flight,2-Star,Breakfast,3,Off-Peak,88,1027,35168.64
Dharamshala,Mountain,5,8,Flight,5-Star,Full Board,4,Off-Peak,58,2004,300000
Agra,Heritage,3,7,Flight,4-Star,Room Only,6,Peak,57,647,188890.75
Kochi,Beach,3,14,Flight,4-Star,Room Only,5,Peak,34,1793,300000
Kochi,Beach,5,5,Flight,4-Star,Half Board,5,Peak,40,2033,300000
Diu,Beach,4,8,Bus,Budget,Room Only,1,Peak,89,582,28492.32
Kolkata,City,3,3,Train,4-Star,Half Board,3,Shoulder,41,2109,71178.48
Chennai,City,5,6,Flight,4-Star,Half Board,2,Shoulder,143,926,202855.29
Lucknow,Heritage,5,3,Train,4-Star,Breakfast,3,Peak,175,391,112211.37
Agra,Heritage,3,7,Train,5-Star,Full Board,8,Peak,105,359,300000
Indore,City,3,8,Flight,Budget,Room Only,9,Shoulder,70,1256,83855.27
Shimla,Mountain,3,10,Car,3-Star,Breakfast,2,Shoulder,125,1131,106814.9
Mahabaleshwar,Nature,4,4,Flight,2-Star,Breakfast,4,Peak,129,1452,110031.05
Dehradun,Nature,1,6,Train,3-Star,Breakfast,2,Peak,49,1531,33092.13
Kodaikanal,Nature,4,6,Train,Budget,Full Board,7,Shoulder,121,918,76981.93
Nainital,Nature,2,6,Train,2-Star,Half Board,0,Shoulder,178,1249,26712.42
Mount Abu,Nature,2,6,Flight,3-Star,Breakfast,1,Peak,178,750,58337.61
Madurai,Religious,2,5,Flight,4-Star,Breakfast,2,Peak,108,1903,82839.39
Mumbai,City,6,7,Train,4-Star,Half Board,0,Peak,61,163,220742.74
Shimla,Mountain,3,8,Train,4-Star,Breakfast,7,Peak,42,1386,179335.46
Nashik,Religious,2,6,Flight,2-Star,Room Only,3,Peak,130,1233,49279.97
Lucknow,Heritage,3,12,Car,3-Star,Room Only,8,Peak,80,1241,171821.71
Srinagar,Nature,5,6,Flight,Budget,Half Board,5,Peak,88,1615,207785.48
Port Blair,Beach,2,5,Train,Budget,Room Only,6,Peak,178,2961,50178.7
Bhubaneswar,Religious,3,15,Train,3-Star,Breakfast,4,Off-Peak,53,707,103608.13
Dehradun,Nature,1,8,Train,2-Star,Full Board,1,Shoulder,58,1515,33242.8
Varanasi,Religious,2,4,Car,Budget,Room Only,3,Peak,72,1972,31591.81
Chennai,City,4,9,Train,2-Star,Room Only,4,Shoulder,81,2488,61789.3
Nagpur,City,6,7,Train,2-Star,Half Board,4,Peak,130,1288,127183.63
Delhi,City,2,2,Car,4-Star,Room Only,1,Off-Peak,151,1152,22343.23
Jaipur,Heritage,7,7,Train,3-Star,Half Board,2,Off-Peak,63,621,132151.25
Darjeeling,Mountain,2,6,Car,Budget,Half Board,5,Off-Peak,47,1401,31501.01
Tirupati,Religious,1,3,Car,3-Star,Breakfast,3,Peak,18,522,20236.74
Port Blair,Beach,8,3,Train,3-Star,Breakfast,3,Shoulder,25,1963,143962.95
Lucknow,Heritage,4,8,Train,Budget,Breakfast,4,Peak,99,1184,72737.41
Indore,City,7,5,Train,4-Star,Breakfast,4,Off-Peak,37,411,146667.68
Diu,Beach,6,7,Flight,2-Star,Full Board,1,Shoulder,147,776,156504.08
Rishikesh,Adventure,2,5,Flight,4-Star,Half Board,0,Peak,102,1411,90871.56
Jaisalmer,Heritage,6,4,Flight,2-Star,Half Board,1,Off-Peak,12,1495,154079.56
Ooty,Nature,3,3,Flight,3-Star,Room Only,3,Peak,29,554,58651.3
Bhubaneswar,Religious,5,7,Train,3-Star,Breakfast,2,Peak,25,1463,128753.49
Shillong,Nature,4,12,Flight,Budget,Full Board,8,Shoulder,37,1281,178695.87
Hampi,Heritage,3,8,Train,3-Star,Breakfast,2,Peak,136,894,98457.3
Delhi,City,6,6,Bus,3-Star,Room Only,1,Off-Peak,61,303,50939.97
Jodhpur,Heritage,4,3,Bus,4-Star,Room Only,3,Shoulder,49,674,54667.53
Gangtok,Mountain,1,9,Flight,2-Star,Breakfast,0,Peak,99,1054,41589.08
Jodhpur,Heritage,6,4,Flight,3-Star,Breakfast,3,Shoulder,145,1363,167116.53
Surat,City,2,6,Train,3-Star,Half Board,6,Shoulder,180,1191,53190.25
Agra,Heritage,4,7,Train,3-Star,Breakfast,6,Peak,61,1026,126010.77
Dehradun,Nature,4,9,Train,3-Star,Half Board,9,Off-Peak,59,1250,102917.33
Dehradun,Nature,4,3,Bus,Budget,Full Board,0,Peak,86,731,42098.92
Hampi,Heritage,3,2,Flight,3-Star,Half Board,2,Peak,164,466,50871.15
Darjeeling,Mountain,7,5,Train,4-Star,Breakfast,6,Peak,50,2371,262465.18
Jodhpur,Heritage,6,6,Car,4-Star,Room Only,7,Shoulder,66,625,164399.51
Tirupati,Religious,4,4,Car,3-Star,Half Board,3,Off-Peak,139,471,45974.37
Jaisalmer,Heritage,6,8,Train,Budget,Breakfast,4,Shoulder,126,1333,75958.18
Mahabaleshwar,Nature,7,5,Bus,Budget,Half Board,4,Peak,143,381,100110.52
Mysuru,Heritage,3,3,Flight,2-Star,Breakfast,0,Shoulder,80,1278,50203.93
Tirupati,Religious,1,12,Flight,4-Star,Breakfast,2,Peak,152,1464,117984.31
Pune,City,2,3,Flight,2-Star,Half Board,2,Off-Peak,55,1087,33845.05
Chennai,City,3,4,Train,5-Star,Half Board,1,Off-Peak,106,1717,97285.02
Puri,Beach,8,5,Flight,3-Star,Breakfast,3,Shoulder,85,1873,296488.19
Jaisalmer,Heritage,6,7,Flight,4-Star,Half Board,4,Off-Peak,17,1586,288512.54
Puducherry,Beach,5,4,Car,2-Star,Breakfast,2,Peak,125,1863,88855.6
Pachmarhi,Nature,6,6,Train,Budget,Half Board,7,Peak,173,689,112960.44
Ranthambore,Wildlife,3,4,Train,3-Star,Breakfast,2,Off-Peak,136,1431,42376.26
Manali,Mountain,6,6,Car,3-Star,Breakfast,0,Peak,10,1183,139273.35
Amritsar,Religious,3,5,Train,4-Star,Room Only,6,Peak,20,1050,105296.72
Hyderabad,City,5,6,Bus,3-Star,Breakfast,5,Peak,28,441,120620.48
Hampi,Heritage,2,13,Flight,3-Star,Half Board,8,Shoulder,148,1466,98189.62
Varanasi,Religious,3,3,Train,3-Star,Room Only,3,Shoulder,122,480,38969.92
Dehradun,Nature,5,4,Train,4-Star,Half Board,4,Off-Peak,147,730,114032.42
Nainital,Nature,3,11,Flight,Budget,Breakfast,9,Off-Peak,154,1394,94335.97
Bhubaneswar,Religious,2,4,Train,3-Star,Half Board,0,Peak,25,295,32505.01
Bhubaneswar,Religious,7,4,Flight,2-Star,Breakfast,0,Shoulder,134,1412,155844.82
Kochi,Beach,6,5,Flight,4-Star,Room Only,4,Peak,159,1905,256283.8
Jaisalmer,Heritage,3,6,Train,5-Star,Breakfast,7,Peak,178,1335,224316.72
Srinagar,Nature,4,3,Flight,2-Star,Breakfast,3,Shoulder,92,1231,86221.55
Kodaikanal,Nature,5,7,Flight,4-Star,Full Board,7,Shoulder,14,1846,300000
Hampi,Heritage,2,11,Flight,3-Star,Full Board,2,Peak,99,1180,141686.8
Bhubaneswar,Religious,8,5,Train,4-Star,Full Board,2,Off-Peak,11,1243,229451.06
Manali,Mountain,7,12,Flight,3-Star,Full Board,0,Off-Peak,179,947,300000
Gwalior,Heritage,8,9,Bus,4-Star,Room Only,8,Peak,6,984,300000
Mumbai,City,3,7,Train,2-Star,Room Only,4,Peak,155,1777,53437.6
Delhi,City,5,4,Flight,5-Star,Half Board,1,Shoulder,150,558,211840.98
Goa,Beach,4,5,Flight,4-Star,Room Only,0,Off-Peak,155,2024,135998.08
Amritsar,Religious,4,4,Train,4-Star,Full Board,2,Peak,24,577,130650.85
Nashik,Religious,5,7,Train,3-Star,Breakfast,1,Peak,147,751,119593.85
Gangtok,Mountain,2,8,Train,Budget,Half Board,5,Shoulder,124,2611,42408.49
Manali,Mountain,2,6,Train,Budget,Half Board,2,Shoulder,166,623,21367.27
Indore,City,3,15,Train,4-Star,Breakfast,3,Shoulder,93,1213,208605.78
Dehradun,Nature,4,4,Train,3-Star,Room Only,4,Peak,2,508,54742.15
Udaipur,Heritage,3,3,Car,4-Star,Half Board,0,Peak,126,481,59566.9
Dharamshala,Mountain,6,7,Flight,2-Star,Breakfast,0,Off-Peak,78,893,117572.49
Mysuru,Heritage,3,4,Car,2-Star,Half Board,0,Off-Peak,10,1388,40759.92
Chennai,City,1,3,Flight,4-Star,Full Board,3,Shoulder,80,1896,47652.41
Gangtok,Mountain,6,3,Flight,3-Star,Breakfast,3,Peak,133,1662,196376.24
Dharamshala,Mountain,2,5,Bus,4-Star,Room Only,1,Peak,124,1008,49246.11
Diu,Beach,6,8,Train,4-Star,Half Board,9,Shoulder,139,1214,275109.8
Ahmedabad,City,1,2,Bus,Budget,Full Board,0,Off-Peak,171,493,5000
Visakhapatnam,Beach,4,7,Train,3-Star,Breakfast,6,Peak,56,1820,118216.38
Hampi,Heritage,1,2,Flight,5-Star,Full Board,1,Peak,68,2496,62177.12
Puducherry,Beach,4,6,Flight,4-Star,Breakfast,0,Shoulder,173,861,116413.18
Nagpur,City,3,4,Flight,3-Star,Half Board,0,Peak,69,810,72991.0
Goa,Beach,3,5,Train,Budget,Room Only,2,Shoulder,36,2368,38767.95
Surat,City,5,5,Train,4-Star,Room Only,2,Off-Peak,130,1400,98636.39
Leh,Adventure,5,5,Train,5-Star,Breakfast,2,Off-Peak,157,1458,253443.53
Jaipur,Heritage,8,4,Train,Budget,Full Board,1,Off-Peak,164,315,75630.95
Ooty,Nature,6,5,Flight,Budget,Room Only,1,Shoulder,154,1476,122406.47
Lucknow,Heritage,7,8,Bus,Budget,Breakfast,8,Shoulder,16,212,115188.86
Nashik,Religious,6,2,Train,4-Star,Half Board,0,Peak,88,975,86244.91
Nashik,Religious,6,5,Car,Budget,Room Only,4,Peak,57,313,62022.21
Chennai,City,2,6,Car,5-Star,Half Board,2,Peak,38,329,132031.21
Guwahati,City,3,3,Flight,3-Star,Half Board,0,Off-Peak,158,1767,66988.42
Shimla,Mountain,3,8,Flight,4-Star,Breakfast,9,Peak,150,406,199167.57
Nagpur,City,6,4,Flight,2-Star,Full Board,4,Shoulder,37,1478,177223.68
Puri,Beach,1,5,Flight,4-Star,Breakfast,0,Peak,151,1358,56780.23
Guwahati,City,1,3,Train,3-Star,Room Only,0,Shoulder,23,1051,13168.38
Pune,City,3,5,Car,4-Star,Full Board,0,Off-Peak,170,175,74322.56
Haridwar,Religious,2,4,Train,5-Star,Room Only,4,Off-Peak,101,745,62515.16
Ooty,Nature,2,9,Train,3-Star,Half Board,1,Peak,149,916,59586.5
Mysuru,Heritage,4,5,Car,2-Star,Breakfast,5,Off-Peak,28,795,49647.76
Kodaikanal,Nature,2,13,Flight,3-Star,Breakfast,5,Off-Peak,149,1589,91939.05
Haridwar,Religious,8,9,Train,5-Star,Half Board,0,Shoulder,159,303,300000
Shimla,Mountain,8,8,Flight,3-Star,Breakfast,6,Shoulder,86,674,254180.65
Hyderabad,City,4,3,Bus,3-Star,Breakfast,1,Shoulder,45,1086,33073.25
Dharamshala,Mountain,3,7,Train,Budget,Breakfast,4,Peak,82,1662,54774.85
Leh,Adventure,2,4,Flight,3-Star,Room Only,2,Peak,17,2321,98218.59
Jaisalmer,Heritage,2,8,Train,3-Star,Full Board,1,Shoulder,36,1512,61058.38
Shimla,Mountain,4,11,Train,3-Star,Breakfast,4,Peak,169,752,152618.7
Hyderabad,City,2,13,Train,3-Star,Full Board,7,Off-Peak,155,656,82485.16
Hampi,Heritage,2,4,Flight,2-Star,Full Board,0,Peak,60,2141,70441.7
Port Blair,Beach,2,12,Flight,5-Star,Room Only,2,Peak,89,2389,300000
Tirupati,Religious,5,5,Flight,4-Star,Full Board,4,Peak,148,1587,276040.27
Shimla,Mountain,1,7,Bus,4-Star,Breakfast,4,Off-Peak,66,776,38958.41
Pachmarhi,Nature,2,7,Car,Budget,Full Board,7,Shoulder,57,844,44530.9
Agra,Heritage,2,8,Flight,5-Star,Half Board,1,Off-Peak,11,380,116923.16
Shillong,Nature,4,5,Train,3-Star,Breakfast,4,Peak,162,2114,92853.39
Aurangabad,Heritage,3,3,Flight,4-Star,Half Board,1,Peak,125,895,98285.95
Gwalior,Heritage,2,5,Flight,4-Star,Room Only,2,Peak,40,1114,80411.75
Nainital,Nature,2,5,Flight,3-Star,Half Board,3,Peak,76,1642,80296.34
Bhubaneswar,Religious,4,5,Train,2-Star,Breakfast,6,Off-Peak,60,481,43928.77
Jaisalmer,Heritage,4,6,Train,5-Star,Full Board,3,Shoulder,157,1178,232918.34
Bhopal,Heritage,3,3,Train,4-Star,Half Board,0,Off-Peak,147,312,38170.61
Gwalior,Heritage,8,5,Train,3-Star,Half Board,1,Shoulder,154,945,126429.58
Mysuru,Heritage,6,6,Car,5-Star,Breakfast,2,Shoulder,103,1269,266237.57
Hampi,Heritage,4,6,Flight,4-Star,Half Board,6,Peak,29,732,221398.12
Madurai,Religious,2,5,Train,Budget,Breakfast,0,Peak,134,1792,21038.92
Indore,City,8,3,Train,5-Star,Half Board,2,Peak,67,1216,276136.91
Pune,City,6,10,Train,Budget,Breakfast,7,Peak,39,1259,153692.92
Mysuru,Heritage,4,10,Train,3-Star,Room Only,0,Off-Peak,23,989,58290.55
Ranthambore,Wildlife,3,5,Train,Budget,Room Only,3,Peak,12,1357,31236.77
Munnar,Nature,2,5,Flight,3-Star,Room Only,3,Shoulder,23,1898,55459.31
Mount Abu,Nature,5,4,Bus,3-Star,Full Board,0,Off-Peak,38,557,63037.74
Pune,City,3,6,Train,5-Star,Full Board,7,Peak,16,1310,282536.98
Port Blair,Beach,2,5,Train,4-Star,Breakfast,6,Peak,72,2426,109430.95
Guwahati,City,6,8,Flight,3-Star,Room Only,9,Off-Peak,170,1777,202300.98
Varanasi,Religious,2,5,Flight,3-Star,Room Only,4,Off-Peak,165,1784,54974.43
Delhi,City,7,3,Flight,5-Star,Breakfast,0,Shoulder,89,734,249927.55
Mahabaleshwar,Nature,3,8,Flight,3-Star,Room Only,6,Peak,56,698,119882.81
Port Blair,Beach,4,5,Flight,4-Star,Half Board,3,Peak,38,2000,263210.24
Munnar,Nature,6,7,Flight,4-Star,Half Board,3,Peak,172,2513,300000
Jaipur,Heritage,4,12,Train,3-Star,Room Only,8,Off-Peak,149,348,88684.16
Dehradun,Nature,7,7,Train,2-Star,Breakfast,8,Peak,31,337,172732.6
Goa,Beach,3,10,Flight,5-Star,Room Only,5,Shoulder,177,2372,300000
Puri,Beach,6,5,Bus,5-Star,Breakfast,4,Off-Peak,141,1322,198191.51
Mysuru,Heritage,5,5,Flight,3-Star,Full Board,6,Peak,145,1577,260263.96
Nainital,Nature,2,7,Flight,2-Star,Half Board,4,Shoulder,85,480,45609.69
Madurai,Religious,1,5,Flight,3-Star,Room Only,6,Shoulder,19,1226,43665.27
Nashik,Religious,3,5,Flight,Budget,Full Board,3,Shoulder,65,1313,91029.59
Hyderabad,City,7,5,Train,3-Star,Half Board,5,Peak,103,331,188953.09
Hampi,Heritage,7,7,Train,3-Star,Full Board,6,Peak,139,1082,289186.01
Diu,Beach,4,5,Flight,3-Star,Breakfast,2,Peak,165,1322,114675.82
Goa,Beach,6,4,Train,3-Star,Half Board,3,Shoulder,9,920,95764.47
Mumbai,City,4,5,Bus,4-Star,Half Board,4,Peak,109,144,140263.67
Kodaikanal,Nature,3,2,Bus,2-Star,Half Board,2,Peak,129,487,24367.31
Jaipur,Heritage,1,4,Flight,Budget,Half Board,1,Peak,124,820,20769.63
Goa,Beach,2,4,Car,3-Star,Half Board,3,Off-Peak,111,909,31009.35
Kochi,Beach,2,6,Flight,4-Star,Full Board,3,Off-Peak,99,2220,96983.85
Amritsar,Religious,2,6,Train,4-Star,Breakfast,5,Peak,166,1841,73356.17
Amritsar,Religious,4,3,Train,Budget,Breakfast,3,Shoulder,47,352,23701.65
Shillong,Nature,3,7,Flight,3-Star,Half Board,6,Peak,131,1002,150393.72
Agra,Heritage,3,8,Car,2-Star,Half Board,7,Peak,71,233,88529.54
Lucknow,Heritage,6,7,Car,Budget,Half Board,3,Off-Peak,88,236,63766.72
Udaipur,Heritage,5,4,Flight,4-Star,Room Only,4,Peak,72,801,192212.34
Ahmedabad,City,5,5,Flight,4-Star,Full Board,6,Peak,14,782,300000
Agra,Heritage,7,4,Train,4-Star,Half Board,4,Shoulder,51,423,162745.54
Darjeeling,Mountain,5,7,Car,Budget,Full Board,4,Peak,35,896,144061.07
Ahmedabad,City,5,4,Bus,4-Star,Half Board,4,Shoulder,133,140,122806.41
Madurai,Religious,2,4,Bus,3-Star,Breakfast,3,Peak,178,1058,30757.29
Surat,City,5,4,Train,2-Star,Room Only,4,Peak,178,641,63103.03
Ranthambore,Wildlife,2,6,Car,Budget,Room Only,2,Peak,19,290,13018.58
Jodhpur,Heritage,4,5,Bus,3-Star,Breakfast,4,Shoulder,83,578,50191.17
Srinagar,Nature,3,6,Flight,4-Star,Breakfast,0,Peak,43,745,147825.01
Nainital,Nature,2,5,Flight,2-Star,Breakfast,5,Peak,25,743,56866.31
Kodaikanal,Nature,6,3,Flight,2-Star,Breakfast,2,Peak,79,2434,180360.68
Mount Abu,Nature,8,6,Train,3-Star,Room Only,4,Peak,88,739,183934.05
Kochi,Beach,5,4,Flight,2-Star,Breakfast,3,Peak,147,1653,149175.21
Tirupati,Religious,3,6,Train,3-Star,Half Board,0,Peak,151,965,83051.86
Agra,Heritage,6,8,Train,5-Star,Breakfast,7,Shoulder,139,1199,300000
Jaipur,Heritage,4,5,Train,5-Star,Full Board,2,Peak,176,1165,289515.72
Mount Abu,Nature,5,4,Train,5-Star,Breakfast,0,Shoulder,162,824,173433.8
Madurai,Religious,5,3,Flight,Budget,Full Board,3,Peak,84,2079,176044.48
Udaipur,Heritage,7,4,Train,3-Star,Full Board,1,Off-Peak,56,476,105948.64
Amritsar,Religious,4,3,Train,5-Star,Breakfast,3,Shoulder,152,1627,116714.91
Manali,Mountain,3,3,Flight,3-Star,Room Only,1,Peak,173,1806,91377.47
Nashik,Religious,6,5,Flight,3-Star,Full Board,6,Peak,156,1470,258556.65
Mysuru,Heritage,3,11,Bus,3-Star,Full Board,10,Shoulder,136,654,137026.52
Agra,Heritage,4,7,Bus,5-Star,Full Board,7,Peak,153,1311,300000
Mysuru,Heritage,3,7,Flight,3-Star,Room Only,6,Off-Peak,103,2085,124527.35
Bhubaneswar,Religious,4,6,Car,4-Star,Half Board,2,Peak,49,1063,169637.18
Srinagar,Nature,5,3,Flight,3-Star,Half Board,0,Off-Peak,36,2198,173141.05
Manali,Mountain,1,9,Bus,2-Star,Room Only,7,Off-Peak,20,1390,24193.94
Indore,City,2,7,Flight,4-Star,Full Board,6,Shoulder,155,791,103471.14
Goa,Beach,5,6,Flight,5-Star,Room Only,4,Off-Peak,57,2477,300000
Jaipur,Heritage,3,15,Car,5-Star,Full Board,9,Shoulder,148,310,300000
Ranthambore,Wildlife,8,5,Flight,3-Star,Breakfast,6,Off-Peak,21,892,231395.57
Dharamshala,Mountain,5,4,Flight,Budget,Half Board,3,Peak,176,1379,111377.63
Mumbai,City,8,3,Flight,3-Star,Breakfast,2,Peak,84,1186,176278.37
Bhubaneswar,Religious,2,2,Bus,3-Star,Breakfast,0,Peak,111,1849,18061.32
Jaisalmer,Heritage,2,3,Flight,3-Star,Breakfast,2,Shoulder,38,551,31374.24
Chennai,City,2,6,Train,2-Star,Room Only,1,Peak,160,1956,25138.21
Hampi,Heritage,3,9,Flight,Budget,Full Board,2,Peak,46,1107,130012.68
Agra,Heritage,7,8,Car,3-Star,Breakfast,7,Peak,86,1031,288127.74
Mumbai,City,5,6,Car,5-Star,Half Board,2,Off-Peak,131,694,268533.56
Kodaikanal,Nature,2,6,Train,2-Star,Room Only,4,Peak,78,683,23783.18
Bengaluru,City,4,6,Train,4-Star,Breakfast,4,Off-Peak,132,839,80765.26
Port Blair,Beach,4,8,Flight,5-Star,Half Board,2,Peak,132,1902,300000
Gwalior,Heritage,2,3,Train,3-Star,Breakfast,3,Shoulder,126,1031,21280.29
Haridwar,Religious,6,8,Train,3-Star,Room Only,6,Shoulder,49,242,121948.74
Tirupati,Religious,4,10,Flight,4-Star,Breakfast,0,Peak,80,2238,295629.57
Munnar,Nature,3,10,Train,3-Star,Breakfast,8,Off-Peak,179,2561,82356.86
Varanasi,Religious,5,6,Train,3-Star,Half Board,4,Peak,41,804,164653.28
Guwahati,City,5,5,Flight,4-Star,Breakfast,4,Off-Peak,28,2739,231803.45
Leh,Adventure,2,6,Flight,2-Star,Room Only,1,Off-Peak,159,1540,45629.37
Puducherry,Beach,1,5,Flight,Budget,Breakfast,0,Off-Peak,37,2228,24771.37
Bengaluru,City,3,4,Car,4-Star,Room Only,4,Peak,4,571,88251.73
Puducherry,Beach,6,7,Flight,2-Star,Breakfast,3,Peak,10,1538,208455.15
Visakhapatnam,Beach,1,5,Flight,2-Star,Full Board,3,Off-Peak,63,1423,34511.05
Bengaluru,City,3,6,Train,3-Star,Room Only,1,Peak,72,1250,68716.99
Varanasi,Religious,4,15,Train,2-Star,Half Board,9,Off-Peak,167,667,104769.74
Kodaikanal,Nature,2,11,Flight,4-Star,Room Only,4,Peak,100,557,123055.56
Mahabaleshwar,Nature,1,3,Flight,4-Star,Breakfast,1,Off-Peak,70,883,26433.37
Shimla,Mountain,4,5,Car,4-Star,Half Board,1,Peak,141,1394,136424.68
Kolkata,City,3,11,Bus,4-Star,Breakfast,4,Shoulder,109,959,152079.28
Mount Abu,Nature,2,3,Flight,2-Star,Half Board,1,Peak,41,1600,48057.8
Ranthambore,Wildlife,1,8,Train,3-Star,Half Board,2,Peak,178,641,52080.12
Amritsar,Religious,7,3,Flight,4-Star,Full Board,2,Peak,89,1382,300000
Bhubaneswar,Religious,4,7,Train,2-Star,Room Only,3,Off-Peak,67,963,36751.31
Chennai,City,3,5,Train,3-Star,Full Board,6,Peak,28,2492,107703.62
Madurai,Religious,2,7,Flight,3-Star,Full Board,1,Shoulder,84,1859,81115.56
Rishikesh,Adventure,1,9,Flight,Budget,Half Board,3,Shoulder,91,1142,32490.46
Gangtok,Mountain,7,6,Flight,2-Star,Full Board,0,Peak,65,2498,300000
Tirupati,Religious,3,7,Car,3-Star,Breakfast,6,Peak,138,2178,124233.77
Shillong,Nature,1,4,Train,2-Star,Half Board,0,Peak,162,1178,14408.58
Nainital,Nature,4,4,Bus,3-Star,Breakfast,0,Shoulder,70,237,33164.29
Leh,Adventure,3,5,Flight,2-Star,Room Only,5,Off-Peak,165,1957,112717.23
Hyderabad,City,4,6,Flight,2-Star,Breakfast,2,Off-Peak,86,801,65546.21
Varanasi,Religious,3,10,Train,2-Star,Half Board,8,Shoulder,103,709,72463.58
Nagpur,City,2,6,Flight,5-Star,Room Only,1,Off-Peak,99,787,97385.38
Shillong,Nature,3,6,Flight,Budget,Half Board,7,Peak,88,876,106541.49
Hampi,Heritage,3,5,Train,3-Star,Breakfast,1,Shoulder,129,887,51036.5
Nashik,Religious,5,6,Train,3-Star,Room Only,0,Peak,87,311,88286.06
Nashik,Religious,2,6,Flight,Budget,Full Board,2,Peak,158,1562,74112.91
Hampi,Heritage,1,13,Flight,2-Star,Breakfast,5,Peak,50,2440,60749.4
Aurangabad,Heritage,3,4,Train,5-Star,Breakfast,0,Peak,80,397,155058.0
Bhubaneswar,Religious,4,7,Train,4-Star,Room Only,0,Peak,143,1921,142736.58
Bengaluru,City,3,4,Flight,4-Star,Breakfast,2,Peak,74,2465,160810.13
Madurai,Religious,2,6,Train,3-Star,Half Board,2,Shoulder,135,1485,46068.26
Dharamshala,Mountain,2,6,Car,2-Star,Breakfast,3,Peak,146,1134,39253.12
Khajuraho,Heritage,2,12,Train,4-Star,Room Only,7,Peak,32,1138,119665.75
Ranthambore,Wildlife,4,6,Flight,4-Star,Half Board,4,Peak,170,1491,201594.95
Pachmarhi,Nature,3,6,Flight,Budget,Half Board,7,Peak,71,1228,111812.42
Guwahati,City,5,7,Train,2-Star,Breakfast,5,Off-Peak,133,1499,73442.21
Kolkata,City,5,6,Flight,4-Star,Half Board,2,Peak,164,1262,245221.48
Agra,Heritage,3,4,Train,3-Star,Full Board,4,Peak,172,618,76921.12
Varanasi,Religious,2,9,Flight,5-Star,Half Board,0,Off-Peak,46,1843,170918.86
Udaipur,Heritage,6,5,Flight,Budget,Breakfast,2,Peak,154,1251,119348.04
Agra,Heritage,8,5,Flight,2-Star,Full Board,0,Shoulder,66,1284,248539.84
Khajuraho,Heritage,3,6,Flight,4-Star,Breakfast,7,Peak,93,686,183582.4
Dharamshala,Mountain,1,12,Train,Budget,Room Only,5,Shoulder,26,1422,17544.57
Ahmedabad,City,4,3,Car,2-Star,Full Board,1,Off-Peak,71,362,38695.39
Munnar,Nature,1,5,Train,Budget,Breakfast,4,Off-Peak,41,892,8984.28
Port Blair,Beach,2,6,Flight,3-Star,Full Board,1,Peak,10,1820,113702.42
Rishikesh,Adventure,3,6,Bus,Budget,Room Only,7,Peak,48,221,46291.67
Khajuraho,Heritage,2,4,Train,5-Star,Half Board,3,Off-Peak,146,1686,66867.63
Shillong,Nature,3,9,Train,5-Star,Half Board,9,Peak,106,2054,300000
Madurai,Religious,5,6,Flight,4-Star,Breakfast,1,Peak,64,2410,274026.94
Shillong,Nature,6,4,Train,5-Star,Breakfast,1,Shoulder,49,824,193732.44
Ooty,Nature,2,5,Train,3-Star,Breakfast,6,Off-Peak,173,1779,31524.85
Diu,Beach,7,6,Train,2-Star,Half Board,6,Shoulder,77,442,113753.98
Agra,Heritage,2,5,Car,3-Star,Room Only,5,Shoulder,172,589,34154.83
Munnar,Nature,1,6,Flight,2-Star,Breakfast,1,Shoulder,158,2470,38859.25
Tirupati,Religious,1,7,Car,3-Star,Half Board,7,Peak,3,483,51406.64
Indore,City,4,7,Flight,2-Star,Room Only,0,Off-Peak,146,1208,66400.54
Surat,City,5,14,Bus,4-Star,Half Board,0,Peak,49,337,300000
Pachmarhi,Nature,7,4,Car,2-Star,Half Board,3,Off-Peak,8,1583,104975.05
Manali,Mountain,1,5,Car,2-Star,Room Only,4,Peak,118,955,24959.16
Aurangabad,Heritage,3,4,Train,2-Star,Room Only,0,Shoulder,125,1213,21092.35
Khajuraho,Heritage,2,2,Flight,Budget,Half Board,1,Peak,94,1764,41207.17
Munnar,Nature,4,8,Flight,3-Star,Full Board,2,Peak,45,1287,186176.23
Puri,Beach,6,3,Train,Budget,Half Board,0,Peak,118,938,51133.15
Dharamshala,Mountain,1,8,Bus,4-Star,Breakfast,5,Shoulder,168,1406,65501.86
Hyderabad,City,4,12,Bus,4-Star,Full Board,5,Shoulder,159,944,247211.23
Srinagar,Nature,1,9,Train,5-Star,Breakfast,5,Peak,19,2468,207619.58
Jodhpur,Heritage,2,8,Car,Budget,Breakfast,9,Peak,2,1390,52898.27
Munnar,Nature,5,7,Flight,4-Star,Breakfast,7,Shoulder,169,1839,259957.48
Hyderabad,City,6,3,Flight,4-Star,Breakfast,1,Off-Peak,67,1067,148772.74
Nainital,Nature,3,2,Flight,3-Star,Full Board,1,Peak,171,1455,87174.83
Agra,Heritage,1,14,Flight,Budget,Room Only,8,Shoulder,26,771,27292.5
Tirupati,Religious,6,6,Train,5-Star,Breakfast,0,Shoulder,14,2237,262819.28
Diu,Beach,3,10,Train,3-Star,Room Only,1,Off-Peak,84,536,66347.34
Madurai,Religious,7,6,Flight,3-Star,Full Board,0,Peak,65,1963,278925.28
Delhi,City,5,3,Car,2-Star,Room Only,2,Shoulder,97,535,32200.88
Khajuraho,Heritage,2,6,Flight,2-Star,Breakfast,7,Peak,133,1023,58009.93
Khajuraho,Heritage,3,11,Flight,2-Star,Breakfast,7,Off-Peak,120,691,97714.62
Hyderabad,City,4,8,Flight,4-Star,Full Board,2,Shoulder,125,1452,189841.67
Tirupati,Religious,5,9,Flight,2-Star,Breakfast,2,Shoulder,128,1468,135842.33
Mahabaleshwar,Nature,4,3,Car,Budget,Full Board,0,Peak,141,658,43540.89
Goa,Beach,6,10,Train,4-Star,Breakfast,4,Shoulder,160,1116,262250.96
Kodaikanal,Nature,4,3,Car,3-Star,Breakfast,0,Peak,6,1514,61773.32
Manali,Mountain,5,3,Flight,2-Star,Half Board,1,Peak,40,1800,153708.43
Bhopal,Heritage,4,7,Train,2-Star,Room Only,5,Peak,61,367,62051.89
Pune,City,1,13,Train,4-Star,Half Board,6,Off-Peak,138,154,76887.61
Tirupati,Religious,2,5,Train,3-Star,Breakfast,6,Shoulder,180,853,35406.4
Surat,City,1,4,Car,2-Star,Breakfast,2,Off-Peak,179,951,11913.13
Visakhapatnam,Beach,4,8,Flight,3-Star,Half Board,1,Off-Peak,6,2186,178508.03
Udaipur,Heritage,3,4,Train,2-Star,Breakfast,1,Off-Peak,124,953,26199.05
Mumbai,City,5,7,Flight,3-Star,Half Board,8,Shoulder,82,1862,215224.62
Amritsar,Religious,2,4,Flight,4-Star,Full Board,1,Peak,154,1999,97120.8
Amritsar,Religious,4,3,Train,2-Star,Full Board,1,Peak,79,641,54449.69
Pune,City,2,5,Flight,5-Star,Full Board,0,Peak,153,763,143712.39
Hampi,Heritage,5,3,Flight,4-Star,Half Board,3,Shoulder,112,936,144222.9
Hampi,Heritage,3,7,Flight,3-Star,Full Board,8,Off-Peak,87,1300,119528.13
Jaisalmer,Heritage,5,2,Bus,2-Star,Breakfast,1,Shoulder,72,1575,27619.7
Bengaluru,City,4,7,Train,Budget,Half Board,8,Shoulder,3,154,59897.61
Delhi,City,7,3,Train,4-Star,Half Board,0,Peak,85,508,126355.98
Bhubaneswar,Religious,2,4,Flight,2-Star,Full Board,3,Off-Peak,54,1642,51678.76
Rishikesh,Adventure,4,9,Train,Budget,Half Board,1,Shoulder,84,608,64362.99
Pune,City,3,6,Bus,2-Star,Room Only,4,Peak,44,1574,51500.46
Visakhapatnam,Beach,4,5,Train,4-Star,Full Board,5,Peak,50,513,144402.48
Nashik,Religious,2,5,Car,4-Star,Breakfast,4,Shoulder,139,249,50571.49
Mount Abu,Nature,2,4,Car,2-Star,Half Board,3,Off-Peak,78,722,21349.42
Mount Abu,Nature,4,7,Flight,2-Star,Breakfast,0,Off-Peak,65,1499,98014.66
Varanasi,Religious,4,3,Car,3-Star,Breakfast,1,Off-Peak,2,369,31812.64
Dehradun,Nature,4,8,Train,3-Star,Breakfast,8,Off-Peak,174,1105,85806.38
Kochi,Beach,6,5,Train,Budget,Half Board,4,Peak,24,1147,100239.41
Mumbai,City,3,5,Train,2-Star,Half Board,2,Off-Peak,133,891,33003.49
Nashik,Religious,5,2,Flight,3-Star,Room Only,1,Peak,169,1235,92671.79
Hyderabad,City,2,5,Bus,3-Star,Breakfast,3,Off-Peak,176,891,21332.15
Shimla,Mountain,2,9,Bus,Budget,Breakfast,7,Off-Peak,98,1121,28101.55
Jaisalmer,Heritage,3,6,Flight,2-Star,Breakfast,5,Shoulder,138,1650,82864.55
Gangtok,Mountain,2,2,Train,3-Star,Room Only,0,Off-Peak,139,2272,19182.37
Mumbai,City,3,4,Flight,4-Star,Half Board,4,Peak,145,1289,125056.26
Nashik,Religious,3,6,Train,5-Star,Room Only,1,Off-Peak,174,1034,125924.88
Visakhapatnam,Beach,4,3,Train,4-Star,Room Only,0,Peak,51,1408,62743.03
Delhi,City,5,6,Bus,3-Star,Breakfast,2,Shoulder,68,746,86824.07
Manali,Mountain,2,9,Car,5-Star,Breakfast,5,Peak,118,1026,203828.21
Tirupati,Religious,6,6,Train,Budget,Room Only,3,Peak,175,1095,64038.68
Surat,City,3,13,Flight,3-Star,Breakfast,7,Shoulder,42,688,166044.23
Gangtok,Mountain,2,4,Train,4-Star,Room Only,2,Peak,159,1555,46234.3
Dehradun,Nature,2,2,Car,4-Star,Full Board,0,Peak,140,1194,31511.74
Varanasi,Religious,2,4,Bus,4-Star,Full Board,3,Off-Peak,57,472,40585.31
Munnar,Nature,3,4,Train,Budget,Full Board,0,Peak,39,2632,49654.76
Haridwar,Religious,4,9,Train,3-Star,Breakfast,2,Shoulder,109,355,77878.75
Mahabaleshwar,Nature,4,5,Bus,2-Star,Breakfast,0,Peak,18,388,33542.72
Kochi,Beach,2,5,Train,5-Star,Half Board,2,Shoulder,177,1395,97373.59
Jodhpur,Heritage,1,5,Car,Budget,Breakfast,6,Off-Peak,85,588,13414.04
Puri,Beach,5,4,Flight,2-Star,Breakfast,4,Peak,161,1884,166062.77
Jaipur,Heritage,7,11,Flight,3-Star,Full Board,9,Peak,52,786,300000
Khajuraho,Heritage,8,8,Flight,4-Star,Half Board,0,Off-Peak,86,1278,300000
Haridwar,Religious,2,4,Bus,3-Star,Half Board,1,Peak,28,682,27586.77
Indore,City,6,4,Car,2-Star,Room Only,2,Off-Peak,165,678,35554.94
Surat,City,6,8,Train,Budget,Full Board,0,Peak,40,929,154783.03
Madurai,Religious,4,11,Flight,Budget,Room Only,8,Off-Peak,1,659,71954.09
Visakhapatnam,Beach,6,6,Train,5-Star,Room Only,0,Shoulder,9,1030,290343.92
Delhi,City,1,7,Flight,Budget,Breakfast,7,Shoulder,142,1593,31427.56
Varanasi,Religious,6,6,Car,Budget,Half Board,7,Off-Peak,12,1932,129722.21
Dehradun,Nature,1,7,Bus,3-Star,Breakfast,0,Off-Peak,62,284,21182.14
Shimla,Mountain,3,6,Car,3-Star,Breakfast,2,Peak,103,668,87375.55
Rishikesh,Adventure,4,5,Flight,4-Star,Full Board,0,Peak,112,528,146643.51
Nainital,Nature,7,5,Train,3-Star,Breakfast,4,Off-Peak,180,920,96702.71
Agra,Heritage,5,6,Train,3-Star,Half Board,6,Peak,146,302,165551.77
Guwahati,City,4,13,Train,5-Star,Breakfast,4,Shoulder,142,2041,300000
Dehradun,Nature,5,7,Flight,2-Star,Breakfast,6,Off-Peak,110,1331,123555.64
Jodhpur,Heritage,3,2,Flight,2-Star,Breakfast,0,Peak,76,1462,57367.37
Gwalior,Heritage,2,2,Bus,Budget,Breakfast,1,Peak,148,364,8067.6
Bhopal,Heritage,3,6,Flight,Budget,Room Only,4,Shoulder,38,1208,59006.84
Pune,City,7,7,Train,3-Star,Breakfast,4,Off-Peak,157,723,123057.77
Jodhpur,Heritage,2,5,Train,3-Star,Full Board,5,Off-Peak,46,666,38450.1
Bhopal,Heritage,2,8,Car,2-Star,Half Board,4,Shoulder,177,651,44706.22
Kodaikanal,Nature,5,6,Flight,2-Star,Full Board,1,Peak,134,2071,221091.26
Shimla,Mountain,6,7,Flight,2-Star,Half Board,5,Peak,9,796,215636.33
Ranthambore,Wildlife,2,5,Car,Budget,Room Only,5,Off-Peak,100,996,19876.86
Puri,Beach,5,13,Car,2-Star,Full Board,6,Off-Peak,73,1264,157023.96
Bengaluru,City,4,8,Train,4-Star,Half Board,1,Peak,64,1622,200100.98
Varanasi,Religious,3,5,Flight,2-Star,Full Board,1,Peak,59,1736,115806.18
Haridwar,Religious,8,9,Car,5-Star,Half Board,7,Off-Peak,105,705,300000
Kochi,Beach,5,9,Train,5-Star,Half Board,4,Peak,85,2185,300000
Kochi,Beach,8,3,Flight,4-Star,Half Board,1,Shoulder,172,1851,246773.43
Coorg,Nature,2,7,Flight,2-Star,Breakfast,0,Peak,51,876,42942.27
Kodaikanal,Nature,3,7,Flight,5-Star,Half Board,5,Off-Peak,78,2455,222132.5
Surat,City,3,8,Car,3-Star,Full Board,1,Shoulder,117,372,91895.39
Nashik,Religious,5,8,Train,3-Star,Full Board,9,Peak,97,623,231491.25
Dharamshala,Mountain,6,3,Train,4-Star,Full Board,0,Shoulder,64,976,119036.02
Dehradun,Nature,2,5,Bus,2-Star,Half Board,1,Peak,164,200,27060.4
Puducherry,Beach,6,8,Train,2-Star,Breakfast,9,Off-Peak,94,1448,98148.25
Bhopal,Heritage,4,4,Train,3-Star,Half Board,2,Shoulder,153,1373,60403.93
Chennai,City,6,4,Train,4-Star,Breakfast,4,Off-Peak,122,530,95521.56
Surat,City,6,11,Train,Budget,Room Only,10,Shoulder,3,350,95368.49
Guwahati,City,4,6,Train,5-Star,Breakfast,1,Peak,171,1261,294364.98
Mysuru,Heritage,4,6,Train,4-Star,Breakfast,4,Off-Peak,111,634,87100.7
Delhi,City,7,5,Flight,Budget,Room Only,3,Peak,61,1036,138070.2
Surat,City,2,7,Train,3-Star,Full Board,4,Off-Peak,170,697,50413.95
Mumbai,City,4,8,Flight,3-Star,Room Only,8,Peak,77,1776,187671.53
Kolkata,City,1,6,Train,4-Star,Breakfast,0,Peak,22,792,58674.81
Jaipur,Heritage,6,9,Train,3-Star,Breakfast,5,Shoulder,143,1058,162660.07
Delhi,City,8,3,Flight,2-Star,Full Board,0,Shoulder,117,1408,186995.39
Mumbai,City,2,4,Train,5-Star,Breakfast,1,Off-Peak,145,1539,57483.94
Hyderabad,City,3,5,Flight,2-Star,Breakfast,5,Peak,140,1553,89951.1
Bengaluru,City,7,5,Train,3-Star,Breakfast,5,Peak,164,1323,162796.13
Udaipur,Heritage,4,5,Flight,4-Star,Breakfast,5,Peak,45,425,137994.72
Ranthambore,Wildlife,2,3,Bus,5-Star,Room Only,2,Off-Peak,129,478,37986.35
Diu,Beach,6,3,Flight,5-Star,Breakfast,3,Off-Peak,58,858,181732.33
Dehradun,Nature,4,3,Flight,4-Star,Room Only,0,Peak,147,1615,109543.67
Port Blair,Beach,6,9,Flight,5-Star,Half Board,1,Off-Peak,85,2800,300000
Bhubaneswar,Religious,4,9,Train,4-Star,Full Board,10,Shoulder,56,1672,215456.14
Mysuru,Heritage,3,4,Train,Budget,Breakfast,1,Off-Peak,108,1081,19612.99
Delhi,City,2,4,Train,4-Star,Half Board,1,Shoulder,161,713,36834.88
Manali,Mountain,3,7,Train,3-Star,Full Board,3,Off-Peak,23,894,73060.06
Kodaikanal,Nature,2,4,Flight,Budget,Full Board,4,Off-Peak,136,1449,42300.58
Lucknow,Heritage,4,10,Car,2-Star,Room Only,1,Peak,180,247,58259.49
Chennai,City,5,3,Flight,Budget,Breakfast,1,Off-Peak,24,1843,131383.58
Puri,Beach,5,5,Train,3-Star,Breakfast,4,Peak,141,2088,127425.64
Darjeeling,Mountain,2,15,Flight,2-Star,Room Only,3,Peak,128,2123,86387.94
Bhopal,Heritage,5,6,Flight,4-Star,Full Board,3,Peak,105,250,236080.07
Diu,Beach,4,5,Train,3-Star,Half Board,3,Shoulder,20,736,71457.03
Pune,City,3,3,Bus,3-Star,Room Only,0,Peak,60,224,27402.87
Ooty,Nature,3,5,Train,2-Star,Half Board,3,Peak,37,1124,60523.23
Hampi,Heritage,7,4,Train,4-Star,Full Board,3,Off-Peak,97,1800,159022.81
Mahabaleshwar,Nature,2,9,Flight,3-Star,Full Board,10,Peak,19,1424,143027.64
Varanasi,Religious,3,6,Flight,Budget,Breakfast,1,Off-Peak,135,908,43669.73
Udaipur,Heritage,3,3,Train,3-Star,Breakfast,3,Shoulder,119,950,36729.87
Pachmarhi,Nature,6,5,Flight,Budget,Full Board,2,Peak,50,1546,229832.17
Port Blair,Beach,3,9,Car,3-Star,Full Board,5,Off-Peak,57,1965,141683.31
Udaipur,Heritage,5,3,Bus,Budget,Breakfast,3,Shoulder,3,1128,37714.79
Bengaluru,City,7,6,Bus,5-Star,Room Only,0,Off-Peak,106,390,239656.34
Madurai,Religious,2,5,Train,3-Star,Full Board,6,Peak,98,1657,69450.37
Shillong,Nature,2,8,Car,3-Star,Half Board,3,Peak,97,669,66218.82
Kodaikanal,Nature,3,5,Flight,3-Star,Full Board,1,Peak,68,1642,131946.73
Haridwar,Religious,6,3,Flight,3-Star,Full Board,3,Shoulder,159,1152,156457.45
Ranthambore,Wildlife,5,2,Flight,Budget,Full Board,1,Shoulder,170,1312,97623.72
Port Blair,Beach,4,4,Flight,4-Star,Half Board,2,Shoulder,21,2260,227505.37
Shillong,Nature,1,3,Flight,4-Star,Breakfast,1,Shoulder,64,1375,36025.99
Puducherry,Beach,4,5,Train,4-Star,Room Only,4,Shoulder,131,210,76211.04
Haridwar,Religious,5,4,Train,2-Star,Breakfast,2,Peak,58,769,53711.68
Kolkata,City,4,6,Flight,2-Star,Half Board,2,Off-Peak,59,1975,134409.92
Jaisalmer,Heritage,1,8,Flight,3-Star,Full Board,3,Off-Peak,33,794,50090.06
Jaipur,Heritage,5,5,Train,Budget,Room Only,4,Off-Peak,95,1024,44062.32
Mysuru,Heritage,7,7,Train,4-Star,Breakfast,2,Peak,135,1719,300000
Ranthambore,Wildlife,6,3,Flight,3-Star,Half Board,3,Peak,135,1478,168385.77
Munnar,Nature,5,7,Train,Budget,Breakfast,8,Shoulder,110,1740,81778.69
Kodaikanal,Nature,1,4,Flight,3-Star,Half Board,4,Peak,164,2395,47768.57
Kochi,Beach,2,5,Flight,5-Star,Full Board,2,Shoulder,160,1174,106479.42
Bengaluru,City,1,10,Train,2-Star,Breakfast,9,Peak,4,1130,38629.63
Tirupati,Religious,7,8,Car,3-Star,Breakfast,0,Peak,173,1013,214223.38
Darjeeling,Mountain,3,3,Train,5-Star,Full Board,0,Peak,107,641,148043.4
Haridwar,Religious,1,3,Car,2-Star,Breakfast,2,Peak,110,200,12846.7
Hyderabad,City,6,6,Train,5-Star,Half Board,7,Shoulder,39,1775,300000
Dharamshala,Mountain,7,4,Flight,3-Star,Full Board,3,Shoulder,61,643,202264.41
Puri,Beach,2,5,Train,Budget,Full Board,6,Peak,41,1402,52629.18
Pune,City,2,4,Flight,4-Star,Full Board,3,Peak,54,1340,90991.26
Pune,City,6,11,Train,5-Star,Breakfast,6,Off-Peak,26,1064,300000
Udaipur,Heritage,7,10,Train,Budget,Breakfast,0,Peak,164,1372,99834.72
Udaipur,Heritage,5,4,Flight,Budget,Room Only,4,Shoulder,179,1066,85885.84
Shillong,Nature,3,5,Flight,2-Star,Breakfast,4,Off-Peak,48,830,56976.78
Munnar,Nature,3,5,Bus,5-Star,Half Board,3,Off-Peak,164,1162,121362.77
Jaisalmer,Heritage,2,7,Bus,5-Star,Breakfast,6,Peak,18,688,155385.13
Goa,Beach,1,8,Train,3-Star,Half Board,9,Off-Peak,120,1117,45844.42
Visakhapatnam,Beach,7,9,Train,3-Star,Half Board,6,Off-Peak,24,1279,192183.87
Pune,City,2,8,Flight,5-Star,Breakfast,6,Peak,62,1623,189939.36
Mysuru,Heritage,4,6,Flight,2-Star,Breakfast,1,Off-Peak,163,1765,90200.55
Jodhpur,Heritage,3,8,Train,3-Star,Full Board,6,Shoulder,7,1293,119660.58
Ranthambore,Wildlife,4,7,Bus,5-Star,Full Board,2,Peak,170,601,300000
Dharamshala,Mountain,2,13,Train,3-Star,Full Board,3,Off-Peak,32,1871,85662.51
Haridwar,Religious,2,9,Flight,4-Star,Room Only,0,Shoulder,84,855,90511.44
Nainital,Nature,2,11,Car,3-Star,Full Board,6,Peak,77,1048,123360.08
Delhi,City,2,7,Train,5-Star,Breakfast,4,Off-Peak,50,766,85762.73
Guwahati,City,1,5,Flight,3-Star,Room Only,6,Peak,171,1189,47092.14
Chennai,City,4,6,Flight,2-Star,Half Board,0,Peak,9,1000,106298.61
Nagpur,City,6,7,Train,5-Star,Half Board,2,Off-Peak,17,696,300000
Madurai,Religious,3,6,Flight,3-Star,Full Board,0,Shoulder,120,1524,126131.49
Gangtok,Mountain,6,2,Train,2-Star,Breakfast,2,Peak,84,1338,56444.18
Mysuru,Heritage,5,4,Train,Budget,Half Board,0,Peak,68,1613,61725.49
Khajuraho,Heritage,7,6,Train,3-Star,Full Board,3,Off-Peak,117,1748,182598.05
Kochi,Beach,3,10,Train,3-Star,Half Board,7,Peak,24,1988,151276.79
Udaipur,Heritage,4,4,Bus,5-Star,Full Board,4,Peak,56,625,198807.91
Jaipur,Heritage,1,9,Flight,3-Star,Full Board,9,Shoulder,103,739,68799.23
Munnar,Nature,3,6,Train,3-Star,Room Only,0,Peak,30,1973,65418.68
Jaisalmer,Heritage,4,6,Flight,Budget,Half Board,2,Shoulder,30,1641,99351.99
Hyderabad,City,5,9,Flight,4-Star,Half Board,5,Off-Peak,140,1899,284975.63
Rishikesh,Adventure,2,5,Train,3-Star,Full Board,1,Peak,58,780,53876.45
Mount Abu,Nature,6,6,Train,Budget,Half Board,2,Peak,154,643,96985.47
Nashik,Religious,2,7,Train,2-Star,Full Board,7,Off-Peak,6,409,37107.88
Amritsar,Religious,2,10,Flight,2-Star,Room Only,7,Off-Peak,139,1652,53622.3
Kolkata,City,6,3,Train,4-Star,Room Only,1,Peak,174,2136,118784.41
Mount Abu,Nature,4,4,Train,5-Star,Full Board,3,Shoulder,170,769,148735.22
Surat,City,5,3,Car,2-Star,Half Board,1,Off-Peak,57,862,44245.51
Aurangabad,Heritage,2,4,Train,4-Star,Half Board,4,Peak,173,1057,59867.95
Coorg,Nature,2,5,Train,5-Star,Full Board,1,Off-Peak,147,718,74455.39
Goa,Beach,8,2,Train,4-Star,Room Only,1,Off-Peak,144,2481,121655.59
Srinagar,Nature,5,11,Train,Budget,Breakfast,4,Off-Peak,56,1722,95485.51
Darjeeling,Mountain,1,5,Train,3-Star,Full Board,6,Shoulder,113,1754,37231.97
Srinagar,Nature,5,3,Train,3-Star,Half Board,3,Peak,3,2140,128919.32
Shimla,Mountain,1,14,Train,2-Star,Full Board,8,Peak,35,1172,66540.9
Shimla,Mountain,4,5,Train,4-Star,Breakfast,5,Off-Peak,157,930,71067.89
Ahmedabad,City,5,4,Train,5-Star,Half Board,1,Off-Peak,163,627,161318.1
Coorg,Nature,4,7,Flight,Budget,Breakfast,7,Peak,2,1335,121461.86
Mumbai,City,5,8,Train,4-Star,Breakfast,5,Off-Peak,82,1163,186120.62
Nainital,Nature,6,11,Flight,Budget,Half Board,3,Off-Peak,60,1204,182969.04
Visakhapatnam,Beach,2,4,Bus,5-Star,Full Board,2,Peak,6,1924,118548.83
Diu,Beach,1,4,Bus,3-Star,Room Only,3,Shoulder,157,811,17656.81
Guwahati,City,8,5,Flight,4-Star,Room Only,0,Shoulder,33,2237,300000
Visakhapatnam,Beach,8,7,Car,4-Star,Breakfast,4,Peak,90,406,300000
Bhopal,Heritage,2,9,Car,Budget,Half Board,9,Peak,179,437,63065.04
Goa,Beach,5,3,Train,5-Star,Full Board,3,Peak,136,2363,279984.31
Mumbai,City,3,5,Train,2-Star,Full Board,2,Off-Peak,179,625,44075.68
Bhubaneswar,Religious,5,5,Train,5-Star,Room Only,1,Shoulder,75,1253,233974.04
Shillong,Nature,4,5,Flight,4-Star,Breakfast,2,Shoulder,175,2696,156650.84
Shillong,Nature,2,2,Flight,3-Star,Full Board,0,Peak,19,1242,42859.38
Coorg,Nature,2,12,Car,2-Star,Room Only,9,Peak,77,2100,59486.08
Goa,Beach,5,2,Flight,5-Star,Breakfast,1,Shoulder,169,2446,227566.95
Pune,City,6,8,Car,3-Star,Half Board,8,Off-Peak,22,840,160786.54
Goa,Beach,6,3,Bus,3-Star,Breakfast,0,Off-Peak,32,529,39622.83
Gwalior,Heritage,4,5,Car,5-Star,Room Only,4,Peak,99,355,197705.97
Gwalior,Heritage,5,4,Flight,2-Star,Breakfast,2,Shoulder,50,1053,92471.96
Ooty,Nature,6,5,Flight,2-Star,Breakfast,3,Peak,93,1622,159315.3
Tirupati,Religious,6,2,Train,3-Star,Half Board,0,Off-Peak,62,1183,41990.88
Goa,Beach,1,3,Flight,4-Star,Room Only,0,Off-Peak,149,1480,37012.79
Tirupati,Religious,2,7,Car,2-Star,Room Only,6,Peak,124,287,34780.66
Haridwar,Religious,4,4,Bus,2-Star,Breakfast,3,Peak,14,1331,46260.79
Mumbai,City,3,7,Flight,3-Star,Half Board,3,Off-Peak,175,1969,103411.88
Mysuru,Heritage,5,7,Flight,4-Star,Half Board,8,Peak,76,2319,300000
Ranthambore,Wildlife,6,8,Train,3-Star,Half Board,8,Shoulder,35,229,179452.25
Goa,Beach,3,4,Flight,4-Star,Half Board,0,Off-Peak,57,2309,126732.37
Hampi,Heritage,2,5,Flight,Budget,Half Board,0,Shoulder,170,2291,55061.91
Kolkata,City,3,2,Flight,3-Star,Room Only,2,Off-Peak,36,1600,63325.61
Munnar,Nature,2,4,Car,Budget,Full Board,4,Peak,59,2121,46435.58
Diu,Beach,1,6,Train,Budget,Breakfast,5,Peak,126,966,16661.98
Gangtok,Mountain,7,6,Flight,4-Star,Breakfast,4,Shoulder,36,2046,300000
Ooty,Nature,5,3,Flight,Budget,Breakfast,1,Peak,6,1697,107376.8
Pachmarhi,Nature,4,4,Bus,2-Star,Half Board,3,Off-Peak,136,937,32223.34
Jaipur,Heritage,2,4,Train,2-Star,Full Board,3,Peak,135,1094,43742.41
Mahabaleshwar,Nature,3,10,Flight,4-Star,Breakfast,4,Peak,156,1400,260050.54
Puducherry,Beach,6,5,Flight,3-Star,Breakfast,0,Peak,35,517,124538.63
Jodhpur,Heritage,4,11,Car,2-Star,Breakfast,5,Shoulder,152,596,81511.57
Visakhapatnam,Beach,5,12,Flight,4-Star,Breakfast,10,Peak,120,1505,300000
Madurai,Religious,1,4,Car,4-Star,Half Board,1,Off-Peak,57,1432,31008.53
Shimla,Mountain,3,4,Flight,3-Star,Breakfast,4,Peak,39,1688,123022.31
Nainital,Nature,3,11,Train,3-Star,Half Board,1,Peak,57,1106,151101.11
Puducherry,Beach,3,6,Train,5-Star,Breakfast,0,Shoulder,23,969,173345.11
Visakhapatnam,Beach,2,5,Train,5-Star,Room Only,4,Peak,83,2023,104644.97
Nainital,Nature,4,8,Flight,3-Star,Breakfast,9,Off-Peak,169,306,106914.72
Nagpur,City,1,5,Train,5-Star,Breakfast,4,Peak,92,306,93006.64
Hyderabad,City,1,2,Train,4-Star,Full Board,0,Shoulder,174,301,17469.18
Darjeeling,Mountain,4,5,Train,4-Star,Half Board,6,Peak,60,1058,142704.57
Mysuru,Heritage,3,4,Train,Budget,Half Board,0,Peak,10,1948,35749.93
Munnar,Nature,1,10,Flight,4-Star,Full Board,6,Off-Peak,60,547,73000.79
Pune,City,5,4,Train,3-Star,Half Board,1,Off-Peak,93,1771,75006.82
Shimla,Mountain,2,14,Train,3-Star,Breakfast,10,Off-Peak,12,352,64898.41
Srinagar,Nature,1,11,Car,3-Star,Half Board,7,Shoulder,152,1580,64330.76
Rishikesh,Adventure,5,5,Train,3-Star,Breakfast,0,Off-Peak,45,266,55093.47
Dharamshala,Mountain,4,6,Train,2-Star,Breakfast,0,Shoulder,33,2062,51158.41
Tirupati,Religious,3,5,Flight,Budget,Full Board,4,Shoulder,153,1960,86512.42
Darjeeling,Mountain,1,4,Flight,4-Star,Full Board,2,Off-Peak,40,2282,57989.15
Jaipur,Heritage,2,14,Train,4-Star,Breakfast,8,Peak,17,882,159366.11
Nagpur,City,1,3,Car,4-Star,Half Board,0,Off-Peak,41,657,21446.73
Leh,Adventure,5,3,Train,3-Star,Half Board,2,Off-Peak,20,1905,89612.79
Port Blair,Beach,6,12,Flight,3-Star,Half Board,6,Shoulder,78,2703,300000
Kodaikanal,Nature,3,5,Train,3-Star,Half Board,5,Shoulder,69,1594,80776.49
Chennai,City,3,15,Train,3-Star,Half Board,8,Peak,80,990,226929.09
Bengaluru,City,3,8,Car,3-Star,Half Board,7,Shoulder,92,1774,99631.21
Gangtok,Mountain,2,5,Train,Budget,Breakfast,4,Off-Peak,14,1014,19604.46
Ranthambore,Wildlife,2,9,Train,2-Star,Breakfast,4,Off-Peak,80,1243,28758.38
Udaipur,Heritage,6,8,Flight,3-Star,Breakfast,9,Peak,8,1338,267877.96
Visakhapatnam,Beach,4,10,Flight,2-Star,Room Only,0,Shoulder,156,636,69183.91
Jodhpur,Heritage,2,11,Train,Budget,Full Board,6,Peak,49,908,82758.08
Pune,City,4,3,Train,4-Star,Breakfast,3,Peak,163,1662,82285.02
Dharamshala,Mountain,3,15,Train,4-Star,Breakfast,6,Shoulder,164,770,198841.37
Manali,Mountain,3,5,Flight,2-Star,Breakfast,1,Shoulder,134,1944,73466.85
Mysuru,Heritage,4,5,Train,4-Star,Breakfast,3,Peak,136,509,124010.29
Leh,Adventure,1,5,Train,5-Star,Full Board,6,Shoulder,38,1083,108318.32
Varanasi,Religious,4,6,Train,Budget,Full Board,0,Shoulder,110,905,67230.51
Hampi,Heritage,4,4,Train,5-Star,Room Only,2,Off-Peak,176,943,117064.88
Coorg,Nature,3,4,Car,3-Star,Breakfast,4,Peak,177,2200,82758.08
Bengaluru,City,6,6,Bus,4-Star,Room Only,5,Off-Peak,106,769,124044.17
Gwalior,Heritage,7,8,Train,3-Star,Full Board,5,Shoulder,116,871,257877.39
Udaipur,Heritage,8,8,Train,3-Star,Room Only,3,Peak,123,521,176859.11
Agra,Heritage,2,7,Bus,2-Star,Breakfast,1,Peak,67,263,23414.38
Shimla,Mountain,6,12,Bus,Budget,Half Board,9,Peak,34,389,201498.94
Hyderabad,City,3,4,Bus,3-Star,Half Board,1,Peak,71,547,52543.33
Puducherry,Beach,4,12,Train,2-Star,Half Board,5,Shoulder,175,1319,103557.94
Agra,Heritage,6,3,Flight,5-Star,Room Only,0,Peak,144,778,201093.21
Aurangabad,Heritage,4,5,Train,4-Star,Full Board,2,Peak,110,1164,161064.27
Khajuraho,Heritage,2,2,Train,Budget,Room Only,0,Shoulder,72,1741,12957.3
Puducherry,Beach,2,2,Flight,4-Star,Half Board,0,Peak,134,1890,56203.72
Bengaluru,City,4,5,Train,4-Star,Half Board,1,Shoulder,126,2143,111399.12
Srinagar,Nature,8,5,Train,3-Star,Half Board,5,Shoulder,156,983,180226.55
Rishikesh,Adventure,6,4,Train,3-Star,Full Board,4,Peak,44,950,164895.26
Haridwar,Religious,2,4,Flight,2-Star,Breakfast,1,Peak,106,1501,50289.28
Pune,City,7,6,Flight,3-Star,Breakfast,7,Peak,33,1425,279393.75
Pachmarhi,Nature,7,4,Car,3-Star,Half Board,4,Peak,134,388,141718.96
Surat,City,4,2,Train,5-Star,Full Board,0,Peak,132,667,100862.62
Jaisalmer,Heritage,3,5,Flight,5-Star,Breakfast,0,Peak,39,853,221959.51
Chennai,City,5,4,Train,3-Star,Half Board,4,Peak,172,443,96391.11
Nainital,Nature,2,4,Bus,Budget,Room Only,4,Off-Peak,106,1119,12998.31
Ooty,Nature,2,4,Flight,3-Star,Breakfast,1,Off-Peak,176,1767,51372.29
Indore,City,6,4,Flight,3-Star,Breakfast,2,Peak,1,1090,190641.28
Mount Abu,Nature,4,7,Flight,2-Star,Half Board,5,Shoulder,13,761,107915.7
Chennai,City,4,3,Car,3-Star,Full Board,3,Peak,31,379,76689.4
Srinagar,Nature,3,10,Flight,3-Star,Breakfast,1,Off-Peak,107,786,113072.24
Manali,Mountain,4,12,Train,3-Star,Breakfast,0,Shoulder,72,1459,108142.75
Bhubaneswar,Religious,5,4,Train,3-Star,Full Board,0,Off-Peak,134,651,59654.39
Manali,Mountain,3,6,Flight,4-Star,Room Only,1,Peak,21,1455,164853.68
Khajuraho,Heritage,2,11,Train,4-Star,Breakfast,9,Peak,117,1027,123959.64
Lucknow,Heritage,6,8,Flight,4-Star,Breakfast,8,Shoulder,8,693,274827.57
Leh,Adventure,4,8,Flight,Budget,Breakfast,9,Off-Peak,23,1498,145146.47
Khajuraho,Heritage,4,13,Flight,2-Star,Breakfast,3,Shoulder,79,973,112598.34
Udaipur,Heritage,1,9,Car,2-Star,Half Board,2,Off-Peak,124,528,21106.58
Darjeeling,Mountain,3,5,Flight,3-Star,Breakfast,4,Peak,127,1864,117142.05
Gangtok,Mountain,1,3,Bus,4-Star,Full Board,3,Peak,118,1476,44594.85
Pachmarhi,Nature,1,6,Bus,2-Star,Full Board,5,Shoulder,109,472,24351.85
Jaipur,Heritage,1,4,Train,4-Star,Breakfast,1,Peak,78,571,37927.59
Diu,Beach,7,3,Train,3-Star,Half Board,1,Peak,159,1585,132433.26
Indore,City,3,4,Car,3-Star,Room Only,1,Off-Peak,118,224,27399.61
Amritsar,Religious,1,5,Train,5-Star,Breakfast,2,Off-Peak,127,1999,53980.7
Udaipur,Heritage,6,2,Train,3-Star,Full Board,0,Shoulder,68,316,43737.11
Aurangabad,Heritage,5,4,Train,2-Star,Room Only,1,Shoulder,101,721,35822.6
Mysuru,Heritage,2,8,Flight,4-Star,Room Only,3,Peak,39,1803,122448.86
Indore,City,3,6,Flight,3-Star,Full Board,4,Shoulder,119,1371,113051.31
Shillong,Nature,3,3,Train,3-Star,Breakfast,3,Off-Peak,1,1094,41121.84
Leh,Adventure,5,5,Flight,2-Star,Breakfast,4,Off-Peak,63,1310,156677.33
Nashik,Religious,5,13,Train,3-Star,Breakfast,6,Peak,167,1453,286866.98
Ooty,Nature,2,7,Flight,Budget,Half Board,7,Off-Peak,60,1409,58961.49
Ahmedabad,City,1,11,Train,3-Star,Breakfast,1,Shoulder,63,769,42052.35
Tirupati,Religious,1,6,Flight,4-Star,Full Board,5,Off-Peak,130,2483,63056.45
Kodaikanal,Nature,2,7,Train,3-Star,Breakfast,4,Off-Peak,12,2587,39893.12
Chennai,City,7,9,Flight,4-Star,Breakfast,6,Peak,148,2160,300000
Indore,City,7,15,Flight,4-Star,Room Only,9,Peak,117,417,300000
Srinagar,Nature,2,5,Car,4-Star,Breakfast,6,Off-Peak,23,607,48898.89
Gwalior,Heritage,4,4,Train,3-Star,Full Board,0,Shoulder,158,1347,73198.43
Aurangabad,Heritage,3,3,Bus,3-Star,Breakfast,0,Off-Peak,99,316,21446.72
Pachmarhi,Nature,2,13,Train,Budget,Half Board,0,Peak,173,739,49683.25
Kodaikanal,Nature,5,5,Flight,2-Star,Breakfast,2,Peak,62,2201,174601.4
Puri,Beach,4,9,Flight,3-Star,Full Board,5,Off-Peak,15,2200,175917.23
Manali,Mountain,6,11,Flight,2-Star,Breakfast,3,Peak,23,866,217826.96
Jaisalmer,Heritage,1,6,Train,5-Star,Breakfast,0,Shoulder,70,1119,93870.06
Leh,Adventure,6,6,Flight,3-Star,Breakfast,3,Peak,152,2440,300000
Kolkata,City,3,2,Train,3-Star,Breakfast,2,Peak,37,2113,53330.4
Jaipur,Heritage,4,4,Car,3-Star,Room Only,3,Peak,148,990,65341.94
Haridwar,Religious,5,5,Car,3-Star,Breakfast,0,Off-Peak,58,915,66027.77
Jodhpur,Heritage,4,5,Flight,3-Star,Room Only,0,Peak,126,1269,89219.06
Nagpur,City,6,5,Flight,5-Star,Room Only,1,Shoulder,100,909,266553.6
Visakhapatnam,Beach,7,9,Car,Budget,Full Board,8,Shoulder,178,1605,207834.2
Goa,Beach,2,14,Train,2-Star,Full Board,1,Peak,147,551,94612.06
Agra,Heritage,2,5,Train,4-Star,Breakfast,4,Shoulder,164,435,52428.28
Hampi,Heritage,1,4,Train,4-Star,Half Board,0,Off-Peak,34,931,24806.42
Jaisalmer,Heritage,1,5,Flight,5-Star,Room Only,2,Shoulder,116,1190,71548.04
Mount Abu,Nature,1,5,Train,Budget,Half Board,1,Off-Peak,56,913,8920.91
Bhubaneswar,Religious,2,4,Car,4-Star,Room Only,0,Peak,84,578,36251.32
Haridwar,Religious,4,6,Bus,3-Star,Half Board,0,Shoulder,45,231,58213.13
Rishikesh,Adventure,4,4,Train,3-Star,Room Only,3,Peak,160,650,66625.14
Munnar,Nature,2,8,Flight,3-Star,Half Board,8,Off-Peak,174,1491,68016.22
Diu,Beach,1,9,Car,5-Star,Room Only,2,Off-Peak,33,1022,115043.1
Dharamshala,Mountain,2,4,Flight,4-Star,Half Board,2,Off-Peak,128,2120,74634.6
Bengaluru,City,3,6,Flight,3-Star,Breakfast,0,Peak,141,2362,118043.61
Gangtok,Mountain,5,6,Car,5-Star,Room Only,1,Shoulder,72,1434,300000
Gangtok,Mountain,3,8,Flight,4-Star,Room Only,9,Shoulder,24,1261,209934.21
Varanasi,Religious,4,5,Train,4-Star,Breakfast,6,Peak,174,1324,124604.66
Pachmarhi,Nature,5,7,Train,2-Star,Breakfast,2,Shoulder,102,818,71144.44
Coorg,Nature,3,5,Train,Budget,Breakfast,1,Shoulder,173,485,25343.24
Puducherry,Beach,5,13,Flight,3-Star,Room Only,7,Shoulder,71,2059,239498.63
Surat,City,4,2,Train,5-Star,Breakfast,2,Off-Peak,68,791,64626.4
Visakhapatnam,Beach,3,12,Car,4-Star,Full Board,8,Off-Peak,14,1095,190378.4
Puri,Beach,5,2,Car,3-Star,Room Only,0,Off-Peak,39,1160,36121.34
Aurangabad,Heritage,6,6,Car,3-Star,Room Only,7,Off-Peak,160,544,88160.0
Srinagar,Nature,6,6,Car,2-Star,Half Board,2,Peak,57,1472,149329.28
Kochi,Beach,3,3,Flight,2-Star,Half Board,3,Peak,164,2179,100412.9
Amritsar,Religious,6,4,Car,3-Star,Room Only,3,Peak,51,1386,99028.02
Jodhpur,Heritage,2,15,Bus,4-Star,Full Board,0,Off-Peak,71,522,104980.95
Indore,City,7,5,Train,5-Star,Half Board,4,Off-Peak,39,1144,300000
Nainital,Nature,6,3,Train,3-Star,Full Board,0,Peak,33,609,98175.53
Ranthambore,Wildlife,4,6,Flight,5-Star,Half Board,1,Off-Peak,80,834,181712.42
Diu,Beach,6,4,Flight,Budget,Room Only,1,Peak,113,1446,124161.58
Bhopal,Heritage,2,5,Train,3-Star,Room Only,1,Peak,111,1350,32335.62
Mysuru,Heritage,1,3,Flight,4-Star,Half Board,2,Off-Peak,67,1218,32529.57
Amritsar,Religious,2,4,Car,Budget,Half Board,2,Shoulder,81,1873,25460.39
Manali,Mountain,3,13,Train,3-Star,Breakfast,2,Shoulder,140,1610,133045.77
Amritsar,Religious,1,3,Flight,Budget,Room Only,3,Shoulder,26,1904,29102.77
Visakhapatnam,Beach,7,4,Bus,3-Star,Breakfast,2,Peak,2,1568,119136.01
Mumbai,City,3,4,Train,2-Star,Breakfast,3,Off-Peak,50,1633,41177.04
Mysuru,Heritage,3,6,Flight,5-Star,Half Board,2,Off-Peak,155,1181,187335.0
Nashik,Religious,5,4,Train,2-Star,Half Board,4,Off-Peak,67,492,48409.07
Khajuraho,Heritage,4,6,Train,2-Star,Half Board,4,Shoulder,147,1713,63928.23
Lucknow,Heritage,5,8,Train,3-Star,Breakfast,3,Shoulder,155,815,121818.09
Gwalior,Heritage,2,5,Train,2-Star,Half Board,3,Shoulder,68,782,24946.95
Coorg,Nature,1,6,Train,Budget,Room Only,5,Shoulder,28,1098,15095.34
Tirupati,Religious,2,4,Flight,4-Star,Breakfast,2,Shoulder,84,1697,63154.16
Jodhpur,Heritage,8,4,Bus,3-Star,Breakfast,0,Shoulder,88,1048,81646.89
Udaipur,Heritage,1,7,Train,2-Star,Full Board,8,Off-Peak,15,974,25352.19
Pachmarhi,Nature,6,4,Flight,4-Star,Full Board,1,Shoulder,61,963,201885.8
Nainital,Nature,1,6,Flight,Budget,Full Board,5,Off-Peak,127,1292,28019.66
Lucknow,Heritage,1,7,Flight,5-Star,Full Board,2,Peak,31,1696,166684.54
Mount Abu,Nature,8,4,Bus,3-Star,Half Board,4,Off-Peak,131,960,103639.22
Gwalior,Heritage,4,5,Train,4-Star,Room Only,4,Peak,166,989,132429.56
Goa,Beach,7,8,Flight,2-Star,Full Board,9,Shoulder,106,1920,300000
Mount Abu,Nature,4,6,Flight,2-Star,Half Board,1,Peak,147,444,97872.02
Varanasi,Religious,4,6,Flight,3-Star,Half Board,2,Peak,74,1176,140476.03
Bengaluru,City,6,5,Flight,3-Star,Breakfast,6,Peak,160,2415,283978.07
Visakhapatnam,Beach,3,9,Train,3-Star,Full Board,7,Off-Peak,129,1558,116918.09
Rishikesh,Adventure,3,3,Flight,3-Star,Breakfast,2,Off-Peak,168,633,53551.93
Hyderabad,City,1,3,Train,4-Star,Half Board,1,Peak,105,417,30285.13
Ooty,Nature,1,2,Flight,2-Star,Breakfast,1,Peak,119,1603,21839.5
Nashik,Religious,6,4,Flight,3-Star,Breakfast,1,Off-Peak,98,1402,131374.61
Guwahati,City,4,5,Train,4-Star,Room Only,3,Shoulder,16,2294,88791.86
Goa,Beach,1,3,Train,2-Star,Full Board,0,Peak,88,685,16322.02
Nagpur,City,1,6,Flight,2-Star,Room Only,2,Shoulder,90,1220,24822.42
Indore,City,7,9,Car,2-Star,Room Only,5,Peak,127,223,133840.8
Coorg,Nature,2,5,Train,3-Star,Breakfast,0,Shoulder,151,1644,29762.16
Lucknow,Heritage,8,5,Flight,2-Star,Breakfast,5,Off-Peak,77,1726,221591.82
Ahmedabad,City,3,4,Flight,3-Star,Full Board,2,Shoulder,40,1087,87543.44
Jaipur,Heritage,5,5,Train,5-Star,Breakfast,4,Peak,108,1025,300000
Mahabaleshwar,Nature,2,7,Flight,Budget,Breakfast,7,Shoulder,20,670,50302.31
Udaipur,Heritage,8,12,Train,4-Star,Half Board,7,Shoulder,65,868,300000
Darjeeling,Mountain,5,3,Train,3-Star,Full Board,0,Off-Peak,151,2309,85388.29
Bhubaneswar,Religious,3,13,Car,5-Star,Room Only,0,Off-Peak,174,388,260147.54
Ooty,Nature,3,8,Car,4-Star,Breakfast,5,Shoulder,12,961,135456.17
Delhi,City,3,5,Flight,Budget,Breakfast,4,Off-Peak,138,1380,70355.86
Shillong,Nature,5,4,Flight,4-Star,Half Board,2,Shoulder,98,651,140643.69
Nashik,Religious,6,3,Car,4-Star,Half Board,1,Off-Peak,20,1078,98366.22
Jaipur,Heritage,2,8,Flight,4-Star,Half Board,5,Shoulder,117,1193,98262.29
Khajuraho,Heritage,4,10,Flight,3-Star,Full Board,3,Peak,104,601,205707.75
Dehradun,Nature,3,7,Train,2-Star,Breakfast,8,Off-Peak,156,913,54074.12
Pachmarhi,Nature,6,3,Train,2-Star,Breakfast,2,Peak,124,363,55894.88
Darjeeling,Mountain,2,11,Train,3-Star,Room Only,10,Shoulder,93,1990,75496.6
Gwalior,Heritage,2,5,Car,4-Star,Full Board,6,Off-Peak,121,327,44690.39
Lucknow,Heritage,6,15,Car,Budget,Breakfast,5,Peak,158,660,140069.47
Pune,City,5,7,Bus,5-Star,Full Board,7,Shoulder,91,258,300000
Guwahati,City,6,6,Flight,4-Star,Breakfast,2,Off-Peak,107,1393,198521.21
Port Blair,Beach,4,8,Flight,3-Star,Full Board,3,Peak,165,2957,300000
Bhubaneswar,Religious,6,7,Flight,Budget,Room Only,2,Peak,99,1386,120671.45
Mahabaleshwar,Nature,3,7,Train,Budget,Full Board,3,Shoulder,65,1028,73896.95
Rishikesh,Adventure,3,7,Train,2-Star,Room Only,6,Peak,39,472,60364.52
Goa,Beach,8,4,Car,Budget,Full Board,2,Off-Peak,137,476,95744.55
Manali,Mountain,2,5,Flight,2-Star,Room Only,1,Shoulder,73,1793,60586.32
Amritsar,Religious,3,3,Car,4-Star,Room Only,2,Peak,14,357,69389.65
Dharamshala,Mountain,5,7,Car,5-Star,Half Board,6,Peak,133,872,300000
Udaipur,Heritage,3,6,Train,3-Star,Breakfast,5,Peak,114,1096,90949.99
Mumbai,City,6,6,Car,4-Star,Half Board,6,Peak,171,1301,295396.31
Ooty,Nature,3,5,Bus,5-Star,Breakfast,3,Off-Peak,50,2062,122352.39
Mount Abu,Nature,5,5,Car,2-Star,Room Only,4,Off-Peak,83,951,51019.33
Ranthambore,Wildlife,5,4,Train,3-Star,Full Board,0,Off-Peak,44,1088,81689.2
Visakhapatnam,Beach,3,5,Train,2-Star,Room Only,0,Off-Peak,176,917,23014.78
Haridwar,Religious,4,2,Car,5-Star,Breakfast,0,Shoulder,41,414,70947.0
Aurangabad,Heritage,1,6,Train,2-Star,Half Board,2,Peak,47,1381,27021.82
Hyderabad,City,8,3,Train,4-Star,Breakfast,1,Peak,15,1966,178606.71
Shimla,Mountain,4,9,Car,Budget,Breakfast,7,Peak,125,811,96414.89
Goa,Beach,1,10,Train,5-Star,Half Board,3,Off-Peak,85,1512,156774.09
Mumbai,City,5,2,Bus,4-Star,Half Board,0,Shoulder,164,790,54735.8
Indore,City,4,5,Flight,3-Star,Half Board,4,Peak,121,661,125145.16
Tirupati,Religious,1,7,Flight,Budget,Breakfast,4,Off-Peak,161,1646,25205.7
Kodaikanal,Nature,5,6,Car,Budget,Room Only,1,Peak,50,1400,60878.65
Aurangabad,Heritage,2,2,Car,2-Star,Breakfast,1,Peak,41,272,12127.57
Manali,Mountain,7,2,Train,3-Star,Breakfast,0,Peak,51,1738,80019.75
Kodaikanal,Nature,1,7,Flight,4-Star,Full Board,5,Peak,70,909,102779.48
Dharamshala,Mountain,1,4,Train,3-Star,Full Board,3,Peak,21,1826,37263.75
Jodhpur,Heritage,2,10,Bus,3-Star,Room Only,4,Peak,65,1212,53572.39
Visakhapatnam,Beach,2,6,Flight,2-Star,Half Board,6,Peak,139,989,70130.15
Kolkata,City,4,6,Car,3-Star,Room Only,6,Peak,96,329,82233.35
Manali,Mountain,2,8,Flight,Budget,Breakfast,9,Peak,148,1183,66805.15
Delhi,City,3,6,Flight,2-Star,Half Board,5,Peak,102,1270,105253.74
Delhi,City,1,8,Train,4-Star,Breakfast,1,Shoulder,78,1418,60496.82
Amritsar,Religious,3,4,Train,2-Star,Breakfast,2,Shoulder,114,1979,40130.75
Ahmedabad,City,3,5,Car,5-Star,Full Board,3,Off-Peak,17,450,132244.16
Gangtok,Mountain,5,14,Flight,2-Star,Room Only,0,Shoulder,40,1950,183852.55
Visakhapatnam,Beach,2,5,Train,3-Star,Breakfast,3,Shoulder,146,680,29328.01
Puri,Beach,4,10,Train,2-Star,Half Board,9,Off-Peak,123,1965,108493.03
Srinagar,Nature,7,5,Car,3-Star,Room Only,5,Shoulder,164,1677,151146.16
Bhopal,Heritage,3,4,Train,Budget,Breakfast,0,Peak,174,674,20012.85
Bhubaneswar,Religious,2,7,Train,2-Star,Room Only,7,Shoulder,60,579,29964.59
Guwahati,City,1,3,Train,2-Star,Half Board,1,Shoulder,153,575,9435.27
Puri,Beach,4,6,Train,4-Star,Room Only,6,Peak,176,1831,159214.1
Munnar,Nature,7,9,Flight,3-Star,Half Board,9,Peak,137,2061,300000
Kodaikanal,Nature,2,2,Flight,5-Star,Half Board,1,Peak,89,1352,65779.39
Ooty,Nature,4,5,Flight,5-Star,Breakfast,0,Off-Peak,60,1180,187657.4
Pune,City,6,3,Train,5-Star,Breakfast,3,Off-Peak,149,116,116231.77
Lucknow,Heritage,5,3,Flight,Budget,Breakfast,3,Shoulder,175,1366,95075.38
Puducherry,Beach,2,6,Bus,2-Star,Half Board,1,Off-Peak,70,2328,24020.65
Puri,Beach,4,6,Train,3-Star,Breakfast,2,Peak,75,2078,93348.1
Mumbai,City,1,7,Car,3-Star,Full Board,0,Peak,61,478,44514.39
Visakhapatnam,Beach,3,6,Train,Budget,Half Board,1,Off-Peak,14,705,28774.6
Hyderabad,City,3,2,Train,4-Star,Breakfast,1,Off-Peak,11,623,33238.24
Mumbai,City,2,5,Car,3-Star,Half Board,4,Shoulder,116,332,31494.22
Ooty,Nature,3,13,Train,2-Star,Breakfast,6,Shoulder,73,808,82907.05
Rishikesh,Adventure,1,10,Flight,3-Star,Half Board,3,Off-Peak,63,1403,49353.51
Gwalior,Heritage,3,10,Train,3-Star,Half Board,7,Peak,170,856,162507.53
Nagpur,City,2,5,Bus,4-Star,Breakfast,5,Peak,33,320,64702.37
Diu,Beach,8,6,Train,4-Star,Breakfast,7,Peak,18,1553,300000
Delhi,City,3,8,Flight,4-Star,Breakfast,3,Peak,20,1505,198911.0
Coorg,Nature,4,6,Bus,5-Star,Full Board,6,Off-Peak,135,406,171637.04
Guwahati,City,3,7,Flight,5-Star,Full Board,5,Shoulder,97,1975,283757.41
Jaipur,Heritage,3,6,Car,4-Star,Half Board,0,Off-Peak,91,219,80551.85
Puri,Beach,4,3,Car,Budget,Breakfast,0,Peak,58,1225,33941.54
Bhubaneswar,Religious,2,3,Car,3-Star,Full Board,2,Shoulder,138,1536,35184.47
Madurai,Religious,6,6,Train,Budget,Room Only,3,Off-Peak,17,1643,52137.56
Hyderabad,City,2,5,Flight,5-Star,Half Board,0,Peak,110,1598,120223.02
Agra,Heritage,5,6,Bus,4-Star,Breakfast,2,Peak,40,142,183260.32
Port Blair,Beach,7,3,Train,4-Star,Half Board,3,Peak,25,2241,238849.71
Bengaluru,City,2,6,Car,2-Star,Breakfast,1,Peak,112,982,26277.19
Nagpur,City,2,9,Bus,4-Star,Breakfast,2,Off-Peak,154,798,54757.12
Mount Abu,Nature,4,5,Bus,5-Star,Half Board,2,Peak,31,1112,216585.27
Chennai,City,6,3,Train,Budget,Full Board,3,Peak,80,2057,107032.23
Gangtok,Mountain,4,7,Car,4-Star,Half Board,4,Shoulder,45,1043,170062.58
Puducherry,Beach,4,12,Flight,5-Star,Breakfast,8,Peak,49,636,300000
Kochi,Beach,2,10,Flight,Budget,Half Board,3,Peak,31,1942,84594.35
Delhi,City,8,7,Train,4-Star,Room Only,8,Shoulder,72,751,266427.92
Puri,Beach,3,2,Train,3-Star,Full Board,2,Peak,52,1610,48939.62
Ooty,Nature,5,7,Bus,2-Star,Breakfast,2,Peak,81,725,86994.44
Puducherry,Beach,2,4,Car,Budget,Breakfast,4,Shoulder,105,879,22652.87
Dharamshala,Mountain,5,7,Flight,Budget,Room Only,1,Peak,152,1806,127294.9
Jodhpur,Heritage,6,5,Train,2-Star,Breakfast,6,Off-Peak,15,980,80956.84
Darjeeling,Mountain,3,5,Flight,5-Star,Breakfast,6,Shoulder,91,2038,247003.55
Hyderabad,City,4,6,Flight,2-Star,Room Only,6,Peak,85,1168,106880.35
Jaipur,Heritage,4,3,Flight,5-Star,Full Board,3,Shoulder,112,242,123773.59
Ranthambore,Wildlife,8,7,Car,3-Star,Half Board,3,Off-Peak,105,428,122106.65
Dehradun,Nature,1,5,Car,3-Star,Breakfast,2,Off-Peak,74,461,18029.61
Amritsar,Religious,2,10,Train,5-Star,Half Board,3,Shoulder,84,1259,193772.7
Srinagar,Nature,2,4,Train,5-Star,Room Only,4,Shoulder,59,949,79588.23
Munnar,Nature,1,7,Flight,4-Star,Breakfast,5,Peak,127,1109,72665.28
Kolkata,City,4,6,Train,4-Star,Breakfast,0,Off-Peak,9,1171,77428.67
Bhubaneswar,Religious,8,6,Train,Budget,Full Board,0,Peak,64,997,139560.58
Visakhapatnam,Beach,3,7,Train,Budget,Room Only,6,Peak,117,875,49923.41
Ooty,Nature,3,3,Train,3-Star,Half Board,0,Peak,130,1188,41450.78
Port Blair,Beach,5,9,Flight,4-Star,Room Only,6,Shoulder,47,2372,300000
Bhubaneswar,Religious,3,5,Flight,4-Star,Breakfast,5,Shoulder,89,1460,122135.52
Delhi,City,7,11,Bus,5-Star,Full Board,1,Shoulder,130,219,300000
Coorg,Nature,3,5,Train,5-Star,Breakfast,3,Shoulder,92,2074,151345.58
Port Blair,Beach,3,7,Flight,Budget,Full Board,5,Peak,90,2570,224615.45
Kochi,Beach,7,8,Flight,2-Star,Full Board,3,Off-Peak,95,1964,298125.68
Kolkata,City,1,4,Car,3-Star,Room Only,4,Off-Peak,157,1236,15985.83
Mahabaleshwar,Nature,4,3,Train,2-Star,Half Board,0,Peak,118,614,31738.64
Mahabaleshwar,Nature,1,11,Train,4-Star,Room Only,2,Peak,144,968,83028.21
Kodaikanal,Nature,2,2,Train,2-Star,Half Board,0,Shoulder,35,1473,13816.72
Chennai,City,2,5,Flight,5-Star,Half Board,6,Peak,164,440,150645.42
Udaipur,Heritage,3,5,Train,4-Star,Breakfast,6,Peak,115,411,108627.33
Nashik,Religious,2,7,Bus,Budget,Half Board,1,Off-Peak,10,195,15292.01
Lucknow,Heritage,3,12,Bus,4-Star,Full Board,1,Shoulder,101,283,209534.87
Tirupati,Religious,8,5,Flight,Budget,Breakfast,1,Peak,155,1237,145038.49
Srinagar,Nature,3,11,Flight,3-Star,Room Only,10,Peak,76,1527,197143.21
Tirupati,Religious,5,5,Car,2-Star,Half Board,4,Shoulder,69,432,75530.01
Shillong,Nature,2,5,Train,3-Star,Room Only,6,Peak,172,704,44550.22
Nashik,Religious,2,2,Train,2-Star,Breakfast,1,Off-Peak,11,647,8943.8
Nainital,Nature,5,6,Flight,3-Star,Room Only,6,Peak,126,1570,176519.76
Tirupati,Religious,5,4,Car,Budget,Breakfast,3,Peak,51,334,46720.06
Surat,City,2,12,Train,4-Star,Breakfast,7,Peak,90,332,139549.91
Chennai,City,5,3,Bus,4-Star,Half Board,0,Off-Peak,96,471,68091.97
Aurangabad,Heritage,4,6,Train,2-Star,Half Board,3,Shoulder,168,873,56214.84
Puri,Beach,7,2,Train,3-Star,Breakfast,2,Peak,22,1050,93436.63
Goa,Beach,3,4,Flight,5-Star,Breakfast,0,Shoulder,101,2242,197898.54
Mahabaleshwar,Nature,4,12,Train,5-Star,Room Only,3,Shoulder,67,1572,300000
Delhi,City,4,13,Flight,3-Star,Half Board,5,Shoulder,18,975,180139.18
Puducherry,Beach,7,5,Train,2-Star,Room Only,3,Peak,18,2409,117033.47
Delhi,City,2,3,Train,2-Star,Half Board,3,Peak,36,1725,26162.49
Indore,City,7,11,Train,2-Star,Full Board,3,Shoulder,163,1144,248888.2
Indore,City,2,6,Train,4-Star,Breakfast,3,Off-Peak,65,330,36473.11
Mount Abu,Nature,2,8,Train,4-Star,Breakfast,0,Off-Peak,174,1447,57995.62
Amritsar,Religious,2,5,Flight,4-Star,Breakfast,4,Peak,159,1658,88622.28
Madurai,Religious,1,10,Flight,3-Star,Breakfast,5,Shoulder,85,2455,66936.38
Pune,City,4,4,Train,3-Star,Breakfast,0,Off-Peak,138,713,31640.12
Srinagar,Nature,5,5,Flight,4-Star,Room Only,0,Peak,145,1991,218480.95
Agra,Heritage,4,13,Flight,2-Star,Breakfast,3,Shoulder,43,1095,125874.14
Mount Abu,Nature,3,2,Train,2-Star,Breakfast,1,Shoulder,86,702,17194.64
Nainital,Nature,7,6,Flight,3-Star,Full Board,2,Peak,62,1652,290063.09
Varanasi,Religious,3,6,Train,Budget,Breakfast,4,Shoulder,83,1029,33159.51
Bhopal,Heritage,2,4,Flight,5-Star,Full Board,3,Shoulder,93,1122,110548.18
Jaipur,Heritage,1,7,Train,Budget,Half Board,5,Peak,39,1077,23586.48
Nagpur,City,4,15,Flight,3-Star,Breakfast,5,Peak,161,605,214915.14
Visakhapatnam,Beach,4,9,Train,3-Star,Room Only,8,Peak,115,1690,142535.82
Nashik,Religious,6,12,Car,3-Star,Half Board,2,Shoulder,34,736,200400.15
Mumbai,City,6,3,Train,3-Star,Breakfast,0,Off-Peak,148,1864,59281.57
Hampi,Heritage,2,5,Car,3-Star,Full Board,1,Peak,130,2008,59776.6
Visakhapatnam,Beach,3,5,Flight,3-Star,Room Only,2,Peak,77,1989,106999.26
Indore,City,2,9,Train,3-Star,Breakfast,9,Peak,7,1223,76360.78
Ahmedabad,City,4,3,Car,2-Star,Breakfast,2,Peak,159,496,39432.95
Bhopal,Heritage,2,5,Train,4-Star,Half Board,5,Shoulder,164,1037,52987.32
Bhubaneswar,Religious,5,3,Flight,2-Star,Breakfast,0,Peak,62,663,88095.8
Mount Abu,Nature,2,13,Car,2-Star,Full Board,6,Off-Peak,154,455,66409.17
Rishikesh,Adventure,1,11,Flight,4-Star,Breakfast,2,Peak,105,1277,104557.6
Khajuraho,Heritage,3,6,Flight,3-Star,Breakfast,5,Off-Peak,56,1329,82819.41
Kodaikanal,Nature,4,6,Flight,5-Star,Half Board,3,Shoulder,26,2461,249614.72
Coorg,Nature,3,4,Bus,2-Star,Breakfast,1,Peak,52,479,36166.78
Kolkata,City,7,6,Train,2-Star,Room Only,0,Off-Peak,25,1094,56708.0
Coorg,Nature,1,5,Flight,Budget,Breakfast,1,Shoulder,21,1085,22113.82
Nainital,Nature,3,3,Train,3-Star,Breakfast,3,Peak,169,463,42208.68
Jaisalmer,Heritage,6,5,Bus,3-Star,Half Board,0,Off-Peak,102,961,76507.0
Varanasi,Religious,6,15,Car,2-Star,Breakfast,8,Peak,153,260,207900.96
Haridwar,Religious,1,2,Flight,3-Star,Breakfast,2,Shoulder,24,356,18857.7
Amritsar,Religious,5,5,Car,2-Star,Breakfast,4,Peak,34,953,86036.74
Bhopal,Heritage,8,5,Train,4-Star,Breakfast,4,Off-Peak,107,703,154717.22
Dehradun,Nature,4,5,Flight,2-Star,Breakfast,5,Shoulder,15,1529,102771.71
Mount Abu,Nature,2,8,Flight,4-Star,Room Only,8,Shoulder,128,1323,92435.49
Agra,Heritage,2,2,Car,4-Star,Full Board,1,Peak,27,118,31166.09
Aurangabad,Heritage,3,5,Bus,3-Star,Breakfast,4,Off-Peak,115,579,43634.44
Leh,Adventure,4,3,Train,4-Star,Room Only,1,Off-Peak,67,1968,82175.08
Aurangabad,Heritage,2,11,Train,3-Star,Half Board,5,Shoulder,27,1359,76138.74
Aurangabad,Heritage,3,15,Bus,4-Star,Breakfast,5,Off-Peak,19,1043,201799.42
Srinagar,Nature,5,10,Train,2-Star,Full Board,2,Peak,18,816,263986.77
Nainital,Nature,4,6,Flight,4-Star,Full Board,4,Off-Peak,2,1183,160602.35
Udaipur,Heritage,6,6,Car,3-Star,Breakfast,6,Peak,17,646,143427.83
Kochi,Beach,2,7,Flight,4-Star,Breakfast,7,Off-Peak,164,2465,96614.35
Aurangabad,Heritage,2,3,Train,3-Star,Full Board,1,Off-Peak,12,829,19965.61
Srinagar,Nature,2,10,Flight,Budget,Breakfast,0,Shoulder,157,1786,49734.25
Kolkata,City,4,5,Bus,4-Star,Breakfast,0,Peak,107,973,90195.67
Mysuru,Heritage,4,9,Train,3-Star,Breakfast,5,Peak,72,837,137687.28
Hampi,Heritage,2,3,Flight,3-Star,Breakfast,2,Off-Peak,36,865,34168.02
Chennai,City,3,8,Flight,Budget,Full Board,2,Off-Peak,74,501,64509.61
Puducherry,Beach,2,9,Car,3-Star,Breakfast,10,Peak,46,1655,74202.78
Mahabaleshwar,Nature,1,3,Flight,4-Star,Room Only,0,Peak,105,1454,42743.72
Aurangabad,Heritage,4,4,Flight,Budget,Full Board,1,Peak,44,1480,128869.18
Surat,City,2,5,Flight,4-Star,Breakfast,3,Off-Peak,114,262,39703.98
Bengaluru,City,2,5,Flight,4-Star,Half Board,0,Shoulder,131,2295,82886.41
Tirupati,Religious,4,6,Flight,4-Star,Breakfast,4,Peak,45,1914,212073.6
Varanasi,Religious,5,4,Train,4-Star,Half Board,3,Peak,134,1331,154970.6
Haridwar,Religious,5,13,Car,2-Star,Room Only,5,Shoulder,18,445,110119.47
Darjeeling,Mountain,5,5,Train,3-Star,Breakfast,2,Peak,58,1329,113235.99
Munnar,Nature,5,5,Flight,4-Star,Breakfast,0,Shoulder,129,2420,234617.7
Kodaikanal,Nature,5,4,Car,3-Star,Full Board,1,Peak,56,608,121049.36
Chennai,City,5,5,Train,4-Star,Half Board,4,Peak,106,1913,190440.95
Goa,Beach,6,5,Car,4-Star,Breakfast,4,Shoulder,55,985,163587.77
Udaipur,Heritage,4,6,Train,3-Star,Breakfast,3,Peak,74,1103,84811.51
Mahabaleshwar,Nature,3,6,Train,4-Star,Breakfast,6,Off-Peak,58,677,78534.04
Gangtok,Mountain,7,5,Flight,3-Star,Breakfast,4,Peak,145,2013,286058.79
Tirupati,Religious,2,13,Car,5-Star,Room Only,10,Off-Peak,123,744,158282.37
Udaipur,Heritage,4,6,Train,Budget,Breakfast,3,Off-Peak,96,1061,35052.46
Nainital,Nature,2,6,Flight,3-Star,Full Board,1,Shoulder,103,1304,74414.62
Nashik,Religious,5,9,Bus,2-Star,Half Board,10,Shoulder,98,1017,151772.08
Lucknow,Heritage,4,7,Train,Budget,Half Board,4,Peak,25,1372,73208.01
Gwalior,Heritage,2,7,Train,4-Star,Room Only,8,Shoulder,180,421,62641.0
Tirupati,Religious,2,7,Car,3-Star,Breakfast,3,Off-Peak,106,531,32779.49
Visakhapatnam,Beach,5,3,Car,2-Star,Half Board,1,Peak,158,321,50609.64
Aurangabad,Heritage,2,8,Train,Budget,Breakfast,7,Peak,104,1216,41309.1
Khajuraho,Heritage,1,3,Car,4-Star,Breakfast,0,Shoulder,133,1375,27845.98
Bhopal,Heritage,1,5,Car,4-Star,Full Board,1,Peak,136,731,52782.6
Kodaikanal,Nature,3,2,Car,3-Star,Half Board,2,Peak,116,1140,48075.57
Agra,Heritage,5,11,Flight,3-Star,Breakfast,6,Off-Peak,11,1218,183546.96
Ranthambore,Wildlife,4,6,Train,3-Star,Half Board,4,Shoulder,45,1268,92784.8
Mysuru,Heritage,1,10,Train,2-Star,Full Board,5,Peak,173,2342,60918.03
Chennai,City,4,4,Car,5-Star,Breakfast,3,Shoulder,139,293,119569.64
Kolkata,City,5,4,Bus,5-Star,Breakfast,0,Off-Peak,153,840,140058.37
Port Blair,Beach,6,8,Train,5-Star,Full Board,4,Shoulder,165,2760,300000
Kolkata,City,3,9,Flight,5-Star,Full Board,0,Shoulder,92,1304,283633.07
Amritsar,Religious,6,3,Flight,2-Star,Room Only,2,Shoulder,50,1905,157419.31
Leh,Adventure,2,11,Car,5-Star,Half Board,3,Shoulder,3,994,234699.2
Jodhpur,Heritage,7,7,Flight,2-Star,Breakfast,2,Off-Peak,27,889,171747.53
Khajuraho,Heritage,5,3,Flight,5-Star,Breakfast,1,Peak,68,1447,293016.24
Agra,Heritage,2,2,Flight,2-Star,Full Board,1,Peak,158,1296,42731.24
Nashik,Religious,3,12,Train,3-Star,Room Only,9,Shoulder,147,1454,123646.56
Nagpur,City,2,13,Flight,5-Star,Full Board,10,Shoulder,150,1306,263193.92
Mahabaleshwar,Nature,8,7,Train,3-Star,Breakfast,4,Peak,93,1035,195841.9
Madurai,Religious,1,4,Flight,5-Star,Room Only,0,Peak,105,838,82363.93
Ooty,Nature,1,4,Flight,3-Star,Room Only,3,Peak,56,633,29074.64
Mount Abu,Nature,3,10,Flight,2-Star,Breakfast,9,Peak,116,1575,143372.91
Mysuru,Heritage,4,15,Flight,2-Star,Half Board,4,Peak,38,2377,257474.87
Munnar,Nature,1,10,Bus,3-Star,Breakfast,1,Shoulder,141,1441,35814.56
Bhopal,Heritage,7,5,Flight,3-Star,Half Board,6,Peak,78,1032,254126.17
Hyderabad,City,2,5,Train,5-Star,Breakfast,2,Off-Peak,125,1591,69147.61
Hampi,Heritage,3,5,Flight,2-Star,Breakfast,2,Shoulder,113,2435,94502.59
Indore,City,1,6,Train,3-Star,Room Only,4,Off-Peak,159,942,22472.55
Goa,Beach,2,4,Flight,Budget,Breakfast,0,Shoulder,143,735,26772.45
Pune,City,6,3,Bus,5-Star,Half Board,1,Peak,95,455,231176.55
Ooty,Nature,6,12,Flight,2-Star,Full Board,0,Shoulder,93,626,232725.19
Coorg,Nature,2,6,Flight,3-Star,Breakfast,1,Off-Peak,163,2177,63556.06
Puri,Beach,5,5,Flight,5-Star,Room Only,5,Shoulder,122,2200,300000
Kolkata,City,3,10,Flight,4-Star,Breakfast,0,Peak,86,1424,247806.86
Pune,City,4,3,Bus,4-Star,Half Board,2,Off-Peak,122,191,42760.02
Tirupati,Religious,4,9,Train,3-Star,Room Only,3,Peak,158,1230,105276.6
Kolkata,City,6,5,Flight,4-Star,Room Only,2,Off-Peak,163,1998,221905.78
Diu,Beach,3,6,Train,2-Star,Full Board,7,Peak,57,929,102521.26
Port Blair,Beach,1,3,Train,2-Star,Room Only,3,Off-Peak,87,2861,19551.84
Pune,City,7,8,Flight,2-Star,Half Board,1,Off-Peak,11,1647,190595.08
Gangtok,Mountain,4,7,Train,Budget,Half Board,7,Peak,81,2648,130108.3
Shimla,Mountain,4,7,Train,Budget,Half Board,0,Peak,141,1005,63535.75
Mumbai,City,6,7,Flight,Budget,Full Board,7,Shoulder,36,1720,249246.12
Ahmedabad,City,4,2,Flight,5-Star,Half Board,1,Peak,50,1407,163737.71
Manali,Mountain,2,3,Flight,5-Star,Half Board,2,Peak,90,1206,100829.96
Bhubaneswar,Religious,3,8,Flight,4-Star,Half Board,8,Off-Peak,52,931,138273.7
Amritsar,Religious,2,4,Car,3-Star,Breakfast,1,Off-Peak,122,692,19039.76
Srinagar,Nature,2,6,Flight,4-Star,Half Board,4,Peak,25,1333,104546.56
Kolkata,City,2,8,Flight,Budget,Breakfast,7,Shoulder,84,2086,75155.13
Ooty,Nature,2,5,Flight,3-Star,Breakfast,0,Shoulder,21,2274,77334.97
Nashik,Religious,1,4,Train,2-Star,Full Board,2,Shoulder,121,548,14573.75
Haridwar,Religious,5,2,Flight,Budget,Breakfast,1,Peak,18,811,91420.8
Dharamshala,Mountain,5,6,Train,2-Star,Breakfast,7,Shoulder,169,1109,93031.24
Visakhapatnam,Beach,4,5,Car,2-Star,Full Board,6,Peak,1,376,116427.2
Agra,Heritage,8,8,Train,4-Star,Half Board,6,Shoulder,146,762,300000
Mount Abu,Nature,6,5,Train,Budget,Half Board,4,Peak,120,1115,88205.7
Srinagar,Nature,5,4,Flight,3-Star,Half Board,3,Peak,48,1104,191888.77
Dharamshala,Mountain,5,8,Flight,3-Star,Full Board,6,Shoulder,90,1687,242870.37
Goa,Beach,3,4,Flight,2-Star,Half Board,3,Peak,6,1089,93172.73
Varanasi,Religious,5,9,Train,Budget,Room Only,2,Shoulder,58,756,44609.43
Bhubaneswar,Religious,8,5,Flight,2-Star,Room Only,4,Peak,82,1630,221410.24
Guwahati,City,7,5,Train,Budget,Half Board,6,Off-Peak,154,808,79872.76
Delhi,City,5,4,Flight,Budget,Half Board,0,Shoulder,15,807,95187.77
Srinagar,Nature,4,5,Train,4-Star,Room Only,6,Peak,66,1818,162144.06
Guwahati,City,1,10,Car,3-Star,Half Board,4,Peak,77,1387,60828.74
Khajuraho,Heritage,5,7,Train,2-Star,Room Only,6,Off-Peak,60,1489,64429.23
Nashik,Religious,1,6,Train,3-Star,Room Only,2,Peak,124,469,31998.95
Hampi,Heritage,5,5,Train,4-Star,Full Board,6,Shoulder,2,1177,213952.24
Puducherry,Beach,5,4,Flight,2-Star,Full Board,0,Peak,11,1974,172541.45
Tirupati,Religious,1,8,Car,Budget,Room Only,4,Shoulder,6,258,12370.6
Gwalior,Heritage,4,4,Flight,2-Star,Breakfast,2,Off-Peak,135,291,45538.22
Hyderabad,City,7,6,Train,3-Star,Breakfast,2,Peak,52,1976,208950.46
Coorg,Nature,1,6,Flight,3-Star,Full Board,6,Shoulder,90,608,42299.62
Ooty,Nature,6,9,Train,3-Star,Full Board,2,Shoulder,32,815,175408.0
Jaisalmer,Heritage,4,2,Train,3-Star,Half Board,2,Peak,52,1093,50152.19
Pachmarhi,Nature,2,8,Bus,3-Star,Breakfast,3,Off-Peak,131,952,31387.29
Ahmedabad,City,1,5,Bus,Budget,Full Board,3,Shoulder,36,776,15858.22
Lucknow,Heritage,6,11,Flight,2-Star,Half Board,5,Peak,102,1643,297758.09
Nagpur,City,1,6,Bus,5-Star,Full Board,2,Shoulder,145,864,96091.28
Srinagar,Nature,2,9,Flight,2-Star,Room Only,7,Peak,176,1828,89633.75
Nainital,Nature,5,3,Train,2-Star,Breakfast,1,Peak,16,1022,45867.04
Mysuru,Heritage,7,6,Train,2-Star,Half Board,7,Shoulder,3,2301,165114.04
Hampi,Heritage,7,6,Train,3-Star,Half Board,1,Peak,68,1328,210461.88
Bhubaneswar,Religious,2,3,Train,2-Star,Half Board,0,Peak,145,1515,20055.09
Lucknow,Heritage,7,8,Train,3-Star,Breakfast,2,Off-Peak,51,1283,127996.85
Rishikesh,Adventure,3,5,Train,Budget,Half Board,5,Shoulder,121,1597,46688.79
Shillong,Nature,3,3,Car,5-Star,Room Only,1,Peak,178,1488,127547.03
Guwahati,City,4,2,Flight,2-Star,Room Only,0,Off-Peak,125,2012,74527.36
Munnar,Nature,1,5,Flight,4-Star,Room Only,5,Shoulder,18,1647,62312.79
Ranthambore,Wildlife,2,9,Train,4-Star,Half Board,9,Shoulder,167,549,89049.11
Tirupati,Religious,6,5,Train,Budget,Full Board,4,Off-Peak,76,719,71738.65
Amritsar,Religious,8,6,Flight,3-Star,Half Board,1,Peak,27,1644,300000
Kochi,Beach,8,6,Flight,3-Star,Breakfast,3,Peak,154,2097,300000
Dehradun,Nature,1,9,Flight,3-Star,Half Board,0,Shoulder,22,1505,56879.01
Mumbai,City,2,5,Train,4-Star,Half Board,1,Shoulder,12,432,42651.67
Madurai,Religious,3,5,Train,Budget,Half Board,4,Peak,65,348,46057.37
Shimla,Mountain,6,3,Flight,Budget,Breakfast,2,Peak,78,951,117035.06
Nashik,Religious,5,3,Car,3-Star,Room Only,3,Peak,113,450,73522.68
Tirupati,Religious,3,6,Flight,4-Star,Breakfast,5,Peak,12,2307,207645.58
Pachmarhi,Nature,3,9,Train,2-Star,Room Only,2,Peak,147,696,57596.52
Udaipur,Heritage,2,5,Train,4-Star,Breakfast,4,Off-Peak,67,1331,45625.24
Ranthambore,Wildlife,2,6,Bus,3-Star,Breakfast,7,Peak,148,220,47318.86
Kodaikanal,Nature,7,11,Car,4-Star,Room Only,8,Peak,59,2411,300000
Manali,Mountain,2,10,Car,5-Star,Half Board,10,Peak,94,637,247026.53
Jaipur,Heritage,8,13,Car,4-Star,Breakfast,0,Shoulder,90,183,300000
Shimla,Mountain,4,6,Train,4-Star,Breakfast,7,Peak,45,1166,146205.55
Udaipur,Heritage,7,5,Train,4-Star,Breakfast,3,Shoulder,46,691,171518.48
Guwahati,City,3,8,Flight,5-Star,Room Only,5,Off-Peak,61,2483,220479.97
Udaipur,Heritage,6,5,Train,3-Star,Breakfast,1,Peak,21,638,102421.59
Darjeeling,Mountain,6,2,Car,Budget,Half Board,0,Shoulder,120,743,30052.22
Ooty,Nature,4,9,Flight,3-Star,Room Only,4,Off-Peak,22,1509,141142.53
Ranthambore,Wildlife,5,7,Train,Budget,Full Board,7,Peak,172,1003,161730.54
Indore,City,6,7,Flight,5-Star,Half Board,7,Peak,102,1177,300000
Kodaikanal,Nature,5,9,Train,2-Star,Half Board,2,Peak,122,792,146776.08
Bhubaneswar,Religious,7,5,Flight,Budget,Half Board,4,Peak,65,1074,191245.45
Jaisalmer,Heritage,4,8,Train,Budget,Breakfast,7,Off-Peak,84,967,61151.56
Kochi,Beach,2,6,Bus,3-Star,Breakfast,4,Peak,53,639,47582.66
Ahmedabad,City,1,4,Flight,2-Star,Half Board,0,Shoulder,95,890,22648.68
Nagpur,City,4,3,Car,4-Star,Half Board,3,Shoulder,67,275,69778.76
Surat,City,3,2,Train,Budget,Breakfast,0,Peak,125,962,15071.19
Mysuru,Heritage,5,3,Train,2-Star,Half Board,0,Peak,109,595,40538.77
Hampi,Heritage,2,5,Train,3-Star,Breakfast,6,Peak,86,747,43655.94
Dharamshala,Mountain,4,5,Flight,Budget,Room Only,1,Shoulder,130,1115,56465.19
Kodaikanal,Nature,7,8,Flight,5-Star,Half Board,9,Peak,128,986,300000
Haridwar,Religious,4,2,Car,3-Star,Room Only,2,Peak,36,425,37479.01
Puri,Beach,2,11,Train,2-Star,Half Board,8,Peak,124,352,68592.78
Nashik,Religious,2,8,Car,3-Star,Breakfast,3,Peak,61,433,51986.71
Surat,City,1,4,Car,5-Star,Breakfast,1,Peak,14,160,83497.98
Madurai,Religious,2,5,Flight,3-Star,Full Board,2,Off-Peak,105,2286,66195.36
Chennai,City,2,4,Flight,5-Star,Breakfast,1,Shoulder,3,2341,106445.36
Bhubaneswar,Religious,1,5,Flight,2-Star,Full Board,4,Peak,152,1575,39524.28
Lucknow,Heritage,8,8,Car,5-Star,Breakfast,4,Off-Peak,22,1254,300000
Ahmedabad,City,6,7,Train,4-Star,Breakfast,7,Peak,38,1037,253798.71
Dehradun,Nature,2,5,Train,3-Star,Breakfast,0,Peak,117,804,30367.76
Jaisalmer,Heritage,5,4,Bus,2-Star,Breakfast,4,Peak,106,1158,66863.24
Leh,Adventure,2,12,Flight,2-Star,Breakfast,10,Shoulder,104,2630,126982.27
Khajuraho,Heritage,5,6,Bus,3-Star,Half Board,2,Peak,130,572,118011.81
Guwahati,City,2,6,Flight,Budget,Room Only,1,Shoulder,73,2572,61314.9
Jaisalmer,Heritage,2,7,Train,3-Star,Room Only,8,Shoulder,150,522,43585.55
Srinagar,Nature,6,5,Car,4-Star,Room Only,3,Off-Peak,98,978,128439.96
Lucknow,Heritage,7,6,Flight,2-Star,Full Board,4,Shoulder,46,851,242353.14
Rishikesh,Adventure,4,3,Flight,2-Star,Room Only,2,Shoulder,3,1575,82296.7
Rishikesh,Adventure,4,8,Bus,3-Star,Half Board,0,Peak,79,151,98674.12
Gwalior,Heritage,8,4,Flight,2-Star,Half Board,4,Peak,175,325,149222.6
Port Blair,Beach,5,2,Flight,3-Star,Full Board,1,Shoulder,7,2990,241750.31
Udaipur,Heritage,3,4,Train,2-Star,Full Board,3,Off-Peak,73,496,38381.31
Pune,City,2,11,Car,2-Star,Breakfast,9,Peak,137,468,52326.25
Lucknow,Heritage,4,4,Train,5-Star,Breakfast,0,Peak,51,833,172640.46
Srinagar,Nature,1,10,Flight,Budget,Room Only,0,Off-Peak,81,2300,30664.23
Lucknow,Heritage,5,7,Flight,4-Star,Full Board,5,Off-Peak,39,1096,253605.64
Darjeeling,Mountain,1,4,Train,2-Star,Breakfast,1,Shoulder,3,1132,14193.73
Darjeeling,Mountain,2,6,Flight,5-Star,Room Only,7,Shoulder,88,626,116353.89
Kolkata,City,8,3,Bus,5-Star,Half Board,3,Shoulder,117,1803,225571.7
Bhopal,Heritage,6,6,Flight,Budget,Room Only,5,Peak,62,1467,164395.66
Coorg,Nature,7,4,Train,3-Star,Breakfast,0,Peak,157,2239,116612.27
Khajuraho,Heritage,2,6,Flight,2-Star,Full Board,6,Shoulder,152,1633,63662.79
Ooty,Nature,3,7,Flight,2-Star,Breakfast,4,Peak,125,1491,93085.38
Lucknow,Heritage,3,6,Train,5-Star,Full Board,2,Peak,114,359,300000
Agra,Heritage,5,8,Train,2-Star,Breakfast,9,Shoulder,50,484,91633.02
Agra,Heritage,2,4,Car,2-Star,Full Board,0,Off-Peak,94,877,20865.07
Madurai,Religious,4,4,Car,2-Star,Breakfast,3,Shoulder,7,2272,59490.62
Mysuru,Heritage,4,4,Flight,Budget,Room Only,2,Off-Peak,114,1609,67707.53
Pune,City,2,6,Train,3-Star,Breakfast,6,Off-Peak,78,1714,35975.09
Guwahati,City,3,2,Flight,4-Star,Full Board,0,Off-Peak,84,1472,86759.53
Bhopal,Heritage,6,4,Train,4-Star,Breakfast,0,Peak,59,561,138549.77
Jaipur,Heritage,2,10,Car,3-Star,Breakfast,0,Peak,68,440,59372.08
Shillong,Nature,2,6,Flight,4-Star,Breakfast,5,Shoulder,94,2879,100036.34
Aurangabad,Heritage,3,4,Flight,4-Star,Room Only,0,Shoulder,135,1427,96637.51
Nashik,Religious,7,6,Car,2-Star,Breakfast,2,Peak,92,1518,130767.32
Shillong,Nature,3,3,Car,2-Star,Half Board,2,Off-Peak,17,2282,51382.06
Hyderabad,City,5,7,Car,3-Star,Full Board,5,Off-Peak,14,296,126972.87
Haridwar,Religious,7,7,Train,3-Star,Half Board,5,Off-Peak,126,1077,146994.82
Mumbai,City,3,15,Bus,3-Star,Room Only,10,Peak,115,469,177203.03
Agra,Heritage,5,5,Flight,4-Star,Half Board,4,Shoulder,40,1152,216069.93
Gangtok,Mountain,1,3,Flight,Budget,Full Board,1,Peak,36,2492,35524.71
Dharamshala,Mountain,2,11,Flight,Budget,Half Board,3,Peak,98,995,69780.0
Lucknow,Heritage,4,2,Flight,4-Star,Half Board,1,Peak,52,1459,111657.32
Port Blair,Beach,2,3,Car,5-Star,Half Board,0,Shoulder,123,2968,101875.36
Pune,City,3,5,Train,3-Star,Breakfast,6,Peak,54,1478,91688.11
Diu,Beach,1,6,Flight,3-Star,Breakfast,6,Shoulder,116,1744,39210.78
Kolkata,City,4,3,Car,5-Star,Half Board,0,Off-Peak,170,669,82314.88
Nagpur,City,3,3,Car,5-Star,Breakfast,3,Shoulder,175,1028,95193.2
Ahmedabad,City,8,8,Train,4-Star,Half Board,7,Shoulder,170,609,300000
Mahabaleshwar,Nature,7,4,Bus,2-Star,Full Board,4,Off-Peak,176,516,81275.23
Delhi,City,6,11,Bus,3-Star,Half Board,8,Peak,157,421,291531.06
Mumbai,City,4,4,Train,3-Star,Full Board,0,Off-Peak,85,1642,60035.06
Jaipur,Heritage,2,4,Train,5-Star,Breakfast,0,Shoulder,154,1161,64915.04
Khajuraho,Heritage,4,7,Train,4-Star,Half Board,5,Off-Peak,31,871,119223.76
Indore,City,2,4,Train,5-Star,Full Board,0,Peak,165,968,93502.62
Jodhpur,Heritage,4,4,Train,3-Star,Room Only,4,Peak,125,588,58634.71
Dharamshala,Mountain,7,6,Train,Budget,Full Board,4,Shoulder,105,2192,154874.03
Bengaluru,City,5,3,Car,3-Star,Half Board,2,Shoulder,22,1098,78105.07
Rishikesh,Adventure,6,7,Car,Budget,Full Board,7,Peak,135,237,179288.4
Jodhpur,Heritage,8,4,Flight,3-Star,Breakfast,3,Off-Peak,136,397,128080.79
Ranthambore,Wildlife,2,9,Train,5-Star,Breakfast,8,Off-Peak,152,795,109355.2
Aurangabad,Heritage,5,5,Bus,4-Star,Full Board,6,Shoulder,46,446,154000.23
Surat,City,4,3,Train,3-Star,Breakfast,3,Peak,58,171,45789.49
Nashik,Religious,3,7,Flight,4-Star,Breakfast,3,Off-Peak,27,732,113325.77
Bengaluru,City,5,5,Flight,2-Star,Room Only,5,Peak,179,2047,171740.47
Khajuraho,Heritage,8,6,Car,Budget,Breakfast,5,Off-Peak,149,731,73045.15
Mysuru,Heritage,4,3,Car,3-Star,Full Board,3,Peak,124,834,86465.19
Surat,City,3,5,Flight,3-Star,Room Only,3,Shoulder,9,486,66532.77
Gwalior,Heritage,5,4,Flight,2-Star,Half Board,2,Off-Peak,91,814,92122.98
Indore,City,7,5,Train,Budget,Breakfast,2,Shoulder,123,733,47750.98
Leh,Adventure,4,8,Bus,4-Star,Half Board,3,Peak,90,2567,225936.0
Srinagar,Nature,5,11,Train,2-Star,Full Board,5,Shoulder,47,1066,227904.17
Nashik,Religious,5,9,Train,3-Star,Room Only,8,Shoulder,100,797,120872.67
Gangtok,Mountain,3,4,Train,5-Star,Half Board,3,Peak,166,1040,222801.06
Shillong,Nature,1,5,Train,4-Star,Breakfast,5,Shoulder,143,2417,48426.18
Pachmarhi,Nature,3,10,Flight,2-Star,Breakfast,8,Off-Peak,84,1450,87863.89
Nashik,Religious,2,5,Train,4-Star,Breakfast,1,Off-Peak,109,1568,44485.48
Goa,Beach,5,7,Train,Budget,Breakfast,6,Shoulder,143,2374,88543.72
Bhopal,Heritage,5,4,Flight,Budget,Breakfast,1,Peak,84,885,82104.49
Bengaluru,City,6,7,Train,3-Star,Half Board,0,Shoulder,180,279,106917.87
Agra,Heritage,2,11,Train,Budget,Room Only,1,Shoulder,147,569,16998.9
Agra,Heritage,2,6,Bus,2-Star,Breakfast,2,Shoulder,146,1249,22487.78
Mysuru,Heritage,6,8,Car,4-Star,Room Only,0,Peak,54,1332,232046.84
Dharamshala,Mountain,6,4,Car,2-Star,Room Only,1,Peak,122,870,53956.64
Jaisalmer,Heritage,7,6,Train,4-Star,Room Only,4,Peak,97,1105,232398.4
Kolkata,City,2,11,Flight,3-Star,Breakfast,3,Shoulder,70,1963,89631.03
Pachmarhi,Nature,6,6,Car,2-Star,Breakfast,0,Shoulder,56,1263,68440.4
Ooty,Nature,6,6,Train,4-Star,Room Only,1,Off-Peak,167,1009,112960.14
Nashik,Religious,3,3,Train,Budget,Half Board,2,Peak,49,582,35820.81
Port Blair,Beach,2,3,Train,4-Star,Full Board,3,Shoulder,51,2971,63641.66
Khajuraho,Heritage,6,5,Train,5-Star,Breakfast,1,Peak,33,1298,288171.53
Darjeeling,Mountain,2,10,Flight,2-Star,Breakfast,0,Shoulder,79,982,47788.49
Rishikesh,Adventure,1,5,Car,3-Star,Half Board,3,Peak,122,760,33405.73
Dharamshala,Mountain,1,2,Train,Budget,Room Only,2,Peak,59,602,7441.71
Port Blair,Beach,4,6,Flight,5-Star,Room Only,0,Peak,85,2542,300000
Chennai,City,2,8,Train,2-Star,Half Board,4,Peak,52,928,50377.79
Puducherry,Beach,4,4,Flight,Budget,Full Board,2,Peak,37,2060,145460.94
Nainital,Nature,3,6,Bus,2-Star,Half Board,7,Shoulder,139,413,58768.24
Ahmedabad,City,3,4,Flight,3-Star,Half Board,3,Off-Peak,53,326,55046.84
Rishikesh,Adventure,6,8,Flight,2-Star,Breakfast,2,Peak,56,1129,167058.23
Gwalior,Heritage,2,9,Flight,Budget,Breakfast,3,Off-Peak,48,854,44688.02
Pachmarhi,Nature,4,4,Car,Budget,Half Board,4,Peak,140,417,54231.9
Munnar,Nature,2,2,Train,2-Star,Full Board,1,Shoulder,126,936,15870.1
Bhubaneswar,Religious,2,7,Train,3-Star,Breakfast,3,Peak,156,493,51778.78
Hyderabad,City,4,4,Train,4-Star,Full Board,4,Shoulder,141,434,91936.88
Bengaluru,City,5,9,Car,2-Star,Room Only,6,Peak,110,505,96861.1
Srinagar,Nature,1,5,Train,Budget,Full Board,4,Shoulder,74,1024,22373.89
Haridwar,Religious,1,4,Train,4-Star,Full Board,2,Off-Peak,1,1146,27187.89
Hampi,Heritage,3,13,Flight,4-Star,Full Board,10,Off-Peak,142,1066,238192.7
Port Blair,Beach,7,6,Flight,3-Star,Breakfast,2,Off-Peak,11,2712,300000
Dehradun,Nature,1,3,Flight,Budget,Breakfast,3,Off-Peak,62,745,16992.5
Shimla,Mountain,3,5,Bus,4-Star,Half Board,5,Peak,164,1155,140090.88
Hyderabad,City,4,5,Train,3-Star,Full Board,4,Peak,130,1805,122327.29
Mount Abu,Nature,3,10,Flight,Budget,Room Only,4,Peak,14,1305,81368.1
Kochi,Beach,2,6,Bus,2-Star,Half Board,5,Peak,152,576,35538.99
Shimla,Mountain,4,2,Flight,5-Star,Half Board,1,Shoulder,85,947,104939.82
Mahabaleshwar,Nature,6,7,Car,2-Star,Room Only,2,Off-Peak,144,523,44668.47
Amritsar,Religious,1,6,Train,2-Star,Half Board,6,Shoulder,68,1163,22023.37
Tirupati,Religious,2,8,Bus,3-Star,Half Board,5,Shoulder,14,296,56601.25
Delhi,City,6,6,Flight,4-Star,Half Board,3,Shoulder,66,688,222999.54
Tirupati,Religious,2,8,Flight,2-Star,Breakfast,2,Peak,77,1303,55984.08
Darjeeling,Mountain,7,3,Train,4-Star,Full Board,1,Off-Peak,71,727,118705.46
Dehradun,Nature,6,8,Train,Budget,Full Board,4,Peak,72,269,158929.24
Mahabaleshwar,Nature,3,8,Train,3-Star,Half Board,5,Shoulder,82,522,83773.83
Kochi,Beach,4,6,Flight,4-Star,Room Only,5,Peak,21,1288,208545.76
Mumbai,City,5,7,Flight,3-Star,Breakfast,2,Off-Peak,176,780,128340.22
Amritsar,Religious,8,7,Flight,3-Star,Breakfast,1,Off-Peak,98,1627,209538.21
Mumbai,City,5,5,Bus,5-Star,Breakfast,1,Peak,35,340,300000
Bengaluru,City,1,3,Flight,Budget,Half Board,1,Peak,103,722,18716.22
Port Blair,Beach,3,6,Flight,2-Star,Half Board,1,Off-Peak,87,2347,133028.44
Tirupati,Religious,4,3,Bus,2-Star,Breakfast,3,Peak,6,2346,46418.01
Manali,Mountain,3,11,Car,3-Star,Breakfast,1,Shoulder,121,1318,104499.99
Munnar,Nature,3,4,Flight,3-Star,Room Only,4,Peak,36,1002,96753.61
Guwahati,City,7,9,Flight,2-Star,Breakfast,9,Off-Peak,20,1739,222950.6
Shillong,Nature,7,6,Train,4-Star,Room Only,4,Shoulder,150,710,177167.42
Visakhapatnam,Beach,3,4,Bus,3-Star,Breakfast,3,Shoulder,31,462,40836.27
Hampi,Heritage,6,2,Train,3-Star,Half Board,2,Shoulder,83,1106,62292.91
Nashik,Religious,1,6,Bus,3-Star,Half Board,0,Off-Peak,107,530,19446.69
Nashik,Religious,2,5,Car,3-Star,Half Board,3,Shoulder,27,1466,46715.1
Varanasi,Religious,3,6,Flight,2-Star,Half Board,0,Peak,76,1827,114770.23
Bhopal,Heritage,2,3,Train,3-Star,Full Board,3,Peak,132,1038,42353.81
Tirupati,Religious,8,5,Train,3-Star,Full Board,4,Peak,159,1257,259553.5
Guwahati,City,8,6,Train,Budget,Half Board,2,Peak,139,1091,122336.43
Mahabaleshwar,Nature,2,7,Flight,3-Star,Breakfast,8,Peak,170,922,89442.54
Nainital,Nature,4,15,Car,Budget,Half Board,1,Shoulder,158,287,91635.23
Nagpur,City,6,7,Car,3-Star,Full Board,4,Off-Peak,145,365,130670.93
Pachmarhi,Nature,1,5,Bus,3-Star,Full Board,6,Off-Peak,20,485,25840.4
Shillong,Nature,1,3,Flight,Budget,Half Board,3,Shoulder,66,965,22661.73
Goa,Beach,3,4,Flight,3-Star,Full Board,1,Peak,83,595,105697.12
Ahmedabad,City,1,3,Car,4-Star,Room Only,1,Shoulder,2,114,23599.74
Nagpur,City,2,4,Car,5-Star,Half Board,0,Off-Peak,106,838,58871.47
Mumbai,City,1,7,Train,5-Star,Half Board,3,Peak,59,1846,146108.78
Darjeeling,Mountain,8,15,Flight,5-Star,Room Only,9,Peak,18,1823,300000
Nainital,Nature,4,5,Flight,2-Star,Breakfast,4,Peak,134,1799,140746.3
Aurangabad,Heritage,3,6,Car,Budget,Breakfast,4,Peak,121,442,44190.38
Mysuru,Heritage,5,3,Car,5-Star,Half Board,2,Peak,108,1604,189850.03
Guwahati,City,4,6,Flight,2-Star,Room Only,4,Shoulder,142,1752,112634.33
Ranthambore,Wildlife,5,8,Flight,5-Star,Breakfast,5,Off-Peak,63,627,300000
Gwalior,Heritage,3,4,Flight,3-Star,Full Board,0,Peak,94,1354,90977.44
Jaipur,Heritage,1,4,Bus,3-Star,Room Only,3,Off-Peak,37,910,13734.82
Delhi,City,3,3,Car,4-Star,Half Board,0,Peak,173,281,73864.16
Mumbai,City,4,5,Train,3-Star,Breakfast,5,Off-Peak,175,454,55367.82
Mumbai,City,2,5,Car,3-Star,Breakfast,2,Peak,21,815,41692.75
Bengaluru,City,5,6,Car,5-Star,Breakfast,7,Peak,20,540,300000
Shillong,Nature,2,7,Flight,Budget,Breakfast,6,Peak,128,1235,60333.19
Shimla,Mountain,4,2,Flight,2-Star,Half Board,2,Shoulder,115,1227,75189.62
Leh,Adventure,8,5,Flight,3-Star,Breakfast,0,Shoulder,150,2297,300000
Leh,Adventure,4,4,Flight,5-Star,Breakfast,3,Shoulder,111,1618,245208.1
Ahmedabad,City,3,11,Car,5-Star,Full Board,6,Peak,50,1075,300000
Manali,Mountain,2,6,Flight,4-Star,Room Only,0,Peak,165,1380,90977.9
Manali,Mountain,1,6,Train,Budget,Full Board,0,Shoulder,25,1761,23433.02
Aurangabad,Heritage,6,12,Train,Budget,Half Board,5,Shoulder,72,691,140870.46
Visakhapatnam,Beach,6,3,Flight,3-Star,Half Board,2,Off-Peak,98,2130,167883.19
Shillong,Nature,4,9,Car,2-Star,Breakfast,7,Peak,9,715,101380.65
Gwalior,Heritage,6,4,Train,3-Star,Room Only,4,Off-Peak,158,202,59300.63
Shillong,Nature,2,2,Car,4-Star,Room Only,1,Off-Peak,153,2135,27161.02
Chennai,City,3,5,Bus,2-Star,Room Only,3,Shoulder,169,1899,33688.14
Agra,Heritage,7,6,Car,4-Star,Room Only,3,Off-Peak,72,543,174820.58
Kolkata,City,4,2,Train,5-Star,Room Only,2,Peak,26,988,111828.0
Hyderabad,City,2,6,Train,5-Star,Full Board,1,Off-Peak,138,1393,87489.6
Guwahati,City,1,7,Train,Budget,Full Board,7,Shoulder,162,2382,25420.78
Puducherry,Beach,1,6,Flight,3-Star,Half Board,4,Off-Peak,27,2194,42192.1
Nagpur,City,1,13,Flight,3-Star,Half Board,4,Shoulder,74,1035,68937.87
Varanasi,Religious,2,6,Bus,4-Star,Breakfast,0,Shoulder,156,1303,44698.91
Mumbai,City,2,7,Train,3-Star,Full Board,3,Peak,180,1369,68498.14
Indore,City,4,12,Car,3-Star,Breakfast,0,Peak,157,851,144938.91
Nainital,Nature,5,2,Bus,2-Star,Room Only,1,Peak,173,1168,30830.94
Kochi,Beach,2,5,Flight,Budget,Room Only,4,Peak,122,2584,66963.7
Varanasi,Religious,1,4,Car,4-Star,Half Board,1,Peak,50,388,42140.48
Guwahati,City,2,3,Flight,3-Star,Breakfast,2,Shoulder,98,1924,57717.93
Goa,Beach,1,7,Train,4-Star,Room Only,5,Peak,107,855,70350.8
Haridwar,Religious,8,2,Train,Budget,Breakfast,0,Peak,37,1510,47482.73
Puducherry,Beach,3,2,Flight,3-Star,Half Board,1,Peak,125,2049,83643.17
Aurangabad,Heritage,4,4,Car,Budget,Full Board,4,Peak,86,1534,95086.97
Munnar,Nature,3,6,Train,3-Star,Half Board,5,Shoulder,97,686,79147.7
Diu,Beach,5,5,Car,5-Star,Breakfast,4,Shoulder,37,1552,247636.58
Khajuraho,Heritage,8,4,Bus,3-Star,Half Board,3,Shoulder,82,587,95149.39
Gwalior,Heritage,5,2,Flight,5-Star,Full Board,0,Peak,111,1260,213674.27
Nainital,Nature,3,11,Train,3-Star,Breakfast,0,Shoulder,137,1314,85443.77
Kolkata,City,8,6,Flight,4-Star,Half Board,4,Peak,29,2178,300000
Guwahati,City,4,3,Flight,5-Star,Breakfast,1,Peak,92,1321,156724.65
Kochi,Beach,2,7,Bus,3-Star,Breakfast,0,Peak,168,2434,44680.62
Dharamshala,Mountain,8,6,Train,2-Star,Half Board,6,Peak,119,943,181616.36
Aurangabad,Heritage,5,9,Flight,5-Star,Room Only,1,Peak,61,1642,300000
Manali,Mountain,4,2,Flight,Budget,Full Board,0,Off-Peak,7,1401,85658.97
Puducherry,Beach,5,4,Train,4-Star,Half Board,4,Off-Peak,25,743,101561.51
Jaisalmer,Heritage,7,11,Flight,3-Star,Breakfast,3,Shoulder,157,1290,300000
Ooty,Nature,5,5,Flight,Budget,Half Board,6,Shoulder,55,2232,189136.4
Varanasi,Religious,6,4,Flight,3-Star,Breakfast,0,Peak,67,1282,162004.34
Khajuraho,Heritage,6,7,Train,Budget,Half Board,3,Shoulder,26,837,87556.06
Gwalior,Heritage,2,11,Train,2-Star,Half Board,7,Peak,165,700,77103.88
Mumbai,City,1,4,Train,4-Star,Breakfast,3,Peak,28,739,37907.25
Jaipur,Heritage,2,7,Car,3-Star,Breakfast,1,Peak,155,163,38602.38
Srinagar,Nature,2,5,Train,2-Star,Room Only,6,Off-Peak,27,1350,26409.64
Bhubaneswar,Religious,2,4,Car,2-Star,Breakfast,2,Off-Peak,177,1533,20626.16
Kodaikanal,Nature,6,8,Flight,2-Star,Full Board,8,Peak,1,2343,300000
Diu,Beach,1,9,Flight,5-Star,Breakfast,2,Peak,177,1731,189750.09
Guwahati,City,3,5,Car,3-Star,Room Only,0,Peak,106,1055,57091.24
Leh,Adventure,2,2,Train,3-Star,Half Board,1,Peak,40,2039,28753.65
Ahmedabad,City,3,6,Car,4-Star,Room Only,3,Off-Peak,116,1406,78347.06
Delhi,City,2,8,Train,3-Star,Breakfast,3,Shoulder,44,1442,46922.85
Bhopal,Heritage,4,6,Flight,3-Star,Half Board,7,Off-Peak,174,1371,135540.98
Bengaluru,City,4,8,Train,5-Star,Full Board,5,Peak,38,1545,300000
Kochi,Beach,3,5,Flight,4-Star,Half Board,6,Shoulder,148,1925,131827.22
Manali,Mountain,3,5,Flight,4-Star,Breakfast,0,Peak,82,942,155329.65
Leh,Adventure,6,4,Train,3-Star,Breakfast,2,Off-Peak,138,1825,103733.81
Puri,Beach,8,10,Flight,4-Star,Breakfast,9,Peak,158,1725,300000
Kolkata,City,1,5,Flight,4-Star,Half Board,4,Peak,175,2050,65077.19
Jaipur,Heritage,5,6,Flight,3-Star,Half Board,4,Peak,101,914,191833.41
Ooty,Nature,4,7,Flight,3-Star,Breakfast,8,Shoulder,125,2493,170607.14
Port Blair,Beach,8,4,Bus,3-Star,Breakfast,0,Peak,54,1881,138672.51
Udaipur,Heritage,7,15,Flight,3-Star,Full Board,8,Off-Peak,10,1230,300000
Ahmedabad,City,3,7,Flight,4-Star,Half Board,2,Peak,24,620,182534.32
Chennai,City,3,8,Bus,2-Star,Room Only,2,Off-Peak,176,1645,29280.87
Leh,Adventure,3,6,Train,Budget,Half Board,0,Off-Peak,88,2081,46732.6
Aurangabad,Heritage,5,3,Train,2-Star,Breakfast,1,Shoulder,111,725,33739.85
Shimla,Mountain,4,4,Bus,2-Star,Full Board,2,Off-Peak,17,824,48823.43
Jaisalmer,Heritage,4,4,Train,2-Star,Half Board,1,Off-Peak,177,1368,37790.17
Puri,Beach,5,3,Flight,2-Star,Room Only,3,Peak,163,1287,107115.82
Nainital,Nature,6,6,Flight,Budget,Half Board,0,Peak,105,1604,166737.73
Puri,Beach,3,8,Car,4-Star,Room Only,8,Shoulder,180,1124,124168.54
Hyderabad,City,2,6,Train,5-Star,Half Board,7,Off-Peak,11,1358,81241.66
Shillong,Nature,2,6,Train,2-Star,Room Only,1,Peak,81,660,18512.97
Pachmarhi,Nature,4,8,Flight,2-Star,Breakfast,3,Peak,159,400,98475.37
Ahmedabad,City,3,4,Flight,3-Star,Breakfast,1,Peak,165,262,67548.97
Srinagar,Nature,3,3,Flight,2-Star,Half Board,0,Peak,13,1817,104245.98
Mount Abu,Nature,5,9,Flight,3-Star,Room Only,6,Peak,32,759,230994.73
Gwalior,Heritage,3,9,Train,4-Star,Breakfast,9,Peak,34,805,202210.5
Hyderabad,City,1,7,Train,3-Star,Full Board,4,Shoulder,26,724,45436.43
Udaipur,Heritage,3,7,Flight,4-Star,Breakfast,6,Peak,31,1374,220195.21
Pachmarhi,Nature,4,8,Car,2-Star,Breakfast,8,Peak,168,351,89515.55
Puri,Beach,2,5,Car,4-Star,Full Board,0,Peak,143,1324,72239.52
Khajuraho,Heritage,4,4,Train,3-Star,Room Only,2,Peak,4,1256,57527.59
Hampi,Heritage,2,7,Train,2-Star,Breakfast,6,Shoulder,103,591,27688.85
Ahmedabad,City,1,3,Flight,3-Star,Breakfast,2,Off-Peak,33,1196,23561.06
Delhi,City,3,3,Flight,3-Star,Full Board,3,Peak,179,976,98377.64
Kochi,Beach,2,9,Flight,4-Star,Half Board,3,Off-Peak,27,2258,105254.84
Haridwar,Religious,1,4,Flight,3-Star,Breakfast,2,Peak,146,1297,40460.27
Puri,Beach,2,3,Bus,5-Star,Breakfast,0,Shoulder,70,534,44179.05
Manali,Mountain,8,8,Train,Budget,Half Board,3,Off-Peak,128,1546,137908.41
Surat,City,5,5,Train,3-Star,Breakfast,2,Peak,58,754,111426.79
Shillong,Nature,5,4,Train,4-Star,Full Board,1,Peak,69,2538,188452.37
Guwahati,City,3,4,Flight,3-Star,Breakfast,1,Shoulder,61,2210,103054.03
Hampi,Heritage,1,8,Train,3-Star,Half Board,1,Peak,140,2005,50668.31
Hyderabad,City,5,4,Train,Budget,Breakfast,0,Shoulder,158,1151,30758.05
Hampi,Heritage,3,6,Flight,3-Star,Breakfast,2,Shoulder,73,801,75838.05
Udaipur,Heritage,5,4,Bus,Budget,Room Only,3,Peak,71,472,37850.84
Goa,Beach,5,4,Car,5-Star,Breakfast,2,Peak,165,1870,300000
Guwahati,City,2,6,Train,4-Star,Room Only,1,Off-Peak,77,1304,36999.23
Pachmarhi,Nature,8,13,Flight,2-Star,Full Board,2,Off-Peak,40,1366,300000
Indore,City,3,7,Bus,4-Star,Half Board,8,Shoulder,24,878,128301.41
Haridwar,Religious,4,8,Flight,Budget,Half Board,0,Shoulder,24,324,75088.98
Madurai,Religious,5,3,Flight,4-Star,Breakfast,3,Peak,116,860,166324.97
Ahmedabad,City,1,7,Train,2-Star,Full Board,6,Peak,83,678,43792.11
Aurangabad,Heritage,4,7,Bus,Budget,Breakfast,0,Peak,15,512,34006.82
Shillong,Nature,4,6,Train,2-Star,Full Board,5,Peak,141,872,109211.32
Pachmarhi,Nature,7,3,Bus,2-Star,Breakfast,3,Shoulder,107,911,55148.09
Guwahati,City,2,7,Flight,4-Star,Full Board,7,Shoulder,136,635,95081.61
Visakhapatnam,Beach,3,5,Bus,5-Star,Half Board,1,Off-Peak,15,1093,121674.61
Ahmedabad,City,6,8,Flight,2-Star,Full Board,5,Peak,92,869,235035.56
Aurangabad,Heritage,4,3,Bus,2-Star,Half Board,3,Peak,57,469,37872.38
Ranthambore,Wildlife,2,6,Train,4-Star,Breakfast,0,Shoulder,120,1458,56576.45
Delhi,City,4,5,Train,5-Star,Half Board,1,Shoulder,95,219,140619.73
Surat,City,5,6,Car,5-Star,Room Only,0,Shoulder,63,618,237681.87
Darjeeling,Mountain,4,4,Flight,Budget,Full Board,2,Peak,142,2382,140872.07
Gangtok,Mountain,4,5,Flight,Budget,Half Board,1,Off-Peak,65,2252,132223.45
Varanasi,Religious,3,6,Flight,3-Star,Room Only,4,Off-Peak,97,1157,75413.62
Tirupati,Religious,1,6,Flight,5-Star,Breakfast,3,Off-Peak,126,2319,82553.46
Chennai,City,1,5,Flight,4-Star,Room Only,3,Peak,64,490,49327.03
Dharamshala,Mountain,5,4,Car,3-Star,Breakfast,1,Peak,3,2075,111577.05
Tirupati,Religious,2,10,Flight,3-Star,Breakfast,10,Peak,102,2418,114677.37
Amritsar,Religious,7,12,Flight,2-Star,Room Only,7,Shoulder,64,604,174890.81
Bhubaneswar,Religious,3,6,Bus,5-Star,Breakfast,7,Peak,47,371,227754.87
Dehradun,Nature,4,6,Flight,Budget,Full Board,0,Off-Peak,109,996,81132.36
Nashik,Religious,8,2,Train,3-Star,Half Board,1,Peak,162,851,80393.86
Puri,Beach,5,5,Car,5-Star,Half Board,1,Shoulder,35,2152,300000
Surat,City,2,4,Flight,5-Star,Room Only,4,Peak,151,1276,126653.74
Kochi,Beach,3,4,Flight,3-Star,Breakfast,1,Off-Peak,169,2168,84410.42
Madurai,Religious,8,3,Car,4-Star,Breakfast,3,Shoulder,112,318,126419.72
Shimla,Mountain,6,4,Flight,3-Star,Room Only,3,Shoulder,99,1711,152324.33
Shillong,Nature,1,8,Train,Budget,Breakfast,3,Off-Peak,116,1079,10919.74
Port Blair,Beach,3,7,Train,3-Star,Room Only,2,Peak,110,2975,129376.45
Pune,City,2,2,Train,3-Star,Half Board,1,Peak,10,1732,22398.95
Ranthambore,Wildlife,2,5,Train,5-Star,Full Board,4,Shoulder,176,254,91196.79
Leh,Adventure,5,10,Flight,Budget,Breakfast,0,Peak,131,1353,167778.46
Khajuraho,Heritage,2,10,Flight,Budget,Full Board,3,Shoulder,84,1593,70229.2
Khajuraho,Heritage,5,5,Train,2-Star,Breakfast,4,Shoulder,158,675,59114.29
Pachmarhi,Nature,4,9,Bus,4-Star,Breakfast,1,Shoulder,29,1584,143203.7
Delhi,City,1,5,Flight,5-Star,Half Board,5,Peak,168,748,122549.79
Port Blair,Beach,2,6,Flight,4-Star,Full Board,4,Shoulder,131,2906,154802.5
Kodaikanal,Nature,5,7,Flight,2-Star,Full Board,3,Shoulder,40,2268,213290.61
Udaipur,Heritage,3,4,Train,3-Star,Room Only,3,Shoulder,179,306,35026.34
Shillong,Nature,4,5,Car,3-Star,Room Only,5,Peak,71,721,89520.75
Udaipur,Heritage,6,4,Train,2-Star,Full Board,1,Shoulder,118,709,88306.32
Jaipur,Heritage,2,7,Bus,3-Star,Room Only,5,Shoulder,149,1188,34776.12
Agra,Heritage,8,9,Train,3-Star,Full Board,5,Shoulder,84,628,300000
Leh,Adventure,5,6,Flight,3-Star,Half Board,4,Peak,178,2864,300000
Puducherry,Beach,2,4,Car,4-Star,Breakfast,0,Off-Peak,99,295,23270.6
Gwalior,Heritage,3,9,Flight,3-Star,Breakfast,8,Peak,23,819,157285.59
Nashik,Religious,6,4,Flight,Budget,Breakfast,0,Off-Peak,33,1133,110500.91
Gwalior,Heritage,4,12,Car,2-Star,Breakfast,10,Shoulder,81,408,86021.1
Diu,Beach,4,4,Car,3-Star,Breakfast,2,Peak,124,1026,64419.03
Tirupati,Religious,4,3,Train,Budget,Breakfast,3,Peak,37,916,38945.98
Bhopal,Heritage,4,3,Bus,3-Star,Room Only,3,Peak,77,204,41239.27
Mysuru,Heritage,5,8,Train,Budget,Breakfast,4,Off-Peak,21,727,55154.72
Darjeeling,Mountain,4,6,Train,3-Star,Full Board,4,Shoulder,107,2175,119658.02
Port Blair,Beach,2,3,Flight,4-Star,Room Only,2,Peak,112,2331,88581.48
Agra,Heritage,1,8,Flight,2-Star,Breakfast,2,Peak,79,1234,40078.81
Puri,Beach,1,10,Train,2-Star,Breakfast,9,Shoulder,17,1385,35295.7
Gwalior,Heritage,2,9,Flight,3-Star,Full Board,6,Off-Peak,2,1156,94283.95
Puri,Beach,1,10,Flight,Budget,Full Board,1,Peak,119,1516,48844.44
Kochi,Beach,2,13,Flight,4-Star,Breakfast,9,Off-Peak,10,2107,131740.03
Darjeeling,Mountain,5,4,Flight,Budget,Room Only,1,Off-Peak,2,1705,117866.62
Pune,City,6,5,Bus,Budget,Full Board,3,Peak,130,951,117053.13
Kochi,Beach,4,8,Train,3-Star,Full Board,2,Off-Peak,122,1632,118843.86
Mahabaleshwar,Nature,2,7,Train,Budget,Full Board,3,Peak,15,402,48352.91
Gangtok,Mountain,3,3,Flight,2-Star,Room Only,3,Peak,46,1150,73733.01
Gangtok,Mountain,4,3,Flight,Budget,Full Board,1,Shoulder,42,1300,105152.14
Shimla,Mountain,2,9,Flight,3-Star,Room Only,6,Peak,8,1552,99197.59
Chennai,City,3,5,Car,2-Star,Room Only,0,Off-Peak,20,388,18182.71
Ooty,Nature,1,13,Car,3-Star,Half Board,5,Peak,126,486,76006.63
Gwalior,Heritage,4,3,Car,2-Star,Full Board,1,Peak,2,431,59444.78
Port Blair,Beach,5,10,Flight,3-Star,Half Board,4,Peak,109,2266,300000
Delhi,City,4,9,Train,3-Star,Half Board,8,Peak,83,1114,164757.88
Hyderabad,City,5,7,Flight,2-Star,Half Board,2,Peak,152,1832,181870.58
Madurai,Religious,5,15,Bus,Budget,Breakfast,2,Off-Peak,5,490,62925.37
Delhi,City,7,9,Train,3-Star,Half Board,3,Shoulder,70,1302,194489.94
Nainital,Nature,1,2,Flight,3-Star,Half Board,1,Peak,3,1696,28355.53
Ahmedabad,City,2,6,Flight,Budget,Room Only,2,Peak,68,837,35294.87
Ranthambore,Wildlife,2,9,Bus,Budget,Half Board,3,Off-Peak,140,453,23411.88
Pachmarhi,Nature,3,9,Car,3-Star,Breakfast,2,Off-Peak,115,1455,80318.91
Bhubaneswar,Religious,5,5,Car,5-Star,Breakfast,2,Peak,92,1877,300000
Bhopal,Heritage,4,13,Bus,2-Star,Half Board,7,Peak,78,1393,176136.08
Bhopal,Heritage,3,9,Flight,3-Star,Breakfast,9,Off-Peak,102,246,103300.49
Kochi,Beach,1,3,Flight,3-Star,Room Only,1,Off-Peak,66,2203,29973.6
Jaisalmer,Heritage,3,5,Train,5-Star,Half Board,5,Peak,142,582,260727.93
Aurangabad,Heritage,4,12,Car,2-Star,Breakfast,3,Off-Peak,140,460,58372.07
Chennai,City,3,6,Train,3-Star,Breakfast,0,Peak,136,510,70165.64
Varanasi,Religious,2,6,Car,2-Star,Room Only,7,Peak,171,1374,40957.04
Madurai,Religious,5,9,Flight,3-Star,Half Board,10,Shoulder,20,1488,276229.73
Varanasi,Religious,2,11,Train,5-Star,Breakfast,6,Peak,140,843,214035.5
Munnar,Nature,7,6,Flight,Budget,Breakfast,5,Shoulder,6,2041,254386.76
Visakhapatnam,Beach,6,7,Car,5-Star,Full Board,5,Peak,107,658,300000
Mount Abu,Nature,4,4,Flight,3-Star,Half Board,1,Peak,90,1274,121610.81
Mahabaleshwar,Nature,3,5,Train,3-Star,Full Board,2,Shoulder,79,1258,80729.32
Agra,Heritage,5,3,Flight,3-Star,Room Only,0,Shoulder,66,425,76758.15
Port Blair,Beach,5,6,Flight,3-Star,Half Board,3,Off-Peak,76,2359,264762.08
Chennai,City,4,4,Train,2-Star,Breakfast,2,Shoulder,13,1310,44664.67
Tirupati,Religious,2,6,Flight,4-Star,Breakfast,3,Peak,116,631,75710.51
Varanasi,Religious,6,6,Train,3-Star,Breakfast,7,Shoulder,130,1333,149605.43
Mount Abu,Nature,3,5,Train,3-Star,Room Only,5,Peak,30,1524,74642.14
Mysuru,Heritage,4,12,Train,4-Star,Full Board,0,Peak,121,2393,300000
Rishikesh,Adventure,4,6,Train,3-Star,Breakfast,1,Peak,158,380,74354.65
Jodhpur,Heritage,2,6,Train,4-Star,Breakfast,2,Peak,91,1494,72406.51
Port Blair,Beach,1,7,Flight,3-Star,Room Only,3,Peak,162,2962,90088.37
Puducherry,Beach,2,5,Train,2-Star,Half Board,3,Off-Peak,105,2458,30956.15
Puducherry,Beach,2,9,Flight,5-Star,Half Board,3,Off-Peak,106,1618,162354.6
Coorg,Nature,3,3,Flight,2-Star,Half Board,1,Shoulder,139,2575,86814.52
Dharamshala,Mountain,1,6,Train,3-Star,Full Board,6,Off-Peak,3,2064,31437.87
Guwahati,City,3,4,Flight,3-Star,Breakfast,1,Shoulder,64,1842,105599.16
Manali,Mountain,3,4,Train,5-Star,Full Board,0,Off-Peak,32,460,121251.14
Coorg,Nature,2,6,Car,2-Star,Full Board,0,Shoulder,8,1068,46059.37
Jodhpur,Heritage,2,5,Car,4-Star,Room Only,1,Off-Peak,10,469,31808.65
Khajuraho,Heritage,2,5,Train,2-Star,Half Board,2,Shoulder,52,617,22700.38
Bhubaneswar,Religious,2,6,Train,Budget,Half Board,2,Peak,61,835,26358.98
Hyderabad,City,4,5,Flight,3-Star,Half Board,0,Off-Peak,115,681,85160.85
Mumbai,City,5,5,Car,5-Star,Breakfast,5,Off-Peak,71,1162,211388.45
Mount Abu,Nature,3,11,Car,4-Star,Breakfast,10,Shoulder,39,494,205600.07
Ooty,Nature,3,3,Flight,3-Star,Half Board,2,Peak,126,1853,102578.4
Delhi,City,2,9,Flight,2-Star,Half Board,0,Peak,86,1131,64377.95
Leh,Adventure,4,8,Train,3-Star,Full Board,9,Peak,19,2221,250325.96
Goa,Beach,6,3,Bus,5-Star,Half Board,1,Peak,79,1171,259997.11
Tirupati,Religious,1,6,Bus,Budget,Breakfast,7,Peak,86,1036,21741.16
Port Blair,Beach,5,12,Flight,4-Star,Room Only,3,Peak,4,2388,300000
Manali,Mountain,7,6,Train,2-Star,Breakfast,7,Shoulder,10,1100,123054.06
Khajuraho,Heritage,5,5,Train,4-Star,Half Board,4,Peak,140,1164,164332.74
Shimla,Mountain,6,7,Car,3-Star,Breakfast,4,Peak,51,850,148682.38
Kolkata,City,3,9,Flight,Budget,Half Board,4,Off-Peak,43,1912,102803.98
Nashik,Religious,8,5,Flight,4-Star,Full Board,0,Shoulder,121,1576,300000
Bhopal,Heritage,5,4,Bus,Budget,Breakfast,1,Off-Peak,6,857,25449.96
Udaipur,Heritage,6,4,Flight,2-Star,Half Board,2,Peak,91,708,132127.69
Indore,City,4,5,Train,2-Star,Breakfast,2,Peak,120,755,55509.85
Shillong,Nature,6,11,Train,3-Star,Half Board,6,Off-Peak,87,814,173349.86
Amritsar,Religious,3,3,Bus,3-Star,Breakfast,0,Peak,69,792,32625.1
Indore,City,6,3,Train,4-Star,Full Board,3,Off-Peak,91,736,106724.42
Munnar,Nature,7,5,Train,3-Star,Full Board,1,Peak,32,719,218260.92
Nashik,Religious,7,14,Flight,Budget,Breakfast,8,Shoulder,18,1479,266040.66
Bengaluru,City,2,4,Flight,4-Star,Half Board,4,Off-Peak,169,2017,67023.37
Ahmedabad,City,2,3,Car,5-Star,Full Board,3,Peak,21,673,87483.99
Haridwar,Religious,5,4,Flight,4-Star,Room Only,3,Peak,24,1085,185161.87
Tirupati,Religious,5,7,Flight,3-Star,Half Board,2,Off-Peak,54,664,161409.73
Visakhapatnam,Beach,1,7,Flight,Budget,Breakfast,4,Peak,72,1576,28177.58
Munnar,Nature,3,5,Flight,3-Star,Half Board,2,Shoulder,128,2317,115882.03
Kochi,Beach,3,12,Train,3-Star,Breakfast,10,Off-Peak,134,1985,118955.79
Tirupati,Religious,6,7,Flight,2-Star,Room Only,2,Off-Peak,12,1572,148138.52
Port Blair,Beach,5,14,Flight,2-Star,Half Board,8,Shoulder,176,2046,300000
Port Blair,Beach,5,2,Flight,4-Star,Half Board,0,Shoulder,68,2432,219177.11
Dharamshala,Mountain,4,8,Flight,2-Star,Full Board,3,Shoulder,5,1925,158322.48
Shimla,Mountain,5,6,Train,3-Star,Breakfast,1,Peak,146,1644,131707.81
Jaisalmer,Heritage,4,8,Car,4-Star,Room Only,2,Off-Peak,28,1152,91022.39
Pachmarhi,Nature,2,6,Car,4-Star,Full Board,6,Peak,109,1544,101264.64
Darjeeling,Mountain,7,5,Flight,4-Star,Room Only,3,Off-Peak,158,1359,269262.26
Dharamshala,Mountain,5,4,Flight,3-Star,Room Only,0,Peak,41,1498,123729.56
Khajuraho,Heritage,5,4,Flight,3-Star,Breakfast,1,Off-Peak,117,1679,133571.43
Nagpur,City,4,6,Bus,3-Star,Breakfast,3,Peak,65,269,86968.5
Amritsar,Religious,4,6,Train,4-Star,Half Board,7,Peak,31,1027,197890.55
Rishikesh,Adventure,3,5,Train,3-Star,Breakfast,2,Shoulder,15,167,51938.83
Ahmedabad,City,4,4,Car,5-Star,Breakfast,4,Peak,24,773,193701.69
Pachmarhi,Nature,2,10,Car,5-Star,Full Board,6,Peak,49,499,243526.58
Guwahati,City,2,8,Flight,3-Star,Room Only,1,Shoulder,126,2378,68307.94
Mysuru,Heritage,1,8,Flight,5-Star,Room Only,7,Peak,20,1660,192790.03
Ranthambore,Wildlife,6,10,Train,5-Star,Room Only,7,Peak,90,573,300000
Udaipur,Heritage,1,7,Flight,2-Star,Half Board,5,Shoulder,124,1300,41437.98
Hampi,Heritage,5,5,Train,2-Star,Room Only,1,Peak,112,1195,61225.71
Madurai,Religious,5,5,Train,4-Star,Half Board,4,Off-Peak,22,379,110158.14
Pune,City,3,6,Flight,3-Star,Half Board,0,Shoulder,48,1765,103394.78
Kochi,Beach,1,14,Flight,4-Star,Room Only,2,Shoulder,46,2090,101406.49
Madurai,Religious,2,6,Train,5-Star,Half Board,0,Off-Peak,101,974,73009.14
Aurangabad,Heritage,4,8,Train,3-Star,Half Board,3,Shoulder,1,1669,100002.47
Agra,Heritage,6,8,Car,2-Star,Breakfast,8,Peak,57,1468,165945.57
Agra,Heritage,5,4,Train,2-Star,Room Only,3,Peak,35,528,59733.17
Guwahati,City,3,4,Bus,Budget,Half Board,3,Peak,101,1963,37323.84
Delhi,City,5,5,Train,4-Star,Room Only,3,Peak,89,518,170309.01
Delhi,City,3,10,Car,Budget,Full Board,9,Peak,2,1396,132788.7
Rishikesh,Adventure,2,7,Car,4-Star,Breakfast,2,Peak,172,184,78028.42
Nashik,Religious,2,7,Car,4-Star,Breakfast,4,Peak,180,337,82769.92
Port Blair,Beach,4,3,Flight,3-Star,Breakfast,3,Peak,109,2611,206131.97
Manali,Mountain,7,4,Flight,Budget,Full Board,3,Peak,164,1767,284937.92
Haridwar,Religious,6,13,Flight,2-Star,Breakfast,1,Shoulder,63,1194,158812.79
Srinagar,Nature,1,9,Flight,3-Star,Breakfast,0,Off-Peak,80,1805,45346.6
Visakhapatnam,Beach,6,4,Flight,2-Star,Full Board,1,Peak,119,2096,179762.47
Dharamshala,Mountain,6,4,Bus,3-Star,Breakfast,3,Off-Peak,88,1587,64884.28
Shimla,Mountain,3,3,Flight,3-Star,Full Board,3,Peak,70,1593,103193.66
Chennai,City,3,8,Flight,2-Star,Room Only,5,Off-Peak,62,2222,107104.91
Mysuru,Heritage,2,8,Train,3-Star,Half Board,0,Shoulder,9,1009,47541.88
Nashik,Religious,3,6,Car,Budget,Full Board,5,Off-Peak,19,349,49302.73
Chennai,City,4,4,Bus,4-Star,Breakfast,4,Off-Peak,121,256,64217.17
Jaisalmer,Heritage,2,5,Train,3-Star,Breakfast,2,Shoulder,177,1378,34655.08
Hampi,Heritage,5,8,Train,5-Star,Half Board,0,Shoulder,104,1289,300000
Mount Abu,Nature,1,6,Flight,Budget,Full Board,2,Peak,84,474,27483.6
Ahmedabad,City,8,4,Flight,3-Star,Breakfast,0,Off-Peak,58,1492,189477.18
Tirupati,Religious,4,4,Train,Budget,Breakfast,0,Shoulder,56,1972,39510.49
Goa,Beach,5,5,Car,4-Star,Breakfast,5,Off-Peak,150,405,141237.83
Coorg,Nature,1,10,Car,2-Star,Full Board,6,Off-Peak,140,1569,35122.25
Haridwar,Religious,7,5,Train,3-Star,Half Board,2,Shoulder,147,1496,149799.94
Surat,City,2,6,Car,Budget,Breakfast,2,Off-Peak,163,1193,17703.37
Kolkata,City,3,5,Flight,3-Star,Half Board,4,Peak,28,799,120464.8
Aurangabad,Heritage,5,6,Train,Budget,Room Only,6,Peak,15,1079,84472.22
Dharamshala,Mountain,3,4,Train,3-Star,Half Board,0,Shoulder,117,1879,46234.35
Surat,City,2,8,Train,3-Star,Breakfast,7,Shoulder,59,583,47667.26
Madurai,Religious,2,5,Flight,2-Star,Half Board,3,Shoulder,136,1521,59479.66
Madurai,Religious,2,7,Car,Budget,Breakfast,0,Peak,135,1089,24892.44
Shimla,Mountain,2,8,Flight,4-Star,Room Only,9,Shoulder,110,1598,88252.07
Agra,Heritage,1,5,Car,4-Star,Room Only,2,Peak,132,891,52646.95
Khajuraho,Heritage,4,4,Bus,Budget,Breakfast,1,Shoulder,95,998,22922.63
Mumbai,City,8,7,Bus,4-Star,Breakfast,5,Off-Peak,161,1050,196396.53
Ooty,Nature,3,5,Train,5-Star,Room Only,1,Shoulder,178,2214,140379.22
Jaisalmer,Heritage,5,6,Train,5-Star,Half Board,4,Peak,104,720,300000
Varanasi,Religious,4,11,Car,4-Star,Breakfast,8,Shoulder,133,246,186811.42
Lucknow,Heritage,4,5,Flight,3-Star,Breakfast,5,Shoulder,121,1327,111666.52
Mysuru,Heritage,2,6,Train,3-Star,Room Only,6,Shoulder,92,1605,35088.61
Shimla,Mountain,2,5,Train,2-Star,Full Board,3,Peak,97,903,54463.54
Port Blair,Beach,4,7,Flight,3-Star,Half Board,7,Shoulder,64,2676,253624.61
Port Blair,Beach,3,3,Train,3-Star,Breakfast,0,Shoulder,129,1930,51431.84
Chennai,City,4,6,Train,3-Star,Half Board,0,Peak,177,1443,85039.87
Agra,Heritage,3,10,Bus,Budget,Breakfast,10,Off-Peak,167,174,39466.63
Bhubaneswar,Religious,4,5,Flight,2-Star,Breakfast,0,Shoulder,108,1150,70486.24
Nainital,Nature,6,13,Train,2-Star,Half Board,8,Shoulder,21,383,201051.5
Guwahati,City,2,5,Flight,3-Star,Half Board,2,Shoulder,165,1195,56470.79
Udaipur,Heritage,2,3,Train,2-Star,Room Only,2,Off-Peak,28,860,12111.05
Nashik,Religious,1,12,Bus,Budget,Breakfast,6,Off-Peak,149,1115,16515.39
Srinagar,Nature,2,3,Flight,Budget,Room Only,3,Shoulder,6,1748,64690.54
Leh,Adventure,5,7,Car,3-Star,Breakfast,8,Shoulder,71,1549,196243.34
Bhopal,Heritage,1,4,Train,Budget,Breakfast,4,Peak,140,825,14292.8
Pachmarhi,Nature,7,2,Train,Budget,Half Board,1,Peak,123,1019,54721.86
Coorg,Nature,4,6,Bus,2-Star,Full Board,0,Off-Peak,18,439,49027.69
Kodaikanal,Nature,5,8,Flight,3-Star,Breakfast,7,Peak,155,2141,252953.1
Kolkata,City,2,7,Car,5-Star,Breakfast,3,Off-Peak,10,1977,88840.12
Hampi,Heritage,5,7,Flight,Budget,Room Only,0,Off-Peak,156,2459,125563.95
Jaipur,Heritage,4,11,Train,Budget,Breakfast,3,Peak,16,688,74280.66
Nagpur,City,1,7,Flight,3-Star,Room Only,5,Peak,107,472,47556.39
Srinagar,Nature,6,9,Flight,Budget,Full Board,2,Shoulder,104,2376,289172.72
Manali,Mountain,2,4,Flight,2-Star,Breakfast,4,Peak,9,1973,65217.42
Tirupati,Religious,4,4,Bus,2-Star,Breakfast,2,Peak,72,1810,48210.49
Kolkata,City,3,8,Flight,5-Star,Half Board,0,Off-Peak,19,1760,257705.03
Varanasi,Religious,5,5,Car,2-Star,Breakfast,3,Peak,51,931,79318.87
Mahabaleshwar,Nature,1,5,Car,3-Star,Breakfast,4,Off-Peak,32,1042,23498.53
Mahabaleshwar,Nature,3,10,Train,Budget,Breakfast,5,Peak,112,1225,57554.66
Srinagar,Nature,2,7,Train,2-Star,Breakfast,1,Peak,101,2069,39044.15
Srinagar,Nature,5,4,Flight,2-Star,Breakfast,4,Peak,168,807,127869.42
Srinagar,Nature,7,3,Train,4-Star,Half Board,3,Shoulder,174,678,140506.2
Mahabaleshwar,Nature,6,6,Flight,Budget,Breakfast,3,Off-Peak,75,1364,129727.43
Jaisalmer,Heritage,6,7,Train,Budget,Half Board,4,Peak,7,1121,107376.55
Kodaikanal,Nature,5,4,Flight,Budget,Breakfast,1,Off-Peak,131,2226,109410.36
Jodhpur,Heritage,4,7,Train,3-Star,Breakfast,1,Peak,84,790,95201.72
Visakhapatnam,Beach,2,7,Flight,4-Star,Full Board,4,Off-Peak,53,2189,96242.81
Surat,City,3,5,Train,Budget,Half Board,2,Peak,121,177,37423.08
Coorg,Nature,3,4,Train,4-Star,Room Only,0,Peak,142,814,82496.99
Amritsar,Religious,4,6,Train,2-Star,Full Board,7,Shoulder,13,1248,93007.37
Hampi,Heritage,3,3,Train,2-Star,Room Only,2,Shoulder,7,828,25673.48
Nagpur,City,2,2,Train,4-Star,Breakfast,0,Peak,33,272,23226.97
Bhubaneswar,Religious,5,8,Train,Budget,Room Only,2,Off-Peak,63,888,34496.51
Guwahati,City,2,5,Train,5-Star,Room Only,4,Shoulder,50,2098,81575.74
Varanasi,Religious,1,8,Train,Budget,Full Board,2,Peak,90,970,34620.92
Darjeeling,Mountain,4,7,Flight,3-Star,Breakfast,5,Peak,9,2243,224157.52
Bhopal,Heritage,3,9,Train,3-Star,Breakfast,10,Off-Peak,15,625,86093.51
Rishikesh,Adventure,3,5,Bus,3-Star,Half Board,6,Peak,52,1068,94263.36
Kolkata,City,3,9,Flight,3-Star,Half Board,10,Peak,142,1492,171605.14
Guwahati,City,3,4,Train,Budget,Breakfast,1,Off-Peak,147,1197,24206.05
Munnar,Nature,2,6,Train,2-Star,Breakfast,4,Peak,167,856,30009.86
Munnar,Nature,8,2,Flight,3-Star,Full Board,2,Shoulder,48,1853,190925.78
Pachmarhi,Nature,2,5,Train,4-Star,Half Board,1,Shoulder,23,1250,55518.14
Indore,City,3,5,Train,3-Star,Breakfast,3,Peak,179,925,73889.87
Manali,Mountain,2,9,Train,3-Star,Breakfast,8,Peak,57,1225,74740.27
Kolkata,City,3,14,Flight,3-Star,Half Board,1,Peak,178,1501,188756.56
Ranthambore,Wildlife,3,9,Train,3-Star,Room Only,3,Off-Peak,105,833,60169.54
Manali,Mountain,6,5,Train,3-Star,Room Only,5,Peak,154,1920,151442.21
Pune,City,1,10,Car,2-Star,Half Board,10,Peak,179,954,49953.02
Puducherry,Beach,3,7,Flight,3-Star,Half Board,3,Peak,88,1050,124234.58
Udaipur,Heritage,5,4,Bus,3-Star,Half Board,2,Peak,52,939,100408.03
Bhubaneswar,Religious,5,6,Bus,4-Star,Full Board,0,Shoulder,33,677,170133.02
Ranthambore,Wildlife,8,4,Bus,3-Star,Breakfast,3,Peak,176,845,110765.56
Gangtok,Mountain,1,13,Flight,3-Star,Room Only,6,Peak,153,870,87353.53
Jodhpur,Heritage,2,5,Train,Budget,Half Board,2,Shoulder,178,661,23276.83
Chennai,City,2,5,Train,2-Star,Room Only,4,Peak,102,1929,31522.81
Guwahati,City,3,15,Train,Budget,Breakfast,1,Shoulder,107,693,44856.85
Puri,Beach,4,3,Train,5-Star,Breakfast,2,Off-Peak,117,921,85031.74
Udaipur,Heritage,2,6,Car,2-Star,Breakfast,1,Peak,134,510,24922.82
Mahabaleshwar,Nature,1,5,Train,3-Star,Half Board,1,Shoulder,52,150,24200.28
Bengaluru,City,1,4,Train,4-Star,Room Only,0,Off-Peak,138,1290,23092.54
Shillong,Nature,5,4,Train,Budget,Breakfast,4,Shoulder,20,2597,77117.46
Dharamshala,Mountain,5,7,Car,3-Star,Room Only,1,Shoulder,38,1049,97299.05
Diu,Beach,1,3,Flight,4-Star,Full Board,3,Off-Peak,24,1513,37720.02
Ahmedabad,City,2,5,Train,3-Star,Breakfast,1,Peak,96,1421,41579.79
Rishikesh,Adventure,4,4,Bus,4-Star,Breakfast,4,Off-Peak,169,1327,58164.22
Rishikesh,Adventure,2,7,Bus,2-Star,Half Board,5,Shoulder,5,949,35809.94
Nagpur,City,3,7,Flight,4-Star,Breakfast,7,Peak,40,1434,229379.82
Pune,City,3,9,Train,Budget,Breakfast,3,Peak,57,1762,63518.31
Haridwar,Religious,4,4,Flight,2-Star,Breakfast,2,Peak,170,1541,88340.05
Lucknow,Heritage,3,2,Flight,2-Star,Breakfast,1,Peak,28,1210,61637.91
Guwahati,City,6,2,Flight,3-Star,Half Board,0,Shoulder,35,1631,146020.22
Munnar,Nature,5,8,Train,3-Star,Breakfast,4,Peak,54,939,149264.13
Puri,Beach,7,3,Flight,4-Star,Full Board,2,Off-Peak,125,746,150180.51
Madurai,Religious,2,8,Flight,4-Star,Room Only,5,Peak,27,1241,117348.6
Goa,Beach,4,8,Flight,4-Star,Breakfast,5,Peak,79,643,204021.91
Khajuraho,Heritage,1,5,Flight,3-Star,Breakfast,2,Peak,131,999,41112.12
Gangtok,Mountain,2,8,Flight,Budget,Full Board,2,Peak,29,1351,89653.38
Chennai,City,3,6,Train,3-Star,Full Board,4,Off-Peak,37,929,79271.36
Udaipur,Heritage,4,6,Train,3-Star,Breakfast,5,Shoulder,124,1190,87506.62
Pune,City,6,10,Car,4-Star,Full Board,6,Off-Peak,36,933,280555.28
Coorg,Nature,2,6,Train,4-Star,Full Board,4,Off-Peak,34,1241,61596.23
Bhopal,Heritage,3,8,Flight,2-Star,Room Only,1,Shoulder,152,965,63723.25
Puducherry,Beach,2,3,Flight,3-Star,Room Only,3,Peak,141,716,37564.86
Visakhapatnam,Beach,3,4,Train,4-Star,Full Board,3,Peak,60,1132,115247.26
Bhubaneswar,Religious,1,4,Flight,4-Star,Room Only,3,Peak,162,318,48391.09
Munnar,Nature,4,7,Flight,3-Star,Room Only,4,Peak,168,2288,173494.99
Puducherry,Beach,5,2,Flight,5-Star,Full Board,2,Shoulder,145,2496,196036.51
Agra,Heritage,7,9,Flight,4-Star,Breakfast,10,Shoulder,135,878,300000
Kochi,Beach,7,13,Train,2-Star,Room Only,10,Shoulder,89,2028,187243.69
Puri,Beach,3,9,Flight,4-Star,Half Board,9,Peak,135,690,221341.7
Kodaikanal,Nature,2,5,Car,3-Star,Half Board,0,Off-Peak,37,1040,26578.74
Hyderabad,City,5,3,Train,4-Star,Room Only,0,Peak,176,1727,102811.15
Madurai,Religious,1,6,Train,3-Star,Full Board,7,Peak,178,2342,59453.95
Munnar,Nature,6,4,Train,2-Star,Half Board,2,Peak,44,995,80574.29
Agra,Heritage,2,4,Bus,5-Star,Room Only,1,Peak,155,290,70091.97
Bengaluru,City,7,15,Flight,4-Star,Full Board,5,Off-Peak,8,861,300000
Mahabaleshwar,Nature,5,6,Car,3-Star,Full Board,5,Off-Peak,92,1313,112570.92
Leh,Adventure,5,4,Train,Budget,Breakfast,3,Shoulder,23,1194,72033.0
Delhi,City,3,5,Train,2-Star,Breakfast,3,Peak,119,423,45636.83
Dehradun,Nature,3,6,Train,3-Star,Room Only,2,Peak,57,566,60395.04
Kochi,Beach,1,3,Flight,4-Star,Half Board,2,Off-Peak,99,2344,43962.67
Kochi,Beach,3,8,Bus,5-Star,Half Board,6,Peak,20,408,300000
Mumbai,City,2,7,Train,4-Star,Breakfast,0,Shoulder,133,940,56021.52
Diu,Beach,5,5,Car,4-Star,Room Only,4,Peak,40,1777,160623.34
Srinagar,Nature,6,5,Bus,3-Star,Breakfast,6,Off-Peak,169,2013,99066.28
Nagpur,City,4,8,Train,2-Star,Half Board,3,Shoulder,60,786,80935.75
Varanasi,Religious,3,7,Flight,3-Star,Room Only,2,Off-Peak,128,1903,84845.22
Visakhapatnam,Beach,5,5,Flight,5-Star,Full Board,0,Off-Peak,164,1950,270704.08
Mumbai,City,2,6,Car,3-Star,Half Board,7,Off-Peak,144,593,38386.62
Jaisalmer,Heritage,7,8,Flight,3-Star,Breakfast,9,Shoulder,88,1267,261197.29
Kochi,Beach,2,11,Train,3-Star,Half Board,6,Peak,11,2633,104931.81
Kodaikanal,Nature,2,3,Train,2-Star,Room Only,1,Peak,165,827,14276.84
Puducherry,Beach,2,11,Flight,3-Star,Breakfast,8,Off-Peak,117,1829,73901.04
Jodhpur,Heritage,4,4,Car,5-Star,Room Only,2,Peak,120,1049,178931.0
Mahabaleshwar,Nature,2,4,Train,2-Star,Room Only,1,Shoulder,107,1203,13935.31
Bengaluru,City,3,3,Bus,Budget,Breakfast,0,Shoulder,144,1478,16033.34
Mahabaleshwar,Nature,4,5,Flight,2-Star,Room Only,1,Off-Peak,49,276,46720.49
Chennai,City,8,6,Car,Budget,Breakfast,0,Peak,113,1770,108196.41
Mahabaleshwar,Nature,2,8,Flight,2-Star,Full Board,0,Shoulder,13,1308,84722.4
Rishikesh,Adventure,3,12,Bus,2-Star,Half Board,0,Peak,140,230,86536.88
Gwalior,Heritage,4,6,Train,2-Star,Breakfast,0,Peak,20,1398,56158.06
Bhubaneswar,Religious,4,12,Car,4-Star,Room Only,2,Shoulder,172,716,148454.74
Shimla,Mountain,3,11,Train,3-Star,Breakfast,0,Peak,81,1244,125706.5
Munnar,Nature,4,6,Train,2-Star,Full Board,3,Off-Peak,109,636,73259.11
Mount Abu,Nature,2,4,Bus,Budget,Full Board,0,Peak,60,949,27192.24
Hyderabad,City,1,6,Flight,2-Star,Breakfast,0,Off-Peak,160,1330,21565.17
Puri,Beach,6,4,Car,3-Star,Full Board,4,Peak,179,452,143159.34
Kodaikanal,Nature,2,7,Flight,2-Star,Room Only,5,Shoulder,120,1067,42100.56
Puducherry,Beach,7,5,Train,4-Star,Full Board,5,Off-Peak,66,2381,225144.64
Jodhpur,Heritage,3,9,Train,3-Star,Half Board,4,Off-Peak,109,441,87744.27
Puri,Beach,1,4,Train,3-Star,Half Board,1,Off-Peak,144,755,17191.7
Nainital,Nature,5,14,Train,Budget,Half Board,10,Shoulder,39,637,146687.52
Jaipur,Heritage,8,6,Car,5-Star,Room Only,3,Peak,3,398,300000
Udaipur,Heritage,3,7,Flight,4-Star,Breakfast,8,Shoulder,180,649,154145.92
Pune,City,8,5,Train,3-Star,Breakfast,3,Peak,101,1763,171684.17
Diu,Beach,4,2,Flight,5-Star,Breakfast,1,Shoulder,121,1582,135807.05
Mount Abu,Nature,7,6,Flight,Budget,Breakfast,5,Off-Peak,42,603,116227.43
Aurangabad,Heritage,7,7,Flight,3-Star,Breakfast,6,Off-Peak,60,1541,212439.41
Goa,Beach,1,5,Flight,5-Star,Room Only,2,Peak,134,2022,142223.33
Mount Abu,Nature,4,3,Train,Budget,Room Only,0,Peak,73,1531,24727.57
Lucknow,Heritage,2,4,Car,4-Star,Half Board,1,Peak,32,1254,49119.19
Bhubaneswar,Religious,4,8,Car,5-Star,Breakfast,2,Shoulder,87,1401,272879.81
Munnar,Nature,4,12,Train,4-Star,Room Only,2,Off-Peak,33,1681,168520.9
Varanasi,Religious,4,5,Flight,4-Star,Half Board,1,Off-Peak,60,1899,165895.65
Shimla,Mountain,2,10,Train,2-Star,Full Board,2,Peak,87,1798,80334.27
Ranthambore,Wildlife,6,5,Train,2-Star,Half Board,0,Off-Peak,134,1302,65056.55
Manali,Mountain,7,5,Train,4-Star,Full Board,5,Shoulder,128,1837,264994.19
Hampi,Heritage,2,9,Train,Budget,Breakfast,2,Off-Peak,61,2381,28131.36
Leh,Adventure,3,4,Train,3-Star,Room Only,1,Off-Peak,135,2613,48249.75
Guwahati,City,1,3,Flight,3-Star,Room Only,1,Shoulder,123,2237,28017.16
Shillong,Nature,3,4,Train,4-Star,Full Board,1,Peak,107,2450,115477.71
Chennai,City,5,7,Flight,4-Star,Half Board,1,Shoulder,99,656,230255.68
Coorg,Nature,3,2,Train,3-Star,Breakfast,2,Peak,157,1498,47259.43
Gangtok,Mountain,5,6,Flight,2-Star,Breakfast,0,Peak,172,1580,135742.96
Leh,Adventure,1,6,Bus,3-Star,Room Only,2,Peak,107,2293,39777.92
Guwahati,City,1,8,Flight,2-Star,Full Board,3,Shoulder,162,1682,47345.33
Shimla,Mountain,6,6,Train,4-Star,Half Board,7,Shoulder,91,1628,221415.43
Madurai,Religious,1,5,Bus,3-Star,Room Only,3,Off-Peak,178,1305,14639.2
Chennai,City,6,3,Flight,3-Star,Half Board,2,Peak,106,1520,193372.46
Diu,Beach,4,4,Flight,5-Star,Full Board,1,Peak,32,1670,262898.13
Ranthambore,Wildlife,1,6,Bus,3-Star,Full Board,4,Shoulder,168,943,34758.71
Jodhpur,Heritage,4,7,Flight,4-Star,Half Board,2,Peak,34,1328,228447.19
Gangtok,Mountain,6,5,Train,2-Star,Room Only,2,Off-Peak,61,2050,62519.28
Khajuraho,Heritage,5,11,Train,5-Star,Breakfast,10,Shoulder,178,1173,300000
Pachmarhi,Nature,4,7,Train,3-Star,Room Only,4,Peak,105,804,100084.38
Kolkata,City,7,5,Train,4-Star,Room Only,1,Off-Peak,75,1992,152282.72
Srinagar,Nature,7,6,Train,4-Star,Breakfast,4,Off-Peak,108,764,184300.02
Kochi,Beach,8,4,Train,2-Star,Room Only,0,Peak,16,2274,90043.02
Nashik,Religious,3,5,Flight,3-Star,Full Board,3,Shoulder,35,750,103584.73
Amritsar,Religious,3,3,Flight,Budget,Half Board,2,Off-Peak,77,1294,54403.4
Kodaikanal,Nature,1,6,Train,Budget,Half Board,7,Peak,67,915,21000.58
Coorg,Nature,2,5,Train,5-Star,Half Board,5,Shoulder,105,445,95116.96
Ranthambore,Wildlife,7,10,Flight,3-Star,Breakfast,2,Peak,72,1248,300000
Bhopal,Heritage,2,10,Train,3-Star,Breakfast,8,Peak,72,602,87631.88
Bengaluru,City,5,4,Flight,4-Star,Half Board,4,Peak,7,1682,272161.16
Bengaluru,City,6,9,Car,4-Star,Full Board,9,Off-Peak,122,1864,300000
Khajuraho,Heritage,1,7,Train,3-Star,Half Board,4,Shoulder,106,1768,33089.17
Madurai,Religious,2,4,Train,4-Star,Room Only,3,Peak,69,781,48645.89
Bengaluru,City,3,10,Flight,4-Star,Half Board,1,Shoulder,89,1508,216941.52
Dehradun,Nature,5,6,Bus,3-Star,Full Board,3,Off-Peak,61,264,113708.72
Surat,City,6,5,Flight,4-Star,Breakfast,3,Peak,47,993,227391.82
Bengaluru,City,3,7,Flight,5-Star,Breakfast,5,Off-Peak,23,1163,242325.11
Gwalior,Heritage,5,2,Train,2-Star,Room Only,0,Off-Peak,106,586,19810.53
Diu,Beach,1,4,Bus,3-Star,Half Board,4,Off-Peak,152,540,18904.58
Mysuru,Heritage,6,10,Flight,3-Star,Half Board,10,Shoulder,17,784,249843.6
Coorg,Nature,3,2,Flight,2-Star,Room Only,1,Peak,5,1670,75775.94
Jodhpur,Heritage,5,4,Bus,2-Star,Half Board,1,Peak,79,1373,68787.74
Amritsar,Religious,3,4,Flight,3-Star,Room Only,1,Peak,92,1209,81731.68
Mahabaleshwar,Nature,2,5,Train,3-Star,Half Board,6,Off-Peak,23,1195,38883.29
Haridwar,Religious,6,4,Train,3-Star,Breakfast,3,Shoulder,42,856,89731.05
Mumbai,City,2,10,Train,Budget,Breakfast,10,Off-Peak,149,1886,38101.13
Pune,City,5,5,Car,4-Star,Breakfast,5,Off-Peak,88,635,113436.61
Madurai,Religious,8,3,Bus,4-Star,Full Board,3,Peak,35,2200,201468.87
Haridwar,Religious,6,7,Car,4-Star,Breakfast,2,Peak,71,261,226351.67
Darjeeling,Mountain,3,3,Train,2-Star,Breakfast,0,Peak,152,637,28735.28
Shillong,Nature,8,8,Flight,4-Star,Breakfast,3,Peak,134,967,300000
Darjeeling,Mountain,4,11,Car,4-Star,Breakfast,3,Shoulder,143,1940,197648.17
Darjeeling,Mountain,2,4,Flight,2-Star,Full Board,3,Shoulder,39,1175,62454.24
Kodaikanal,Nature,5,7,Flight,2-Star,Half Board,8,Peak,146,1396,185654.6
Mahabaleshwar,Nature,6,5,Train,3-Star,Room Only,6,Off-Peak,148,1178,89495.36
Aurangabad,Heritage,1,7,Flight,3-Star,Half Board,7,Off-Peak,75,958,34108.69
Pune,City,4,6,Flight,4-Star,Full Board,2,Shoulder,134,817,158906.47
Kolkata,City,2,12,Bus,5-Star,Breakfast,2,Shoulder,108,192,169383.21
Bengaluru,City,8,5,Train,3-Star,Half Board,4,Off-Peak,41,2127,165963.37
Indore,City,2,7,Flight,5-Star,Room Only,6,Peak,115,1212,178083.14
Lucknow,Heritage,3,7,Car,2-Star,Breakfast,8,Off-Peak,180,1736,59858.3
Indore,City,2,4,Bus,2-Star,Breakfast,2,Peak,168,194,18709.92
Puri,Beach,2,5,Train,4-Star,Breakfast,5,Shoulder,48,1924,62641.7
Visakhapatnam,Beach,1,4,Car,4-Star,Room Only,0,Peak,99,1702,38322.83
Hampi,Heritage,5,4,Flight,2-Star,Breakfast,4,Shoulder,17,1610,151567.75
Bengaluru,City,4,4,Flight,2-Star,Room Only,3,Off-Peak,77,1438,87279.05
Dharamshala,Mountain,1,9,Train,2-Star,Breakfast,2,Off-Peak,120,2142,20608.24
Visakhapatnam,Beach,4,4,Train,5-Star,Room Only,4,Peak,6,1221,177020.13
Darjeeling,Mountain,8,3,Bus,4-Star,Room Only,3,Shoulder,2,742,120957.97
Shillong,Nature,7,7,Flight,2-Star,Full Board,7,Shoulder,2,1870,273912.32
Aurangabad,Heritage,6,9,Flight,4-Star,Room Only,6,Shoulder,155,1339,246946.74
Kodaikanal,Nature,2,2,Flight,2-Star,Half Board,0,Shoulder,94,608,25771.94
Puducherry,Beach,1,2,Flight,4-Star,Half Board,1,Off-Peak,149,1312,28905.7
Agra,Heritage,5,6,Flight,Budget,Half Board,0,Shoulder,50,436,83872.89
Mahabaleshwar,Nature,1,4,Flight,Budget,Half Board,2,Peak,47,788,26574.82
Ahmedabad,City,3,4,Car,3-Star,Breakfast,0,Off-Peak,134,170,30759.11
Hyderabad,City,2,7,Flight,4-Star,Full Board,4,Peak,16,609,127357.72
Puducherry,Beach,3,6,Flight,3-Star,Half Board,7,Off-Peak,89,2376,118646.4
Visakhapatnam,Beach,6,5,Flight,2-Star,Half Board,3,Shoulder,140,1470,164683.85
Ooty,Nature,6,7,Car,3-Star,Breakfast,7,Off-Peak,153,1513,129656.0
Pachmarhi,Nature,6,6,Car,2-Star,Breakfast,7,Peak,164,982,126020.77
Jaisalmer,Heritage,3,7,Train,4-Star,Breakfast,5,Shoulder,123,634,112903.51
Jodhpur,Heritage,1,4,Bus,4-Star,Room Only,4,Peak,52,813,47297.77
Puri,Beach,7,4,Train,4-Star,Breakfast,4,Shoulder,86,2064,175018.96
Manali,Mountain,1,6,Train,4-Star,Full Board,0,Peak,85,890,67766.75
Shimla,Mountain,6,8,Bus,Budget,Full Board,7,Peak,103,551,227977.46
Diu,Beach,2,6,Car,3-Star,Half Board,2,Peak,160,759,56132.79
Chennai,City,2,6,Flight,4-Star,Breakfast,7,Off-Peak,115,2355,82807.6
Kolkata,City,1,7,Train,3-Star,Full Board,7,Peak,84,578,58047.26
Dharamshala,Mountain,2,4,Car,Budget,Breakfast,0,Off-Peak,9,1708,22275.68
Chennai,City,2,6,Flight,2-Star,Breakfast,1,Peak,130,1019,41063.27
Darjeeling,Mountain,4,2,Bus,2-Star,Full Board,2,Off-Peak,86,985,34102.49
Pachmarhi,Nature,2,5,Flight,3-Star,Half Board,2,Off-Peak,168,1479,55847.72
Port Blair,Beach,6,6,Flight,2-Star,Room Only,2,Off-Peak,85,2970,212096.11
Khajuraho,Heritage,6,7,Flight,4-Star,Breakfast,1,Peak,7,820,233439.47
Shillong,Nature,3,3,Flight,4-Star,Room Only,2,Off-Peak,157,2273,104774.14
Pune,City,7,4,Car,4-Star,Half Board,0,Off-Peak,51,147,96051.04
Bhubaneswar,Religious,4,5,Train,2-Star,Half Board,1,Peak,135,995,57080.59
Srinagar,Nature,6,3,Flight,4-Star,Half Board,1,Shoulder,179,1003,176146.79
Port Blair,Beach,2,6,Flight,4-Star,Room Only,1,Off-Peak,125,2302,87868.24
Pachmarhi,Nature,5,15,Train,2-Star,Half Board,9,Peak,149,1160,221924.55
Mahabaleshwar,Nature,1,4,Train,4-Star,Full Board,0,Shoulder,88,977,32931.9
Mysuru,Heritage,4,4,Train,4-Star,Room Only,4,Peak,132,2071,109895.21
Dharamshala,Mountain,6,7,Bus,Budget,Breakfast,2,Peak,41,901,58239.64
Jaisalmer,Heritage,3,2,Car,4-Star,Room Only,1,Shoulder,22,579,39002.37
Nagpur,City,2,3,Flight,4-Star,Half Board,0,Shoulder,25,885,51795.5
Agra,Heritage,4,7,Train,2-Star,Full Board,6,Shoulder,85,1316,117258.87
Mysuru,Heritage,1,7,Car,4-Star,Full Board,6,Off-Peak,54,1705,57715.2
Indore,City,3,6,Flight,4-Star,Breakfast,4,Off-Peak,120,1241,119778.32
Srinagar,Nature,7,5,Train,2-Star,Full Board,2,Peak,111,2246,231199.65
Bhubaneswar,Religious,1,5,Flight,Budget,Full Board,4,Peak,35,1721,40796.1
Puri,Beach,2,5,Train,4-Star,Half Board,3,Off-Peak,4,1164,49696.25
Rishikesh,Adventure,5,4,Train,Budget,Room Only,3,Peak,22,884,41314.36
Ahmedabad,City,8,8,Train,4-Star,Breakfast,6,Shoulder,111,103,286756.23
Port Blair,Beach,1,13,Train,5-Star,Room Only,1,Peak,37,2111,300000
Bhubaneswar,Religious,2,2,Car,5-Star,Full Board,0,Peak,104,904,63152.7
Shimla,Mountain,7,6,Flight,Budget,Full Board,1,Peak,132,1696,230955.76
Ooty,Nature,8,2,Flight,Budget,Breakfast,0,Off-Peak,29,1640,181593.78
Gangtok,Mountain,5,13,Train,3-Star,Full Board,5,Shoulder,100,1073,257028.56
Hyderabad,City,3,6,Train,2-Star,Room Only,6,Off-Peak,156,670,36291.15
Agra,Heritage,3,6,Car,3-Star,Breakfast,6,Peak,28,166,95422.18
Darjeeling,Mountain,2,7,Train,3-Star,Half Board,6,Shoulder,101,1413,57863.21
Goa,Beach,2,7,Car,4-Star,Breakfast,7,Shoulder,67,1028,92942.17
Coorg,Nature,3,4,Flight,4-Star,Room Only,4,Shoulder,31,1539,115925.74
Diu,Beach,8,8,Flight,5-Star,Half Board,3,Off-Peak,50,1731,300000
Agra,Heritage,6,5,Bus,3-Star,Breakfast,4,Peak,20,593,111194.6
Hyderabad,City,7,6,Car,5-Star,Room Only,7,Peak,85,1161,300000
Shillong,Nature,6,4,Train,3-Star,Breakfast,2,Shoulder,55,2472,91913.04
Dharamshala,Mountain,5,6,Flight,3-Star,Half Board,6,Peak,174,2098,276404.17
Haridwar,Religious,2,13,Bus,4-Star,Half Board,3,Peak,41,813,148435.23
Puducherry,Beach,5,9,Train,4-Star,Full Board,9,Peak,38,595,300000
Darjeeling,Mountain,1,8,Train,3-Star,Half Board,5,Shoulder,134,619,38269.3
Udaipur,Heritage,5,2,Train,4-Star,Half Board,0,Shoulder,83,848,56876.24
Bhopal,Heritage,4,7,Flight,5-Star,Half Board,0,Shoulder,127,772,281981.39
Puri,Beach,2,8,Flight,3-Star,Half Board,6,Peak,105,1483,89722.32
Shillong,Nature,3,5,Train,3-Star,Breakfast,2,Off-Peak,141,735,38348.86
Ranthambore,Wildlife,1,7,Bus,2-Star,Full Board,7,Off-Peak,121,397,23137.34
Nainital,Nature,6,7,Train,4-Star,Full Board,4,Off-Peak,19,930,185575.2
Rishikesh,Adventure,3,5,Flight,4-Star,Room Only,0,Peak,72,1349,131469.87
Gwalior,Heritage,2,8,Car,Budget,Breakfast,7,Off-Peak,152,323,22294.81
Pachmarhi,Nature,2,3,Bus,Budget,Room Only,0,Peak,32,359,5377.1
Ahmedabad,City,4,4,Flight,Budget,Room Only,0,Shoulder,172,1437,68308.73
Nashik,Religious,8,14,Car,5-Star,Half Board,9,Peak,179,1001,300000
Ranthambore,Wildlife,7,6,Bus,Budget,Full Board,4,Peak,108,206,151952.61
Khajuraho,Heritage,1,4,Flight,Budget,Breakfast,2,Peak,138,723,20585.79
Mysuru,Heritage,2,8,Flight,2-Star,Full Board,1,Peak,53,2147,86631.77
Diu,Beach,7,4,Train,5-Star,Half Board,4,Peak,139,1283,300000
Agra,Heritage,8,3,Flight,4-Star,Room Only,1,Shoulder,57,1311,230885.24
Puri,Beach,7,14,Train,2-Star,Breakfast,2,Shoulder,70,1586,150791.19
Ranthambore,Wildlife,5,14,Flight,5-Star,Breakfast,6,Peak,118,1416,300000
Jaisalmer,Heritage,4,14,Train,3-Star,Breakfast,4,Off-Peak,121,1199,122836.59
Leh,Adventure,2,11,Flight,Budget,Breakfast,1,Off-Peak,27,1993,82783.89
Varanasi,Religious,1,6,Train,2-Star,Room Only,2,Peak,126,391,18041.88
Manali,Mountain,4,6,Flight,Budget,Breakfast,2,Peak,180,1492,92487.15
Darjeeling,Mountain,3,14,Flight,2-Star,Breakfast,2,Off-Peak,23,2351,146589.11
Agra,Heritage,6,6,Flight,3-Star,Breakfast,1,Peak,24,1146,173042.1
Puducherry,Beach,2,5,Flight,2-Star,Full Board,6,Off-Peak,54,1699,74835.93
Shillong,Nature,4,7,Flight,3-Star,Half Board,8,Peak,66,1902,228343.75
Bhopal,Heritage,5,7,Train,2-Star,Room Only,8,Peak,55,702,118695.84
Mahabaleshwar,Nature,8,6,Car,4-Star,Half Board,7,Off-Peak,159,642,223128.16
Nainital,Nature,4,6,Train,Budget,Half Board,0,Off-Peak,63,1010,41243.52
Diu,Beach,2,8,Flight,3-Star,Half Board,7,Off-Peak,104,658,57564.54
Puducherry,Beach,2,10,Bus,3-Star,Breakfast,2,Off-Peak,153,1086,34901.45
Kochi,Beach,3,5,Train,4-Star,Full Board,1,Peak,48,2318,146384.36
Varanasi,Religious,7,11,Train,2-Star,Half Board,5,Peak,87,896,228969.77
Udaipur,Heritage,3,8,Flight,5-Star,Full Board,3,Peak,72,593,300000
Indore,City,1,4,Car,Budget,Breakfast,2,Peak,88,871,12884.9
Bengaluru,City,2,6,Flight,4-Star,Half Board,5,Off-Peak,95,2186,91936.52
Dehradun,Nature,2,5,Bus,4-Star,Breakfast,6,Shoulder,38,337,52360.55
Guwahati,City,1,10,Flight,4-Star,Breakfast,0,Peak,106,1198,94686.75
Mumbai,City,3,10,Train,3-Star,Room Only,1,Peak,68,1439,101876.09
Gwalior,Heritage,3,6,Train,3-Star,Half Board,5,Peak,78,964,104724.66
Ranthambore,Wildlife,7,3,Train,3-Star,Full Board,0,Shoulder,118,597,92500.24
Udaipur,Heritage,1,3,Train,4-Star,Room Only,0,Peak,113,458,29189.02
Pachmarhi,Nature,5,5,Train,4-Star,Half Board,3,Off-Peak,103,1170,131449.59
Ahmedabad,City,4,5,Train,4-Star,Breakfast,6,Shoulder,77,561,103478.75
Dharamshala,Mountain,1,5,Car,2-Star,Room Only,2,Peak,65,990,17978.14
Mount Abu,Nature,7,5,Train,Budget,Full Board,5,Shoulder,51,1448,127141.95
Dharamshala,Mountain,2,5,Flight,Budget,Breakfast,2,Shoulder,137,1717,47193.64
Darjeeling,Mountain,3,9,Train,3-Star,Breakfast,10,Off-Peak,58,1323,100191.48
Madurai,Religious,2,6,Flight,2-Star,Full Board,3,Off-Peak,152,2292,70375.25
Khajuraho,Heritage,5,6,Flight,2-Star,Full Board,7,Off-Peak,30,477,137700.38
Aurangabad,Heritage,4,8,Train,3-Star,Full Board,8,Shoulder,63,954,144257.31
Ooty,Nature,6,6,Bus,3-Star,Breakfast,4,Off-Peak,15,796,83510.64
Nainital,Nature,6,3,Flight,Budget,Half Board,1,Peak,155,743,88657.47
Kochi,Beach,7,5,Train,3-Star,Breakfast,5,Off-Peak,34,2132,128519.73
Nagpur,City,2,8,Train,2-Star,Full Board,6,Off-Peak,144,1177,44287.84
Goa,Beach,1,7,Train,5-Star,Full Board,3,Shoulder,106,911,148296.9
Darjeeling,Mountain,5,3,Train,2-Star,Breakfast,0,Shoulder,54,1435,49364.22
Bhubaneswar,Religious,4,13,Bus,3-Star,Full Board,3,Peak,71,1470,251440.33
Surat,City,4,9,Train,4-Star,Room Only,10,Shoulder,38,1228,193568.8
Nashik,Religious,2,5,Train,Budget,Breakfast,2,Peak,42,1164,25342.53
Varanasi,Religious,1,7,Car,Budget,Half Board,8,Shoulder,15,1184,25290.49
Hampi,Heritage,3,5,Car,3-Star,Room Only,6,Off-Peak,178,1333,53318.67
Puducherry,Beach,2,10,Bus,3-Star,Room Only,4,Shoulder,180,903,41157.34
Rishikesh,Adventure,2,6,Train,3-Star,Half Board,1,Peak,110,890,40811.84
Aurangabad,Heritage,4,4,Train,3-Star,Breakfast,4,Peak,179,1629,89150.61
Nainital,Nature,5,2,Train,2-Star,Half Board,2,Peak,36,1066,55165.96
Visakhapatnam,Beach,6,4,Flight,Budget,Half Board,4,Peak,82,1866,184273.61
Port Blair,Beach,5,8,Train,4-Star,Breakfast,8,Peak,51,2258,300000
Jodhpur,Heritage,6,4,Train,Budget,Half Board,0,Shoulder,129,1109,43561.49
Port Blair,Beach,4,4,Train,4-Star,Half Board,0,Shoulder,25,2660,108666.53
Hyderabad,City,1,15,Train,4-Star,Half Board,4,Peak,28,1927,142507.99
Lucknow,Heritage,2,7,Flight,3-Star,Room Only,7,Peak,114,1464,80458.57
Diu,Beach,2,6,Train,4-Star,Breakfast,6,Shoulder,145,954,58709.79
Bengaluru,City,5,4,Train,5-Star,Full Board,3,Off-Peak,146,877,204625.36
Ooty,Nature,8,8,Flight,2-Star,Breakfast,8,Shoulder,37,1837,267516.92
Hampi,Heritage,4,3,Bus,4-Star,Room Only,1,Shoulder,78,1263,49770.87
Rishikesh,Adventure,2,2,Car,Budget,Breakfast,1,Off-Peak,42,575,10611.76
Kochi,Beach,6,6,Car,3-Star,Breakfast,6,Shoulder,82,891,128033.27
Amritsar,Religious,3,6,Train,2-Star,Full Board,4,Shoulder,95,1873,86089.21
Kolkata,City,2,6,Flight,4-Star,Room Only,1,Shoulder,134,1439,65969.89
Coorg,Nature,5,6,Flight,5-Star,Room Only,7,Peak,77,1008,300000
Chennai,City,3,2,Train,2-Star,Breakfast,1,Shoulder,160,1006,20853.07
Hampi,Heritage,4,15,Flight,5-Star,Room Only,8,Off-Peak,78,1072,300000
Leh,Adventure,4,10,Flight,5-Star,Full Board,5,Peak,175,2725,300000
Mysuru,Heritage,6,5,Bus,3-Star,Breakfast,0,Off-Peak,98,1918,55281.38
Diu,Beach,2,4,Flight,4-Star,Full Board,0,Peak,129,1412,74273.57
Surat,City,2,10,Flight,3-Star,Half Board,0,Shoulder,97,904,59325.31
Jaisalmer,Heritage,7,13,Flight,2-Star,Room Only,5,Peak,35,1660,300000
Pachmarhi,Nature,1,4,Flight,2-Star,Breakfast,3,Peak,14,1122,26737.88
Diu,Beach,1,9,Train,3-Star,Breakfast,5,Peak,31,495,52695.78
Shimla,Mountain,1,5,Train,3-Star,Half Board,0,Off-Peak,13,929,23152.46
Pune,City,3,4,Flight,4-Star,Room Only,4,Off-Peak,31,1135,81716.44
Puducherry,Beach,3,4,Flight,Budget,Room Only,1,Shoulder,74,1591,68425.04
Madurai,Religious,7,5,Car,3-Star,Half Board,2,Peak,156,888,156963.69
Gwalior,Heritage,3,3,Flight,4-Star,Breakfast,2,Shoulder,30,893,94554.66
Delhi,City,4,7,Car,3-Star,Breakfast,3,Peak,139,384,94734.36
Guwahati,City,6,5,Train,5-Star,Full Board,0,Off-Peak,33,1065,233263.02
Nashik,Religious,2,9,Train,3-Star,Half Board,5,Peak,73,1258,74111.65
Nagpur,City,2,2,Car,4-Star,Room Only,1,Shoulder,152,345,17566.79
Surat,City,5,6,Train,3-Star,Full Board,2,Shoulder,82,650,142048.04
Ahmedabad,City,3,11,Flight,3-Star,Half Board,5,Peak,33,955,192282.46
Delhi,City,6,5,Flight,5-Star,Breakfast,5,Peak,167,1734,300000
Ooty,Nature,3,10,Flight,3-Star,Half Board,4,Peak,93,1482,192364.67
Goa,Beach,3,4,Flight,2-Star,Full Board,0,Peak,87,1708,110548.0
Lucknow,Heritage,8,6,Flight,Budget,Room Only,0,Peak,163,1655,169553.48
Mumbai,City,2,3,Car,5-Star,Full Board,0,Shoulder,45,311,62710.95
Gangtok,Mountain,3,8,Flight,4-Star,Half Board,8,Peak,56,1903,290956.65
Shimla,Mountain,2,3,Bus,Budget,Breakfast,0,Peak,20,942,10639.05
Jaipur,Heritage,3,4,Flight,3-Star,Room Only,2,Peak,90,926,87938.04
Ooty,Nature,3,6,Flight,2-Star,Half Board,2,Shoulder,159,613,60786.18
Nagpur,City,2,9,Flight,2-Star,Breakfast,9,Peak,146,501,61024.98
Bengaluru,City,1,5,Train,Budget,Half Board,5,Shoulder,31,2007,15422.58
Bhopal,Heritage,2,6,Bus,Budget,Breakfast,0,Off-Peak,24,1040,12644.67
Goa,Beach,2,8,Flight,5-Star,Half Board,0,Shoulder,69,2274,206340.81
Srinagar,Nature,3,4,Train,2-Star,Half Board,4,Peak,178,1331,74169.64
Pune,City,2,9,Train,3-Star,Breakfast,2,Peak,68,1588,56829.08
Indore,City,5,4,Train,5-Star,Breakfast,2,Off-Peak,130,658,152221.44
Shimla,Mountain,3,11,Bus,3-Star,Breakfast,2,Peak,49,410,112957.89
Ahmedabad,City,2,5,Train,Budget,Breakfast,0,Shoulder,161,1382,14800.96
Jaipur,Heritage,1,8,Flight,2-Star,Half Board,6,Off-Peak,109,788,28295.53
Munnar,Nature,4,6,Flight,Budget,Breakfast,0,Peak,159,1583,103500.65
Shillong,Nature,4,10,Flight,3-Star,Breakfast,6,Shoulder,169,2509,195113.21
Gangtok,Mountain,5,7,Flight,Budget,Breakfast,2,Peak,117,1562,134028.09
Goa,Beach,3,11,Flight,Budget,Room Only,1,Shoulder,6,1829,91095.13
Bengaluru,City,3,4,Flight,Budget,Room Only,2,Off-Peak,122,2117,67911.27
Gwalior,Heritage,2,5,Car,2-Star,Breakfast,5,Off-Peak,170,446,20338.21
Leh,Adventure,4,5,Flight,Budget,Half Board,5,Peak,35,2470,201403.67
Chennai,City,4,2,Flight,3-Star,Breakfast,2,Peak,129,1716,101247.67
Jodhpur,Heritage,2,12,Flight,3-Star,Breakfast,7,Off-Peak,169,1355,70206.72
Port Blair,Beach,3,13,Train,3-Star,Room Only,9,Shoulder,97,2276,180056.78
Puri,Beach,3,9,Flight,4-Star,Room Only,3,Off-Peak,52,789,130100.66
Dharamshala,Mountain,1,2,Flight,2-Star,Breakfast,0,Off-Peak,166,1802,19972.45
Nashik,Religious,2,6,Train,3-Star,Room Only,3,Off-Peak,45,1332,26681.99
Guwahati,City,5,12,Train,3-Star,Room Only,9,Peak,79,1896,269880.77
Jaisalmer,Heritage,3,7,Flight,Budget,Breakfast,8,Peak,51,930,98685.41
Amritsar,Religious,2,11,Flight,3-Star,Full Board,3,Off-Peak,93,1036,89221.4
Hyderabad,City,2,3,Flight,2-Star,Breakfast,3,Peak,5,1882,50030.05
Dehradun,Nature,3,2,Train,2-Star,Full Board,2,Shoulder,67,199,27166.66
Dharamshala,Mountain,4,9,Train,2-Star,Room Only,2,Off-Peak,88,1648,48173.89
Nagpur,City,3,6,Train,5-Star,Room Only,7,Peak,65,650,256881.7
Hampi,Heritage,5,2,Bus,Budget,Full Board,2,Off-Peak,134,1869,32502.77
Ahmedabad,City,5,7,Train,5-Star,Full Board,6,Peak,159,709,300000
Bhopal,Heritage,2,5,Flight,Budget,Breakfast,5,Shoulder,32,902,38807.34
Chennai,City,1,5,Flight,4-Star,Half Board,0,Shoulder,80,338,38531.65
Chennai,City,5,3,Train,4-Star,Breakfast,2,Peak,11,1003,102415.52
Shillong,Nature,3,4,Train,2-Star,Full Board,4,Peak,95,2002,75898.24
Jaipur,Heritage,6,6,Train,2-Star,Breakfast,2,Peak,61,774,87184.25
Kochi,Beach,8,4,Flight,4-Star,Half Board,4,Peak,116,2085,300000
Madurai,Religious,7,5,Flight,4-Star,Half Board,5,Peak,130,1925,300000
Jaipur,Heritage,4,12,Train,2-Star,Breakfast,1,Shoulder,109,1159,63044.42
Nainital,Nature,5,8,Train,3-Star,Room Only,3,Peak,17,1289,159560.33
Rishikesh,Adventure,2,3,Train,3-Star,Room Only,1,Off-Peak,59,425,12117.33
Haridwar,Religious,7,8,Train,5-Star,Half Board,3,Off-Peak,59,552,300000
Rishikesh,Adventure,1,8,Train,Budget,Half Board,6,Peak,122,507,24955.6
Madurai,Religious,4,5,Flight,3-Star,Breakfast,3,Off-Peak,158,2364,121172.15
Gwalior,Heritage,7,5,Flight,3-Star,Half Board,5,Peak,72,619,202711.4
Varanasi,Religious,3,8,Train,2-Star,Full Board,2,Shoulder,87,1121,92358.58
Hampi,Heritage,2,4,Train,2-Star,Room Only,4,Peak,112,1863,27068.89
Kochi,Beach,3,5,Train,5-Star,Half Board,0,Peak,35,2226,233484.32
Haridwar,Religious,8,11,Car,Budget,Full Board,1,Shoulder,168,278,167840.05
Leh,Adventure,3,4,Car,4-Star,Breakfast,3,Peak,122,1012,106497.12
Mysuru,Heritage,2,7,Car,3-Star,Full Board,3,Peak,51,2424,83801.0
Shillong,Nature,3,2,Flight,3-Star,Room Only,2,Off-Peak,61,1716,67754.83
Munnar,Nature,3,4,Train,Budget,Half Board,3,Shoulder,27,633,30457.09
Surat,City,8,7,Train,5-Star,Breakfast,4,Shoulder,114,588,300000
Puri,Beach,2,3,Flight,5-Star,Full Board,1,Shoulder,98,1715,96499.13
Gangtok,Mountain,5,10,Bus,3-Star,Half Board,5,Off-Peak,68,1042,152099.77
Ranthambore,Wildlife,6,4,Train,3-Star,Breakfast,0,Off-Peak,107,1443,65201.39
Jaisalmer,Heritage,3,10,Flight,4-Star,Breakfast,0,Off-Peak,82,1426,145462.16
Mount Abu,Nature,4,8,Train,2-Star,Half Board,0,Peak,90,613,83789.92
Haridwar,Religious,4,9,Flight,3-Star,Room Only,5,Off-Peak,30,909,105633.57
Kolkata,City,4,6,Train,4-Star,Room Only,4,Peak,15,589,137558.73
Visakhapatnam,Beach,1,5,Car,2-Star,Breakfast,2,Peak,119,342,14780.0
Khajuraho,Heritage,6,6,Car,Budget,Half Board,2,Peak,47,1409,94109.22
Rishikesh,Adventure,8,5,Train,2-Star,Room Only,0,Shoulder,153,1046,57643.61
Varanasi,Religious,2,4,Car,3-Star,Half Board,3,Peak,115,234,39542.96
Mumbai,City,3,11,Train,5-Star,Breakfast,2,Peak,132,1556,300000
Ooty,Nature,5,12,Train,2-Star,Room Only,5,Peak,76,2391,157677.47
Gwalior,Heritage,3,4,Train,4-Star,Breakfast,4,Shoulder,10,790,66915.46
Agra,Heritage,6,4,Train,4-Star,Room Only,4,Peak,35,944,141678.21
Nainital,Nature,7,7,Car,4-Star,Breakfast,8,Shoulder,31,697,268599.56
Leh,Adventure,4,5,Train,3-Star,Breakfast,0,Peak,32,1226,96776.51
Manali,Mountain,3,9,Train,Budget,Breakfast,5,Shoulder,62,1603,58684.63
Indore,City,8,6,Flight,2-Star,Half Board,3,Off-Peak,106,1360,176684.67
Chennai,City,1,7,Train,2-Star,Full Board,8,Peak,16,1605,51886.37
Jodhpur,Heritage,3,2,Train,3-Star,Half Board,0,Peak,141,1288,38048.84
Bengaluru,City,3,7,Flight,5-Star,Breakfast,0,Off-Peak,92,2303,221553.48
Manali,Mountain,4,7,Flight,2-Star,Half Board,7,Off-Peak,47,1264,115385.4
Aurangabad,Heritage,4,5,Car,3-Star,Full Board,0,Off-Peak,99,1388,65723.59
Rishikesh,Adventure,5,7,Train,Budget,Full Board,1,Shoulder,97,825,84322.81
Hyderabad,City,7,13,Train,3-Star,Full Board,8,Off-Peak,37,1975,300000
Jaisalmer,Heritage,2,6,Train,4-Star,Half Board,6,Shoulder,102,790,68556.52
Leh,Adventure,2,8,Flight,4-Star,Half Board,7,Peak,52,2340,201319.79
Bengaluru,City,1,9,Flight,2-Star,Room Only,5,Peak,97,1357,43381.08
Kodaikanal,Nature,1,5,Car,3-Star,Half Board,1,Peak,52,1229,34728.21
Bhubaneswar,Religious,6,7,Car,2-Star,Breakfast,7,Peak,27,364,146625.82
Darjeeling,Mountain,1,5,Flight,Budget,Half Board,4,Shoulder,82,2209,37656.94
Rishikesh,Adventure,1,12,Train,Budget,Room Only,10,Shoulder,149,1137,24965.5
Srinagar,Nature,1,2,Train,2-Star,Room Only,2,Peak,45,2082,13429.79
Puducherry,Beach,7,3,Bus,Budget,Half Board,0,Peak,78,382,39959.03
Kodaikanal,Nature,1,7,Train,Budget,Half Board,6,Off-Peak,24,2119,18607.55
Srinagar,Nature,3,5,Flight,Budget,Room Only,5,Shoulder,77,1319,69861.79
Amritsar,Religious,5,2,Train,Budget,Half Board,2,Off-Peak,128,1550,40352.15
Ranthambore,Wildlife,2,3,Train,2-Star,Room Only,1,Shoulder,92,312,9964.7
Kochi,Beach,2,8,Flight,Budget,Breakfast,8,Off-Peak,74,2023,54129.37
Coorg,Nature,2,7,Flight,5-Star,Room Only,5,Off-Peak,3,2341,164649.13
Dharamshala,Mountain,2,5,Flight,3-Star,Half Board,2,Peak,175,1455,63356.18
Manali,Mountain,7,3,Car,4-Star,Breakfast,0,Peak,49,1601,187596.36
Diu,Beach,3,11,Train,5-Star,Full Board,5,Shoulder,159,1057,300000
Guwahati,City,7,4,Flight,3-Star,Breakfast,4,Off-Peak,102,1361,165649.88
Coorg,Nature,2,6,Train,4-Star,Breakfast,3,Off-Peak,127,864,46288.24
Kochi,Beach,5,2,Bus,5-Star,Breakfast,1,Peak,17,636,122918.19
Varanasi,Religious,6,9,Flight,Budget,Breakfast,9,Shoulder,21,252,149250.99
Ooty,Nature,5,6,Flight,5-Star,Room Only,4,Off-Peak,21,1394,300000
Mount Abu,Nature,5,9,Flight,3-Star,Breakfast,10,Peak,40,1296,284237.09
Leh,Adventure,5,6,Flight,2-Star,Half Board,7,Peak,171,1290,202081.82
Khajuraho,Heritage,2,5,Flight,5-Star,Half Board,5,Peak,91,1334,136624.89
Shillong,Nature,2,5,Train,3-Star,Full Board,3,Off-Peak,102,2023,37181.24
Jaisalmer,Heritage,2,9,Car,3-Star,Breakfast,7,Peak,145,557,74948.4
Chennai,City,6,6,Flight,4-Star,Breakfast,6,Peak,154,2171,300000
Dharamshala,Mountain,7,5,Flight,3-Star,Half Board,2,Off-Peak,18,2021,224572.38
Madurai,Religious,1,5,Flight,2-Star,Breakfast,5,Off-Peak,78,2482,32487.79
Surat,City,5,13,Train,3-Star,Breakfast,10,Peak,29,534,254849.31
Khajuraho,Heritage,4,6,Bus,4-Star,Room Only,2,Shoulder,60,1379,102855.34
Lucknow,Heritage,1,10,Bus,Budget,Breakfast,10,Off-Peak,139,1063,16836.69
Ahmedabad,City,2,4,Train,Budget,Room Only,3,Peak,49,1251,21340.44
Goa,Beach,2,3,Flight,3-Star,Breakfast,0,Peak,21,1575,64293.63
Tirupati,Religious,1,8,Train,4-Star,Full Board,5,Shoulder,74,2260,79464.11
Mount Abu,Nature,3,7,Car,Budget,Half Board,3,Off-Peak,36,1199,42157.05
Jodhpur,Heritage,4,6,Flight,3-Star,Half Board,4,Shoulder,75,1247,137511.22
Coorg,Nature,8,4,Flight,3-Star,Room Only,1,Shoulder,124,1541,193820.7
Pachmarhi,Nature,1,5,Flight,2-Star,Breakfast,4,Peak,126,1004,29113.44
Puri,Beach,3,5,Car,4-Star,Breakfast,2,Off-Peak,22,1519,85165.02
Mysuru,Heritage,3,11,Train,4-Star,Breakfast,7,Off-Peak,115,778,152866.51
Bengaluru,City,4,4,Flight,Budget,Full Board,3,Off-Peak,24,457,71559.91
Leh,Adventure,4,5,Flight,2-Star,Half Board,2,Off-Peak,157,2203,138499.1
Indore,City,4,9,Car,5-Star,Half Board,10,Shoulder,105,196,281686.44
Aurangabad,Heritage,8,6,Flight,4-Star,Room Only,5,Shoulder,79,1446,300000
Mysuru,Heritage,6,4,Train,Budget,Half Board,3,Shoulder,146,2462,92562.63
Jodhpur,Heritage,5,6,Flight,3-Star,Room Only,2,Off-Peak,63,486,92945.62
Nagpur,City,5,7,Train,3-Star,Half Board,6,Peak,79,1467,188528.76
Manali,Mountain,2,4,Flight,Budget,Breakfast,4,Shoulder,129,1878,50571.06
Pachmarhi,Nature,3,6,Flight,2-Star,Room Only,6,Peak,20,1110,90146.81
Hampi,Heritage,6,8,Flight,4-Star,Breakfast,9,Off-Peak,80,1644,288223.01
Hyderabad,City,1,8,Bus,4-Star,Half Board,3,Shoulder,144,409,65279.51
Tirupati,Religious,5,9,Flight,3-Star,Half Board,1,Shoulder,129,627,164761.24
Dehradun,Nature,3,7,Train,3-Star,Breakfast,0,Peak,178,975,72737.49
Jodhpur,Heritage,3,4,Flight,2-Star,Breakfast,2,Off-Peak,150,1148,55551.25
Udaipur,Heritage,7,11,Train,4-Star,Breakfast,5,Peak,39,577,300000
Pachmarhi,Nature,6,5,Flight,2-Star,Full Board,2,Shoulder,99,1164,149476.59
Tirupati,Religious,1,4,Train,5-Star,Full Board,0,Off-Peak,172,2213,57951.78
Lucknow,Heritage,1,2,Car,2-Star,Room Only,2,Shoulder,8,882,10438.32
Delhi,City,2,5,Car,4-Star,Half Board,0,Shoulder,77,1560,50235.73
Hampi,Heritage,4,11,Flight,2-Star,Room Only,5,Peak,151,1369,128952.9
Manali,Mountain,2,9,Bus,2-Star,Half Board,0,Off-Peak,179,1464,30196.96
Hampi,Heritage,2,9,Flight,4-Star,Breakfast,1,Peak,64,2131,133366.54
Gwalior,Heritage,3,3,Car,4-Star,Breakfast,0,Off-Peak,176,684,44364.39
Visakhapatnam,Beach,3,2,Flight,3-Star,Half Board,2,Peak,21,1596,83531.72
Munnar,Nature,2,9,Train,3-Star,Room Only,5,Peak,141,2525,70541.13
Puducherry,Beach,4,4,Bus,3-Star,Breakfast,3,Shoulder,129,710,54674.08
Pachmarhi,Nature,7,3,Train,3-Star,Half Board,2,Shoulder,98,1098,101245.69
Pachmarhi,Nature,3,5,Car,2-Star,Breakfast,6,Shoulder,33,1045,53339.82
Pachmarhi,Nature,1,4,Car,3-Star,Breakfast,1,Off-Peak,132,379,15702.13
Jaisalmer,Heritage,8,8,Flight,2-Star,Full Board,7,Shoulder,141,1305,300000
Varanasi,Religious,2,7,Train,5-Star,Half Board,5,Off-Peak,158,1700,96567.44
Hampi,Heritage,4,4,Car,Budget,Room Only,3,Shoulder,132,2293,50746.61
Goa,Beach,3,4,Flight,3-Star,Breakfast,2,Off-Peak,147,826,75368.08
Udaipur,Heritage,1,4,Train,2-Star,Half Board,1,Peak,152,1168,18128.01
Mount Abu,Nature,2,6,Train,3-Star,Breakfast,4,Shoulder,148,788,33226.08
Khajuraho,Heritage,2,11,Bus,Budget,Half Board,4,Shoulder,96,595,40964.34
Mahabaleshwar,Nature,2,6,Flight,2-Star,Full Board,7,Peak,66,1377,92686.36
Kodaikanal,Nature,8,7,Flight,4-Star,Breakfast,7,Peak,159,2321,300000
Hampi,Heritage,2,2,Train,3-Star,Breakfast,2,Shoulder,149,2356,24707.48
Jodhpur,Heritage,4,8,Car,4-Star,Half Board,3,Off-Peak,53,1076,124748.36
Mumbai,City,2,15,Flight,5-Star,Room Only,8,Off-Peak,135,417,202481.9
Pachmarhi,Nature,5,7,Train,Budget,Full Board,7,Peak,129,1299,155146.42
Haridwar,Religious,4,5,Train,Budget,Breakfast,2,Shoulder,161,191,26694.34
Pachmarhi,Nature,8,5,Train,Budget,Room Only,0,Shoulder,142,962,41733.48
Ooty,Nature,7,11,Flight,5-Star,Breakfast,9,Off-Peak,180,2064,300000
Madurai,Religious,4,6,Train,3-Star,Breakfast,4,Peak,170,1679,92210.98
Leh,Adventure,2,4,Flight,4-Star,Breakfast,4,Off-Peak,104,2513,102836.72
Khajuraho,Heritage,4,10,Car,4-Star,Half Board,0,Shoulder,117,677,148631.18
Indore,City,4,4,Flight,3-Star,Breakfast,2,Peak,126,1287,109216.28
Udaipur,Heritage,3,5,Car,3-Star,Breakfast,5,Shoulder,63,755,67699.42
Ranthambore,Wildlife,1,9,Bus,4-Star,Breakfast,8,Off-Peak,54,965,50080.5
Ranthambore,Wildlife,4,6,Train,2-Star,Half Board,4,Off-Peak,6,327,49985.54
Lucknow,Heritage,5,4,Flight,4-Star,Breakfast,1,Peak,69,1498,177894.47
Nainital,Nature,5,6,Train,Budget,Full Board,1,Peak,74,1292,101246.89
Pachmarhi,Nature,4,7,Flight,3-Star,Room Only,7,Shoulder,80,1371,126832.15
Srinagar,Nature,4,9,Train,3-Star,Room Only,4,Peak,95,918,123979.0
Bengaluru,City,7,7,Train,2-Star,Room Only,4,Peak,102,2180,148410.56
Mahabaleshwar,Nature,5,3,Flight,3-Star,Breakfast,1,Peak,33,1152,135820.35
Madurai,Religious,3,8,Flight,3-Star,Breakfast,9,Shoulder,71,2686,168383.38
Kolkata,City,5,10,Flight,5-Star,Breakfast,3,Peak,50,1571,300000
Kodaikanal,Nature,2,8,Train,4-Star,Breakfast,1,Peak,106,1120,92614.33
Khajuraho,Heritage,8,7,Car,5-Star,Room Only,8,Shoulder,109,649,300000
Nagpur,City,1,3,Flight,3-Star,Half Board,0,Peak,176,1404,26824.06
Kochi,Beach,7,3,Flight,3-Star,Full Board,0,Peak,74,2018,275664.45
Manali,Mountain,4,6,Car,2-Star,Half Board,7,Off-Peak,25,1838,102099.79
Jodhpur,Heritage,2,5,Train,4-Star,Breakfast,1,Peak,52,713,59088.66
Guwahati,City,5,4,Flight,4-Star,Half Board,0,Peak,14,1760,201969.31
Goa,Beach,1,6,Car,2-Star,Breakfast,5,Peak,152,1097,26571.32
Nainital,Nature,2,13,Flight,3-Star,Breakfast,3,Peak,125,1529,120650.17
Aurangabad,Heritage,1,3,Flight,4-Star,Breakfast,3,Peak,83,1626,42185.97
Jaisalmer,Heritage,3,13,Train,2-Star,Room Only,6,Off-Peak,53,1548,64834.66
Khajuraho,Heritage,5,7,Train,2-Star,Half Board,2,Peak,28,1409,103224.33
Mumbai,City,3,4,Train,5-Star,Full Board,0,Shoulder,49,776,139341.52
Leh,Adventure,2,7,Flight,Budget,Half Board,0,Off-Peak,10,2585,92458.55
Puri,Beach,2,9,Train,4-Star,Breakfast,10,Off-Peak,179,1909,80256.16
Jodhpur,Heritage,4,2,Train,2-Star,Breakfast,2,Off-Peak,131,970,23310.48
Goa,Beach,4,7,Train,4-Star,Breakfast,7,Shoulder,20,2451,182517.63
Tirupati,Religious,6,5,Train,2-Star,Half Board,6,Peak,36,1850,137153.25
Chennai,City,3,10,Flight,3-Star,Half Board,4,Off-Peak,125,940,115863.03
Ahmedabad,City,2,11,Train,3-Star,Breakfast,5,Shoulder,126,432,47951.82
Diu,Beach,7,12,Train,5-Star,Half Board,5,Peak,110,708,300000
Puducherry,Beach,3,5,Car,Budget,Full Board,1,Peak,26,1229,63792.15
Shimla,Mountain,2,4,Flight,2-Star,Breakfast,2,Peak,89,814,38021.92
Leh,Adventure,3,5,Train,2-Star,Half Board,0,Shoulder,20,2867,75273.97
Manali,Mountain,6,6,Flight,3-Star,Room Only,0,Peak,73,979,144723.5
Bhopal,Heritage,5,2,Train,3-Star,Full Board,0,Peak,160,385,55485.38
Lucknow,Heritage,1,3,Train,3-Star,Breakfast,0,Peak,76,405,15591.72
Hampi,Heritage,2,4,Flight,3-Star,Full Board,0,Peak,169,2318,77327.04
Leh,Adventure,8,7,Flight,2-Star,Breakfast,7,Off-Peak,74,1349,278659.07
Pachmarhi,Nature,7,4,Train,3-Star,Breakfast,1,Peak,134,397,102719.6
Jodhpur,Heritage,6,4,Flight,Budget,Half Board,0,Peak,54,368,87706.6
Guwahati,City,3,4,Flight,4-Star,Full Board,2,Off-Peak,146,2799,148357.95
Puri,Beach,8,4,Train,4-Star,Full Board,3,Peak,146,2009,300000
Jodhpur,Heritage,3,7,Car,3-Star,Half Board,8,Peak,140,1006,109894.82
Jaisalmer,Heritage,2,3,Train,5-Star,Half Board,2,Peak,107,940,62333.17
Mumbai,City,7,2,Car,3-Star,Half Board,2,Peak,74,541,75878.23
Nainital,Nature,4,10,Train,3-Star,Breakfast,0,Shoulder,136,425,83609.28
Mysuru,Heritage,4,4,Flight,Budget,Room Only,1,Shoulder,67,1933,83584.72
Bhubaneswar,Religious,1,3,Train,5-Star,Breakfast,2,Shoulder,39,1834,47072.81
Ahmedabad,City,2,4,Bus,Budget,Half Board,3,Peak,103,191,18568.53
Srinagar,Nature,2,2,Train,Budget,Room Only,0,Peak,4,889,10793.6
Srinagar,Nature,2,2,Train,Budget,Room Only,2,Peak,77,1184,16422.41
Munnar,Nature,2,5,Flight,Budget,Breakfast,3,Peak,72,1425,46609.61
Amritsar,Religious,7,8,Flight,3-Star,Half Board,0,Peak,50,809,279396.05
Nagpur,City,7,7,Train,2-Star,Half Board,5,Off-Peak,33,667,99593.71
Kodaikanal,Nature,6,5,Car,Budget,Full Board,5,Shoulder,9,1207,120331.03
Udaipur,Heritage,5,6,Car,4-Star,Half Board,7,Peak,1,867,231010.49
Aurangabad,Heritage,5,3,Flight,3-Star,Room Only,0,Peak,8,1689,144558.0
Ooty,Nature,7,6,Flight,4-Star,Full Board,4,Peak,112,2097,300000
Visakhapatnam,Beach,1,6,Train,5-Star,Half Board,4,Peak,33,1075,119390.95
Ooty,Nature,7,4,Car,3-Star,Room Only,0,Peak,150,622,95313.21
Nainital,Nature,4,6,Flight,3-Star,Room Only,4,Shoulder,125,1283,119552.68
Shillong,Nature,6,6,Train,2-Star,Room Only,6,Peak,47,1826,105184.56
Udaipur,Heritage,2,9,Flight,2-Star,Room Only,5,Peak,10,847,49629.27
Delhi,City,6,12,Car,2-Star,Half Board,9,Shoulder,159,374,173217.36
Shimla,Mountain,5,7,Train,3-Star,Room Only,4,Shoulder,55,1457,116311.3
Ranthambore,Wildlife,5,11,Flight,5-Star,Room Only,6,Peak,89,1135,300000
Madurai,Religious,3,5,Bus,2-Star,Breakfast,1,Shoulder,79,1318,31405.41
Madurai,Religious,2,3,Flight,Budget,Breakfast,1,Peak,45,2535,56928.65
Bengaluru,City,8,8,Car,5-Star,Room Only,2,Peak,83,392,300000
Madurai,Religious,1,3,Bus,3-Star,Breakfast,1,Peak,117,845,19037.08
Mysuru,Heritage,6,12,Flight,4-Star,Breakfast,0,Peak,76,1719,300000
Nagpur,City,2,7,Flight,4-Star,Room Only,3,Off-Peak,106,980,66484.82
Srinagar,Nature,5,7,Flight,3-Star,Room Only,8,Peak,123,1785,224686.86
Hampi,Heritage,5,7,Flight,2-Star,Half Board,4,Peak,34,1131,150493.11
Guwahati,City,7,8,Train,5-Star,Breakfast,6,Peak,144,2005,300000
Shimla,Mountain,6,5,Flight,4-Star,Full Board,6,Shoulder,1,442,239762.25
Puducherry,Beach,4,10,Train,2-Star,Breakfast,2,Peak,144,386,70682.54
Port Blair,Beach,1,5,Flight,Budget,Full Board,5,Peak,25,2456,57375.13
Jodhpur,Heritage,2,8,Flight,4-Star,Room Only,8,Peak,96,1422,127403.55
Gwalior,Heritage,6,10,Train,5-Star,Breakfast,7,Peak,166,444,300000
Surat,City,4,13,Car,3-Star,Room Only,6,Peak,144,336,150663.72
Udaipur,Heritage,1,4,Train,2-Star,Full Board,2,Peak,15,863,26098.82
Nainital,Nature,2,4,Train,4-Star,Full Board,0,Peak,76,1268,55357.72
Puri,Beach,1,4,Flight,3-Star,Room Only,1,Off-Peak,5,631,23714.86
Madurai,Religious,5,6,Car,3-Star,Full Board,6,Peak,164,778,195921.51
Leh,Adventure,6,2,Flight,5-Star,Room Only,0,Peak,92,1017,228388.82
Puducherry,Beach,5,5,Flight,Budget,Breakfast,6,Peak,136,2082,186296.0
Lucknow,Heritage,2,4,Train,3-Star,Full Board,2,Peak,153,691,47427.82
Bhopal,Heritage,7,7,Bus,3-Star,Breakfast,7,Shoulder,73,336,141254.32
Udaipur,Heritage,2,8,Bus,2-Star,Breakfast,0,Off-Peak,135,544,16575.96
Agra,Heritage,1,2,Flight,5-Star,Half Board,1,Off-Peak,24,1303,35053.05
Puducherry,Beach,1,5,Car,4-Star,Breakfast,2,Shoulder,154,524,41680.96
Hyderabad,City,2,3,Train,2-Star,Full Board,2,Off-Peak,117,1230,20915.62
Ahmedabad,City,1,5,Train,4-Star,Breakfast,4,Off-Peak,38,992,30775.12
Goa,Beach,3,7,Flight,3-Star,Breakfast,1,Peak,4,1370,134973.68
Visakhapatnam,Beach,7,4,Flight,3-Star,Breakfast,3,Peak,85,1450,210710.23
Leh,Adventure,6,7,Flight,2-Star,Breakfast,8,Peak,66,2881,300000
Pachmarhi,Nature,2,5,Flight,Budget,Breakfast,4,Off-Peak,52,1421,50777.03
Srinagar,Nature,3,7,Train,3-Star,Breakfast,2,Peak,152,770,107560.53
Dehradun,Nature,3,12,Train,3-Star,Breakfast,1,Peak,20,835,131792.86
Munnar,Nature,7,3,Flight,Budget,Breakfast,2,Off-Peak,174,1349,124236.02
Hyderabad,City,1,5,Bus,Budget,Room Only,4,Off-Peak,164,273,6297.4
Bhopal,Heritage,1,7,Flight,2-Star,Breakfast,3,Off-Peak,104,1345,27637.21
Mysuru,Heritage,5,6,Flight,3-Star,Breakfast,7,Peak,15,2097,295509.7
Puri,Beach,7,9,Bus,4-Star,Breakfast,4,Peak,9,1530,300000
Leh,Adventure,5,5,Train,Budget,Full Board,1,Peak,72,2847,137283.87
Puri,Beach,2,7,Train,2-Star,Breakfast,1,Off-Peak,98,1502,22880.72
Pune,City,5,4,Car,3-Star,Room Only,3,Peak,120,138,82846.57
Jaisalmer,Heritage,8,7,Bus,Budget,Room Only,2,Peak,21,1177,61091.68
Delhi,City,4,3,Flight,3-Star,Full Board,1,Peak,63,1738,147088.07
Hampi,Heritage,4,5,Train,3-Star,Breakfast,5,Peak,84,1071,76970.4
Amritsar,Religious,5,3,Car,Budget,Breakfast,1,Off-Peak,136,1172,36039.09
Port Blair,Beach,2,4,Flight,3-Star,Room Only,1,Peak,78,2452,92464.41
Pachmarhi,Nature,6,4,Car,Budget,Room Only,4,Peak,6,390,55272.11
Manali,Mountain,4,7,Train,2-Star,Breakfast,5,Peak,13,1012,78762.91
Pune,City,6,3,Flight,3-Star,Room Only,3,Shoulder,104,1194,139287.55
Darjeeling,Mountain,3,5,Flight,Budget,Half Board,4,Shoulder,11,1361,76676.22
Mumbai,City,5,3,Flight,3-Star,Breakfast,0,Peak,75,1616,139449.57
Kolkata,City,2,11,Flight,Budget,Full Board,10,Shoulder,23,1238,94122.25
Jaisalmer,Heritage,4,5,Flight,4-Star,Breakfast,0,Off-Peak,41,1414,118941.34
Mount Abu,Nature,8,4,Car,Budget,Breakfast,2,Off-Peak,16,874,69495.11
Jaipur,Heritage,2,4,Car,3-Star,Room Only,3,Off-Peak,29,779,20693.89
Mumbai,City,5,7,Flight,4-Star,Breakfast,0,Peak,47,1178,287221.59
Amritsar,Religious,4,5,Train,3-Star,Room Only,0,Peak,117,1895,60599.45
Guwahati,City,5,5,Bus,2-Star,Breakfast,3,Peak,150,778,60350.48
Mumbai,City,1,4,Flight,5-Star,Breakfast,0,Shoulder,132,1294,71579.12
Munnar,Nature,7,6,Car,3-Star,Breakfast,6,Shoulder,62,926,140079.0
Haridwar,Religious,4,4,Flight,3-Star,Breakfast,2,Shoulder,154,963,79200.0
Hyderabad,City,3,4,Bus,3-Star,Breakfast,1,Shoulder,42,530,39916.19
Kochi,Beach,8,6,Car,5-Star,Half Board,0,Shoulder,75,1634,300000
Mumbai,City,7,8,Flight,4-Star,Breakfast,6,Off-Peak,38,660,292134.84
Udaipur,Heritage,2,3,Bus,4-Star,Half Board,0,Peak,139,451,34946.04
Dehradun,Nature,3,8,Flight,Budget,Room Only,5,Peak,28,982,82041.44
Madurai,Religious,6,4,Car,3-Star,Full Board,2,Off-Peak,118,525,91294.87
Manali,Mountain,7,6,Train,2-Star,Half Board,7,Off-Peak,67,1198,135303.68
Dehradun,Nature,4,8,Car,2-Star,Half Board,4,Off-Peak,163,284,64775.26
Ahmedabad,City,3,5,Train,3-Star,Full Board,6,Peak,133,1370,94494.2
Manali,Mountain,2,4,Train,4-Star,Breakfast,1,Off-Peak,104,1803,38673.3
Mount Abu,Nature,1,5,Train,2-Star,Breakfast,4,Peak,70,1231,22671.63
Munnar,Nature,4,6,Bus,Budget,Full Board,5,Peak,146,615,85686.55
Madurai,Religious,2,9,Flight,2-Star,Half Board,5,Peak,131,1008,81084.13
Diu,Beach,2,8,Train,4-Star,Room Only,5,Off-Peak,5,1079,51689.02
Surat,City,4,8,Car,5-Star,Room Only,9,Shoulder,2,504,241814.17
Hyderabad,City,1,5,Flight,5-Star,Breakfast,4,Peak,42,1416,125091.72
Gangtok,Mountain,2,8,Flight,Budget,Breakfast,2,Peak,11,2001,79627.63
Ahmedabad,City,4,4,Train,2-Star,Half Board,1,Off-Peak,140,1499,36583.58
Gwalior,Heritage,4,7,Train,2-Star,Breakfast,5,Peak,149,882,73359.74
Udaipur,Heritage,5,4,Car,2-Star,Breakfast,3,Shoulder,32,1305,74900.45
Coorg,Nature,4,7,Flight,2-Star,Half Board,1,Shoulder,121,2167,125551.23
Gwalior,Heritage,3,5,Train,3-Star,Half Board,0,Shoulder,149,875,49307.77
Khajuraho,Heritage,2,12,Flight,3-Star,Breakfast,2,Shoulder,113,1789,87861.82
Delhi,City,3,7,Train,3-Star,Breakfast,7,Peak,142,1242,106541.78
Hyderabad,City,4,5,Train,4-Star,Full Board,5,Off-Peak,98,1515,109185.47
Gangtok,Mountain,3,3,Flight,2-Star,Breakfast,3,Off-Peak,44,1489,69466.51
Madurai,Religious,2,5,Bus,Budget,Full Board,4,Off-Peak,53,649,24900.58
Guwahati,City,4,6,Flight,Budget,Full Board,2,Peak,102,2748,181915.47
Gangtok,Mountain,2,3,Flight,3-Star,Breakfast,3,Off-Peak,134,2795,74568.23
Udaipur,Heritage,3,6,Flight,3-Star,Room Only,5,Shoulder,151,1358,91644.01
Jaipur,Heritage,2,7,Bus,2-Star,Room Only,3,Off-Peak,136,1108,18765.09
Guwahati,City,4,4,Flight,5-Star,Half Board,2,Off-Peak,48,1224,149200.63
Bhopal,Heritage,5,4,Train,2-Star,Half Board,4,Off-Peak,161,515,53405.89
Indore,City,4,11,Train,Budget,Breakfast,9,Off-Peak,21,863,68751.01
Diu,Beach,2,6,Flight,3-Star,Full Board,5,Shoulder,19,1203,92290.54
Kolkata,City,4,5,Flight,2-Star,Room Only,3,Peak,88,1793,108478.22
Ranthambore,Wildlife,6,7,Car,3-Star,Full Board,5,Peak,121,581,231361.71
Khajuraho,Heritage,5,11,Train,3-Star,Half Board,8,Off-Peak,138,1615,191019.6
Shillong,Nature,8,5,Train,3-Star,Room Only,0,Shoulder,29,2013,130323.15
Puri,Beach,2,2,Train,5-Star,Room Only,2,Off-Peak,129,1171,27792.98
Kodaikanal,Nature,7,8,Train,5-Star,Half Board,2,Shoulder,15,1931,300000
Indore,City,2,3,Bus,3-Star,Full Board,0,Peak,68,220,24737.55
Coorg,Nature,4,6,Bus,3-Star,Half Board,3,Off-Peak,157,708,63969.88
Jaisalmer,Heritage,1,5,Flight,5-Star,Half Board,6,Off-Peak,163,1354,86880.27
Udaipur,Heritage,5,7,Car,2-Star,Full Board,6,Peak,134,451,180999.28
Goa,Beach,6,3,Bus,3-Star,Full Board,2,Peak,104,1079,127940.38
Varanasi,Religious,7,7,Flight,Budget,Breakfast,5,Shoulder,32,1282,179500.75
Bhopal,Heritage,2,5,Bus,5-Star,Breakfast,1,Off-Peak,71,385,52050.11
Udaipur,Heritage,2,7,Flight,3-Star,Full Board,0,Off-Peak,24,975,60275.37
Jodhpur,Heritage,1,11,Train,Budget,Breakfast,10,Peak,105,594,34355.13
Agra,Heritage,4,6,Train,Budget,Full Board,3,Off-Peak,127,1300,58600.74
Nainital,Nature,6,3,Train,3-Star,Half Board,1,Peak,104,1646,98101.03
Dehradun,Nature,1,13,Train,Budget,Full Board,6,Shoulder,166,1333,43150.62
Dharamshala,Mountain,3,3,Car,3-Star,Breakfast,3,Shoulder,8,590,40031.39
Darjeeling,Mountain,1,7,Flight,Budget,Full Board,1,Shoulder,75,1012,34061.86
Bhubaneswar,Religious,3,9,Train,5-Star,Breakfast,10,Peak,158,1811,300000
Rishikesh,Adventure,2,12,Train,3-Star,Breakfast,3,Peak,12,1526,77293.25
Dharamshala,Mountain,2,6,Flight,2-Star,Breakfast,4,Peak,79,956,54793.26
Gwalior,Heritage,2,2,Bus,4-Star,Half Board,2,Peak,128,588,23885.33
Delhi,City,2,6,Flight,3-Star,Half Board,4,Peak,74,520,67635.74
Shillong,Nature,4,11,Car,3-Star,Full Board,7,Peak,39,773,253293.35
Shimla,Mountain,4,7,Train,3-Star,Breakfast,0,Peak,131,805,74764.09
Kodaikanal,Nature,5,5,Train,3-Star,Room Only,3,Peak,70,2319,127070.31
Khajuraho,Heritage,3,7,Flight,4-Star,Full Board,4,Shoulder,105,972,157350.32
Mysuru,Heritage,3,5,Flight,3-Star,Half Board,6,Off-Peak,102,1595,89075.61
Bhopal,Heritage,5,3,Train,2-Star,Half Board,2,Off-Peak,9,1312,46646.61
Rishikesh,Adventure,6,2,Flight,4-Star,Breakfast,2,Off-Peak,141,1443,140869.31
Tirupati,Religious,3,5,Bus,5-Star,Half Board,0,Peak,164,1790,194409.61
Bengaluru,City,5,2,Car,2-Star,Half Board,2,Peak,105,2040,68831.99
Gwalior,Heritage,5,7,Train,3-Star,Room Only,0,Peak,54,479,110237.2
Kolkata,City,3,4,Car,4-Star,Breakfast,3,Shoulder,104,1450,88539.93
Udaipur,Heritage,3,2,Car,4-Star,Breakfast,1,Peak,144,1048,50353.98
Varanasi,Religious,4,11,Car,2-Star,Breakfast,8,Shoulder,68,336,77325.09
Bhubaneswar,Religious,7,5,Flight,5-Star,Full Board,0,Peak,9,1528,300000
Agra,Heritage,3,5,Flight,4-Star,Half Board,6,Peak,106,1015,149919.56
Rishikesh,Adventure,4,7,Flight,2-Star,Full Board,3,Off-Peak,130,1319,115238.54
Ranthambore,Wildlife,1,3,Car,4-Star,Full Board,2,Shoulder,26,564,31693.16
Jodhpur,Heritage,7,2,Train,5-Star,Breakfast,1,Off-Peak,169,610,107189.67
Pune,City,3,13,Flight,2-Star,Room Only,7,Off-Peak,120,1245,88475.51
Mumbai,City,4,6,Flight,3-Star,Breakfast,1,Shoulder,136,1490,102778.87
Nainital,Nature,1,5,Flight,2-Star,Breakfast,1,Peak,67,567,27529.37
Manali,Mountain,7,11,Train,3-Star,Room Only,5,Shoulder,112,1838,242572.3
Darjeeling,Mountain,8,3,Flight,2-Star,Half Board,2,Peak,56,1274,218702.61
Indore,City,1,5,Flight,4-Star,Breakfast,2,Peak,22,1186,60808.79
Kolkata,City,5,10,Flight,5-Star,Breakfast,9,Off-Peak,104,791,300000
Nainital,Nature,8,12,Bus,3-Star,Breakfast,1,Peak,1,576,244970.35
Puri,Beach,3,6,Train,4-Star,Breakfast,3,Peak,39,1957,144680.71
Srinagar,Nature,8,6,Train,3-Star,Room Only,5,Shoulder,72,1954,163136.28
Surat,City,2,6,Train,Budget,Room Only,2,Peak,93,764,17352.37
Hampi,Heritage,8,12,Bus,Budget,Half Board,10,Shoulder,49,874,219429.69
Hampi,Heritage,6,5,Train,2-Star,Breakfast,5,Off-Peak,59,2334,100030.22
Delhi,City,1,7,Flight,2-Star,Breakfast,2,Shoulder,136,1508,31616.74
Mysuru,Heritage,2,4,Flight,Budget,Half Board,2,Peak,129,2499,60551.16
Gangtok,Mountain,3,10,Train,Budget,Breakfast,4,Shoulder,29,1248,56358.09
Aurangabad,Heritage,6,7,Train,4-Star,Room Only,2,Off-Peak,120,935,130894.52
Jaipur,Heritage,1,6,Train,3-Star,Breakfast,1,Peak,157,219,28835.5
Hyderabad,City,3,5,Bus,2-Star,Breakfast,4,Peak,135,315,40103.13
Kolkata,City,4,3,Flight,5-Star,Full Board,0,Off-Peak,152,1342,130948.93
Nashik,Religious,5,4,Car,3-Star,Room Only,1,Off-Peak,136,921,53186.74
Agra,Heritage,3,4,Car,3-Star,Breakfast,0,Off-Peak,37,222,29430.64
Shimla,Mountain,4,5,Train,3-Star,Full Board,1,Off-Peak,148,1499,68003.56
Varanasi,Religious,2,13,Train,4-Star,Room Only,8,Off-Peak,50,437,86898.48
Delhi,City,5,2,Train,3-Star,Full Board,1,Off-Peak,1,380,40804.06
Ahmedabad,City,4,7,Train,4-Star,Half Board,2,Peak,54,282,154953.6
Hyderabad,City,2,5,Bus,3-Star,Room Only,6,Shoulder,59,905,28038.21
Dehradun,Nature,5,10,Car,Budget,Room Only,6,Off-Peak,122,1302,73028.8
Lucknow,Heritage,3,2,Bus,5-Star,Breakfast,2,Shoulder,56,1624,67125.29
Udaipur,Heritage,5,5,Train,Budget,Full Board,3,Shoulder,122,829,92098.72
Surat,City,2,4,Bus,Budget,Half Board,2,Peak,52,413,17913.54
Darjeeling,Mountain,4,10,Train,2-Star,Full Board,2,Off-Peak,16,1091,116969.47
Udaipur,Heritage,4,5,Bus,Budget,Room Only,1,Peak,24,458,20098.38
Kolkata,City,4,4,Bus,3-Star,Full Board,4,Shoulder,119,1786,83272.85
Surat,City,7,11,Train,Budget,Room Only,7,Peak,91,1345,141249.19
Haridwar,Religious,8,6,Bus,3-Star,Breakfast,3,Shoulder,143,1011,132588.91
Varanasi,Religious,1,5,Car,2-Star,Breakfast,3,Peak,12,243,19006.51
Munnar,Nature,1,5,Train,3-Star,Breakfast,1,Peak,130,1127,31487.94
Kochi,Beach,5,10,Car,4-Star,Breakfast,10,Off-Peak,162,1100,246899.9
Ahmedabad,City,6,9,Car,3-Star,Full Board,1,Peak,147,170,254001.96
Nashik,Religious,4,4,Flight,Budget,Half Board,0,Off-Peak,43,969,59946.27
Pune,City,3,6,Bus,4-Star,Half Board,2,Shoulder,147,1473,99095.85
Dehradun,Nature,3,6,Bus,3-Star,Full Board,0,Peak,108,427,100322.72
Kolkata,City,4,2,Flight,3-Star,Full Board,1,Shoulder,103,2074,116196.3
Jaipur,Heritage,2,5,Bus,Budget,Breakfast,3,Shoulder,83,169,13847.84
Bhubaneswar,Religious,4,10,Train,Budget,Room Only,9,Shoulder,166,1118,55941.02
Aurangabad,Heritage,4,3,Car,4-Star,Room Only,3,Peak,139,552,73173.41
Munnar,Nature,2,4,Flight,2-Star,Breakfast,2,Peak,177,833,41604.58
Port Blair,Beach,3,9,Train,2-Star,Breakfast,5,Shoulder,130,2296,79069.22
Gwalior,Heritage,3,7,Flight,3-Star,Breakfast,7,Peak,106,740,125702.76
Varanasi,Religious,6,4,Car,3-Star,Breakfast,4,Off-Peak,6,1595,100800.67
Kolkata,City,3,6,Train,3-Star,Breakfast,3,Shoulder,122,1403,70906.19
Madurai,Religious,3,5,Train,Budget,Half Board,6,Peak,66,668,60332.79
Bhopal,Heritage,2,8,Car,2-Star,Half Board,6,Peak,85,1416,70619.82
Pachmarhi,Nature,6,4,Train,3-Star,Room Only,1,Shoulder,78,642,67374.59
Shillong,Nature,1,5,Car,2-Star,Full Board,0,Off-Peak,100,1138,16452.79
Mumbai,City,2,3,Flight,4-Star,Room Only,3,Peak,121,1953,61808.12
Mysuru,Heritage,1,7,Flight,3-Star,Breakfast,8,Peak,155,887,62810.2
Varanasi,Religious,6,11,Bus,2-Star,Breakfast,10,Shoulder,68,417,144172.74
Bhopal,Heritage,5,9,Train,3-Star,Half Board,0,Off-Peak,107,1207,119432.54
Mahabaleshwar,Nature,8,10,Bus,4-Star,Room Only,1,Peak,70,281,300000
Rishikesh,Adventure,7,2,Bus,3-Star,Half Board,1,Peak,119,1178,76492.6
Jodhpur,Heritage,8,12,Train,5-Star,Breakfast,4,Off-Peak,151,1148,300000
Gangtok,Mountain,7,3,Flight,Budget,Room Only,2,Peak,67,2002,198053.14
Diu,Beach,2,3,Flight,3-Star,Breakfast,0,Shoulder,126,1056,37776.12
Aurangabad,Heritage,2,4,Bus,5-Star,Full Board,4,Shoulder,130,1220,69100.66
Amritsar,Religious,1,3,Train,4-Star,Room Only,1,Off-Peak,160,854,17664.05
Shillong,Nature,7,3,Flight,Budget,Room Only,3,Off-Peak,168,2366,149759.6
Surat,City,5,7,Flight,5-Star,Full Board,7,Off-Peak,30,728,300000
Nagpur,City,2,3,Flight,5-Star,Breakfast,2,Peak,50,704,88566.43
Surat,City,1,5,Flight,Budget,Breakfast,3,Shoulder,90,1247,25647.35
Gangtok,Mountain,2,5,Flight,2-Star,Half Board,4,Shoulder,33,2246,79067.11
Nainital,Nature,4,7,Flight,4-Star,Breakfast,6,Off-Peak,34,1380,152515.55
Hyderabad,City,4,12,Flight,3-Star,Room Only,10,Off-Peak,133,1879,160336.48
Mahabaleshwar,Nature,8,8,Train,Budget,Breakfast,7,Peak,118,619,160451.36
Dehradun,Nature,3,4,Car,2-Star,Half Board,3,Peak,62,411,42381.69
Goa,Beach,5,7,Train,4-Star,Full Board,6,Peak,70,835,300000
Nashik,Religious,3,8,Train,5-Star,Room Only,5,Peak,103,865,300000
Ranthambore,Wildlife,2,10,Train,Budget,Full Board,7,Shoulder,10,1086,63882.31
Surat,City,6,7,Car,3-Star,Full Board,8,Off-Peak,88,409,141048.22
Shillong,Nature,7,5,Train,3-Star,Breakfast,2,Peak,77,734,153386.58
Hyderabad,City,2,6,Train,4-Star,Full Board,2,Peak,64,1358,95577.21
Srinagar,Nature,6,6,Flight,2-Star,Breakfast,7,Peak,83,817,203563.64
Darjeeling,Mountain,5,11,Flight,Budget,Breakfast,3,Shoulder,30,1571,141142.68
Chennai,City,6,5,Flight,3-Star,Room Only,6,Peak,52,1389,182491.05
Lucknow,Heritage,5,3,Train,4-Star,Full Board,0,Peak,116,844,110773.19
Bengaluru,City,2,6,Flight,3-Star,Breakfast,6,Shoulder,63,1601,73259.08
Jaipur,Heritage,4,5,Train,4-Star,Breakfast,3,Peak,166,436,123958.41
Hampi,Heritage,2,8,Flight,Budget,Breakfast,3,Peak,167,1906,53142.0
Guwahati,City,6,3,Flight,2-Star,Half Board,1,Shoulder,149,925,91530.65
Tirupati,Religious,4,6,Flight,5-Star,Room Only,1,Off-Peak,124,802,184508.67
Mahabaleshwar,Nature,5,6,Flight,3-Star,Half Board,4,Peak,129,1413,222864.19
Mysuru,Heritage,5,6,Train,2-Star,Room Only,5,Shoulder,77,1646,79754.52
Pachmarhi,Nature,3,6,Car,5-Star,Breakfast,6,Shoulder,154,581,182544.79
Mysuru,Heritage,6,7,Car,2-Star,Half Board,4,Off-Peak,65,1938,120598.83
Agra,Heritage,7,4,Flight,3-Star,Room Only,0,Off-Peak,51,1222,152891.27
Ahmedabad,City,2,5,Flight,3-Star,Full Board,0,Shoulder,37,112,39638.46
Srinagar,Nature,3,8,Flight,Budget,Room Only,4,Shoulder,11,1694,102574.09
Bhopal,Heritage,7,7,Car,3-Star,Breakfast,0,Off-Peak,168,1177,125941.34
Dehradun,Nature,2,3,Flight,2-Star,Half Board,0,Off-Peak,9,1667,46998.46
Coorg,Nature,2,9,Flight,Budget,Breakfast,5,Shoulder,87,1514,49813.01
Ooty,Nature,3,5,Train,3-Star,Breakfast,1,Peak,113,950,52615.11
Coorg,Nature,4,6,Train,2-Star,Full Board,7,Peak,29,1469,147579.9
Jaisalmer,Heritage,1,12,Train,Budget,Breakfast,7,Off-Peak,107,1476,21852.1
Aurangabad,Heritage,2,6,Train,2-Star,Full Board,3,Peak,20,1583,60429.96
Hyderabad,City,3,7,Train,Budget,Half Board,0,Peak,36,1072,45555.83
Rishikesh,Adventure,1,5,Train,3-Star,Room Only,5,Shoulder,25,836,22175.94
Kolkata,City,3,7,Train,5-Star,Room Only,5,Off-Peak,109,858,150175.96
Varanasi,Religious,3,4,Flight,3-Star,Breakfast,4,Shoulder,37,1371,103782.32
Goa,Beach,2,8,Train,5-Star,Room Only,7,Shoulder,163,596,130945.61
Nagpur,City,7,6,Train,3-Star,Breakfast,3,Off-Peak,88,1046,105614.15
Goa,Beach,3,10,Flight,4-Star,Room Only,3,Off-Peak,144,1518,172654.82
Diu,Beach,2,6,Train,3-Star,Breakfast,3,Shoulder,128,1118,38307.33
Bengaluru,City,1,5,Car,3-Star,Half Board,3,Peak,175,838,37409.76
Puri,Beach,1,7,Flight,3-Star,Breakfast,7,Peak,128,1782,54238.66
Jaipur,Heritage,6,5,Bus,3-Star,Breakfast,5,Peak,176,1155,136118.13
Kodaikanal,Nature,3,7,Train,4-Star,Half Board,2,Shoulder,109,939,114270.61
Pachmarhi,Nature,1,11,Train,3-Star,Room Only,7,Off-Peak,114,825,41131.74
Amritsar,Religious,4,5,Train,4-Star,Room Only,6,Off-Peak,46,1662,92699.94
Visakhapatnam,Beach,7,5,Train,5-Star,Breakfast,2,Shoulder,162,686,300000
Port Blair,Beach,3,3,Train,4-Star,Breakfast,3,Peak,172,1926,98606.89
Aurangabad,Heritage,3,4,Flight,4-Star,Half Board,1,Off-Peak,118,917,95125.39
Coorg,Nature,2,4,Flight,3-Star,Room Only,1,Shoulder,9,1095,49468.64
Leh,Adventure,7,9,Car,4-Star,Breakfast,5,Shoulder,122,1503,300000
Ooty,Nature,1,3,Car,2-Star,Breakfast,3,Off-Peak,88,1190,10316.89
Mahabaleshwar,Nature,2,7,Train,3-Star,Full Board,3,Shoulder,42,1394,62169.35
Gwalior,Heritage,2,3,Bus,5-Star,Breakfast,0,Peak,143,766,64290.36
Jodhpur,Heritage,7,7,Flight,4-Star,Room Only,6,Peak,116,1355,300000
Nagpur,City,6,7,Train,5-Star,Full Board,6,Peak,61,855,300000
Puri,Beach,2,4,Flight,2-Star,Full Board,2,Peak,99,938,54296.55
Indore,City,2,3,Car,Budget,Breakfast,2,Peak,120,877,20075.91
Puri,Beach,5,4,Flight,3-Star,Half Board,4,Peak,87,1406,158372.56
Udaipur,Heritage,6,13,Bus,2-Star,Full Board,9,Peak,37,495,300000
Gwalior,Heritage,1,12,Flight,3-Star,Full Board,3,Shoulder,129,1400,64358.12
Dharamshala,Mountain,1,2,Flight,3-Star,Room Only,1,Shoulder,113,1611,21056.79
Coorg,Nature,3,8,Train,4-Star,Half Board,1,Shoulder,85,982,122637.38
Tirupati,Religious,4,3,Flight,Budget,Breakfast,3,Peak,148,636,67741.75
Nagpur,City,8,4,Car,4-Star,Breakfast,1,Shoulder,13,1071,159813.6
Goa,Beach,6,3,Train,4-Star,Half Board,1,Shoulder,84,1056,115240.97
Goa,Beach,2,6,Train,2-Star,Room Only,2,Peak,31,2091,29039.16
Leh,Adventure,2,4,Train,3-Star,Breakfast,2,Shoulder,141,1293,33968.14
Hampi,Heritage,1,5,Train,Budget,Full Board,6,Peak,101,1567,30634.49
Bengaluru,City,3,7,Bus,3-Star,Breakfast,6,Peak,115,523,88732.21
Nainital,Nature,2,2,Car,2-Star,Half Board,0,Shoulder,104,533,12551.43
Mount Abu,Nature,3,9,Car,4-Star,Room Only,7,Off-Peak,54,306,93524.06
Port Blair,Beach,8,4,Flight,4-Star,Breakfast,3,Peak,99,2489,300000
Goa,Beach,5,2,Train,5-Star,Half Board,0,Shoulder,81,694,103586.24
Aurangabad,Heritage,5,15,Flight,3-Star,Half Board,2,Off-Peak,82,1443,231832.76
Hampi,Heritage,2,5,Flight,3-Star,Room Only,1,Peak,132,1684,49419.33
Ahmedabad,City,4,13,Train,4-Star,Full Board,5,Off-Peak,171,372,221261.71
Bengaluru,City,5,6,Train,2-Star,Breakfast,5,Shoulder,11,613,68683.61
Pachmarhi,Nature,4,4,Train,4-Star,Full Board,0,Peak,2,1335,136167.85
Kochi,Beach,8,3,Train,2-Star,Half Board,0,Shoulder,138,2462,92124.2
Diu,Beach,4,6,Flight,Budget,Breakfast,2,Off-Peak,155,1080,59373.53
Khajuraho,Heritage,5,10,Flight,5-Star,Breakfast,10,Off-Peak,122,730,300000
Srinagar,Nature,3,3,Car,3-Star,Breakfast,3,Peak,7,1412,67017.9
Lucknow,Heritage,2,6,Train,3-Star,Room Only,0,Off-Peak,71,853,23741.37
Puducherry,Beach,1,6,Flight,2-Star,Breakfast,6,Peak,36,1565,45612.43
Madurai,Religious,3,3,Car,2-Star,Full Board,3,Peak,103,645,53419.35
Puducherry,Beach,3,5,Car,4-Star,Half Board,4,Peak,84,704,105796.47
Srinagar,Nature,2,7,Flight,Budget,Half Board,2,Shoulder,140,2010,62428.55
Hampi,Heritage,5,5,Flight,3-Star,Breakfast,6,Off-Peak,96,1665,129414.99
Coorg,Nature,4,6,Flight,2-Star,Half Board,5,Shoulder,137,1890,124679.7
Coorg,Nature,5,6,Bus,2-Star,Half Board,3,Off-Peak,19,2430,84237.21
Madurai,Religious,2,5,Flight,5-Star,Half Board,5,Peak,176,2484,169973.12
Darjeeling,Mountain,2,5,Train,Budget,Breakfast,5,Off-Peak,142,1888,25306.61
Varanasi,Religious,6,3,Flight,Budget,Half Board,0,Shoulder,102,1622,136138.67
Diu,Beach,3,6,Flight,3-Star,Half Board,1,Peak,60,839,112240.66
Puducherry,Beach,2,7,Flight,4-Star,Half Board,8,Shoulder,54,1205,94810.27
Kochi,Beach,3,4,Train,4-Star,Half Board,3,Peak,162,2686,123913.86
Delhi,City,2,6,Train,5-Star,Full Board,7,Off-Peak,74,1604,106870.99
Kochi,Beach,3,7,Train,4-Star,Breakfast,0,Peak,99,409,125833.78
Srinagar,Nature,3,8,Car,3-Star,Breakfast,1,Peak,147,887,114165.11
Gangtok,Mountain,3,6,Flight,2-Star,Full Board,0,Off-Peak,137,2161,101087.31
Mount Abu,Nature,4,3,Train,2-Star,Room Only,2,Peak,121,728,32386.69
Puducherry,Beach,5,4,Train,4-Star,Breakfast,0,Shoulder,62,1118,107265.63
Kodaikanal,Nature,6,6,Flight,Budget,Half Board,5,Peak,41,883,164255.27
Nagpur,City,6,14,Car,4-Star,Half Board,6,Peak,61,569,300000
Coorg,Nature,8,9,Flight,2-Star,Breakfast,3,Off-Peak,11,2567,277548.92
Hyderabad,City,6,5,Train,5-Star,Breakfast,1,Peak,143,948,300000
Haridwar,Religious,3,12,Flight,2-Star,Full Board,6,Peak,111,1172,167868.7
Visakhapatnam,Beach,1,5,Flight,3-Star,Breakfast,6,Off-Peak,124,2101,36247.66
Surat,City,1,9,Train,5-Star,Full Board,8,Peak,59,1010,218289.71
Amritsar,Religious,1,10,Car,3-Star,Breakfast,0,Shoulder,142,481,34332.65
Bhubaneswar,Religious,4,12,Car,Budget,Room Only,8,Shoulder,41,278,61331.83
Jaisalmer,Heritage,2,7,Train,3-Star,Breakfast,5,Peak,149,1260,53623.77
Varanasi,Religious,8,10,Flight,3-Star,Room Only,1,Peak,109,1588,300000
Surat,City,3,11,Car,2-Star,Full Board,8,Peak,60,879,164038.78
Guwahati,City,3,4,Train,2-Star,Breakfast,1,Peak,53,2584,42188.24
Visakhapatnam,Beach,2,15,Train,Budget,Breakfast,4,Off-Peak,69,689,29489.05
Surat,City,4,8,Car,5-Star,Room Only,5,Peak,24,1364,300000
Darjeeling,Mountain,7,4,Train,4-Star,Room Only,2,Peak,117,939,193297.9
Gwalior,Heritage,2,11,Bus,3-Star,Room Only,8,Off-Peak,97,975,43556.57
Bhopal,Heritage,2,8,Train,4-Star,Half Board,3,Peak,15,1049,85314.76
Bhopal,Heritage,4,8,Bus,Budget,Room Only,7,Shoulder,150,263,39824.66
Haridwar,Religious,2,5,Train,Budget,Breakfast,4,Shoulder,76,579,19300.72
Guwahati,City,3,6,Flight,4-Star,Room Only,1,Off-Peak,60,1415,124101.61
Hyderabad,City,2,11,Flight,Budget,Room Only,1,Off-Peak,172,877,33975.02
Rishikesh,Adventure,1,7,Train,4-Star,Room Only,5,Peak,30,607,66833.9
Bhubaneswar,Religious,6,5,Flight,4-Star,Breakfast,0,Off-Peak,26,1247,187757.93
Jodhpur,Heritage,5,12,Flight,2-Star,Full Board,4,Peak,31,1165,290900.2
Mysuru,Heritage,5,5,Bus,Budget,Full Board,1,Peak,62,459,77782.93
Agra,Heritage,3,5,Car,2-Star,Breakfast,0,Peak,51,1337,48323.62
Bengaluru,City,3,6,Car,3-Star,Half Board,5,Off-Peak,137,531,68329.14
Bhubaneswar,Religious,3,5,Flight,4-Star,Room Only,2,Peak,129,1181,116889.15
Diu,Beach,5,10,Flight,5-Star,Full Board,10,Peak,28,1582,300000
Aurangabad,Heritage,4,2,Flight,Budget,Breakfast,2,Shoulder,38,1560,88745.24
Indore,City,2,5,Flight,Budget,Room Only,1,Off-Peak,78,1107,31490.16
Diu,Beach,1,3,Train,2-Star,Half Board,2,Peak,26,452,12313.1
Leh,Adventure,5,6,Car,3-Star,Full Board,5,Peak,107,2539,280153.74
Jaipur,Heritage,1,2,Train,Budget,Room Only,1,Shoulder,48,1185,6774.05
Rishikesh,Adventure,4,5,Bus,3-Star,Breakfast,1,Peak,124,224,69848.6
Srinagar,Nature,2,2,Flight,2-Star,Half Board,0,Off-Peak,3,1324,41975.6
Madurai,Religious,5,4,Flight,Budget,Breakfast,4,Peak,160,1051,119196.89
Dehradun,Nature,5,5,Flight,4-Star,Breakfast,6,Peak,112,1259,239874.05
Goa,Beach,3,4,Flight,2-Star,Room Only,0,Peak,91,2461,94238.16
Mount Abu,Nature,6,6,Bus,Budget,Room Only,2,Peak,161,1353,51685.91
Puri,Beach,4,7,Flight,4-Star,Breakfast,4,Off-Peak,58,1396,145011.14
Surat,City,3,7,Bus,2-Star,Full Board,6,Peak,28,909,109613.09
Puri,Beach,1,6,Car,3-Star,Half Board,7,Shoulder,73,328,31627.38
Visakhapatnam,Beach,7,5,Flight,4-Star,Half Board,1,Off-Peak,154,360,181413.97
Guwahati,City,7,9,Flight,Budget,Half Board,3,Off-Peak,6,747,174402.93
Port Blair,Beach,4,5,Bus,3-Star,Full Board,1,Off-Peak,173,2601,84189.66
Visakhapatnam,Beach,5,7,Flight,4-Star,Breakfast,2,Off-Peak,22,1805,228492.19
Ooty,Nature,6,6,Flight,2-Star,Full Board,2,Shoulder,137,1351,206734.13
Lucknow,Heritage,7,8,Train,2-Star,Breakfast,1,Peak,108,574,123841.63
Nashik,Religious,3,8,Flight,3-Star,Full Board,8,Peak,123,1526,189901.67
Leh,Adventure,3,4,Flight,Budget,Half Board,2,Shoulder,62,1608,109204.4
Nashik,Religious,3,11,Flight,2-Star,Breakfast,10,Peak,167,644,116766.94
Agra,Heritage,2,10,Bus,3-Star,Room Only,0,Peak,141,474,41375.26
Surat,City,7,4,Bus,5-Star,Breakfast,2,Off-Peak,163,1381,238963.8
Gwalior,Heritage,2,8,Car,Budget,Room Only,4,Shoulder,125,374,16742.39
Rishikesh,Adventure,4,6,Bus,2-Star,Full Board,0,Peak,115,367,73650.29
Dharamshala,Mountain,3,5,Train,4-Star,Room Only,3,Shoulder,54,806,87962.25
Coorg,Nature,2,3,Bus,3-Star,Room Only,3,Shoulder,37,1810,23005.33
Bengaluru,City,6,6,Flight,2-Star,Breakfast,1,Peak,18,1646,190603.11
Rishikesh,Adventure,3,9,Car,3-Star,Full Board,4,Peak,155,575,154274.99
Gwalior,Heritage,7,8,Flight,2-Star,Room Only,8,Peak,65,563,190572.39
Guwahati,City,5,3,Flight,4-Star,Half Board,1,Shoulder,149,1339,153389.78
Surat,City,5,7,Train,3-Star,Full Board,6,Shoulder,86,1013,158061.66
Srinagar,Nature,2,7,Flight,4-Star,Room Only,8,Peak,80,1488,133323.59
Gangtok,Mountain,6,7,Train,2-Star,Half Board,8,Shoulder,81,959,142248.95
Hampi,Heritage,5,8,Car,4-Star,Half Board,2,Peak,154,1939,274381.35
Coorg,Nature,2,5,Flight,2-Star,Breakfast,3,Off-Peak,59,1098,40703.33
Kochi,Beach,1,8,Bus,3-Star,Full Board,1,Off-Peak,52,2705,36764.2
Srinagar,Nature,2,9,Train,4-Star,Breakfast,9,Peak,12,757,114540.57
Mumbai,City,1,6,Train,5-Star,Room Only,2,Peak,46,1195,123134.92
Mount Abu,Nature,5,5,Flight,3-Star,Room Only,6,Peak,165,1317,166436.06
Gangtok,Mountain,1,9,Flight,2-Star,Room Only,4,Off-Peak,84,2387,37071.91
Tirupati,Religious,8,8,Flight,2-Star,Half Board,7,Shoulder,149,955,270292.8
Mahabaleshwar,Nature,5,2,Train,3-Star,Half Board,0,Shoulder,6,1578,62013.0
Munnar,Nature,3,6,Flight,4-Star,Breakfast,5,Off-Peak,155,1708,111512.85
Delhi,City,1,5,Car,4-Star,Breakfast,4,Peak,32,560,56351.87
Hampi,Heritage,2,7,Flight,4-Star,Room Only,2,Peak,15,2298,120449.11
Haridwar,Religious,1,5,Train,Budget,Full Board,1,Peak,89,754,20057.9
Gangtok,Mountain,4,6,Train,Budget,Full Board,4,Shoulder,59,1499,86015.68
Rishikesh,Adventure,5,4,Train,4-Star,Room Only,0,Peak,37,801,129884.5
Shillong,Nature,2,4,Car,3-Star,Room Only,0,Off-Peak,152,1004,17941.27
Kodaikanal,Nature,7,3,Flight,3-Star,Full Board,3,Peak,85,2023,227383.82
Ranthambore,Wildlife,3,6,Flight,4-Star,Half Board,2,Shoulder,51,1229,145467.99
Udaipur,Heritage,2,5,Flight,5-Star,Breakfast,1,Peak,133,1284,112889.09
Shillong,Nature,2,5,Train,Budget,Half Board,2,Peak,24,1462,31237.4
Puri,Beach,2,6,Train,2-Star,Breakfast,7,Shoulder,28,1902,34856.93
Delhi,City,2,6,Flight,4-Star,Breakfast,7,Shoulder,152,1532,96476.1
Shimla,Mountain,7,2,Train,4-Star,Full Board,0,Peak,140,1434,120245.45
Delhi,City,8,6,Train,3-Star,Room Only,6,Peak,30,690,194243.35
Aurangabad,Heritage,2,4,Bus,2-Star,Breakfast,0,Shoulder,31,259,9854.33
Bhopal,Heritage,3,4,Car,2-Star,Breakfast,3,Shoulder,66,1452,43059.26
Srinagar,Nature,5,6,Train,2-Star,Breakfast,5,Peak,85,1609,126278.42
Ooty,Nature,3,6,Flight,4-Star,Breakfast,5,Peak,82,2190,173683.54
Shillong,Nature,5,4,Flight,4-Star,Room Only,2,Peak,156,1962,243392.89
Dharamshala,Mountain,7,5,Car,3-Star,Half Board,1,Off-Peak,134,1710,113620.71
Port Blair,Beach,3,2,Flight,3-Star,Half Board,2,Off-Peak,33,2847,132524.52
Munnar,Nature,4,12,Flight,4-Star,Full Board,8,Off-Peak,102,1363,300000
Manali,Mountain,3,3,Train,5-Star,Half Board,3,Off-Peak,100,966,90746.13
Diu,Beach,4,5,Car,4-Star,Breakfast,3,Off-Peak,131,1327,76453.55
Bhopal,Heritage,3,4,Flight,2-Star,Full Board,1,Shoulder,67,1074,79844.68
Madurai,Religious,6,4,Car,4-Star,Half Board,2,Peak,19,1248,167562.16
Goa,Beach,2,4,Train,2-Star,Half Board,2,Off-Peak,64,2097,28684.98
Dharamshala,Mountain,2,7,Train,3-Star,Room Only,4,Peak,64,1165,49076.92
Ooty,Nature,2,5,Train,2-Star,Full Board,5,Shoulder,129,1468,42290.22
Hyderabad,City,7,15,Car,3-Star,Half Board,2,Off-Peak,104,901,283221.77
Shillong,Nature,2,3,Flight,3-Star,Breakfast,1,Peak,97,1957,56581.21
Srinagar,Nature,5,3,Car,3-Star,Breakfast,2,Off-Peak,116,1978,70227.81
Kochi,Beach,7,5,Train,3-Star,Room Only,1,Peak,141,350,107722.33
Darjeeling,Mountain,1,6,Flight,3-Star,Breakfast,4,Off-Peak,160,1249,32327.84
Chennai,City,3,4,Bus,5-Star,Room Only,1,Peak,114,1174,150537.69
Haridwar,Religious,4,4,Flight,Budget,Breakfast,1,Peak,68,954,60287.02
Surat,City,1,5,Flight,Budget,Half Board,3,Peak,79,681,26320.64
Pachmarhi,Nature,3,9,Car,Budget,Breakfast,0,Shoulder,88,1334,38334.3
Leh,Adventure,4,5,Train,2-Star,Breakfast,1,Peak,6,1447,77022.12
Jaisalmer,Heritage,4,5,Flight,2-Star,Half Board,1,Shoulder,133,1344,83495.42
Dehradun,Nature,1,5,Car,2-Star,Breakfast,2,Off-Peak,40,422,12105.62
Nainital,Nature,1,12,Car,2-Star,Full Board,9,Off-Peak,140,1344,38623.87
Ooty,Nature,3,5,Flight,3-Star,Full Board,6,Peak,173,1439,157196.76
Diu,Beach,6,4,Train,5-Star,Half Board,2,Off-Peak,102,1241,161464.99
Jodhpur,Heritage,5,7,Train,2-Star,Breakfast,0,Shoulder,113,1484,74323.92
Hampi,Heritage,4,7,Train,3-Star,Breakfast,0,Shoulder,179,2127,69745.82
Gangtok,Mountain,4,5,Car,3-Star,Half Board,1,Peak,74,2576,106290.23
Ahmedabad,City,2,6,Train,3-Star,Half Board,5,Off-Peak,62,790,35431.1
Gangtok,Mountain,3,3,Flight,3-Star,Half Board,3,Peak,19,1582,97199.05
Mahabaleshwar,Nature,2,6,Bus,3-Star,Half Board,3,Peak,20,258,41691.8
Amritsar,Religious,3,7,Train,3-Star,Full Board,7,Peak,147,538,115924.39
Munnar,Nature,4,6,Train,2-Star,Breakfast,0,Peak,162,2145,64312.55
Ooty,Nature,2,5,Flight,4-Star,Full Board,4,Shoulder,171,2479,104011.37
Shillong,Nature,4,5,Train,5-Star,Room Only,6,Peak,125,2048,223902.86
Goa,Beach,4,5,Train,2-Star,Full Board,3,Shoulder,91,1395,82560.27
Bhubaneswar,Religious,4,11,Flight,Budget,Half Board,10,Peak,85,1807,200576.43
Surat,City,4,11,Car,4-Star,Breakfast,3,Off-Peak,156,161,136196.26
Munnar,Nature,5,9,Train,3-Star,Breakfast,8,Off-Peak,26,2646,159217.92
Kodaikanal,Nature,3,4,Flight,3-Star,Half Board,0,Off-Peak,88,724,64631.49
Nagpur,City,2,15,Train,Budget,Breakfast,0,Peak,124,366,35599.51
Indore,City,3,6,Train,4-Star,Breakfast,6,Peak,80,1125,143046.35
Mysuru,Heritage,8,6,Train,3-Star,Breakfast,3,Peak,133,565,157685.82
Diu,Beach,4,5,Car,3-Star,Breakfast,4,Off-Peak,42,977,53094.16
Rishikesh,Adventure,2,5,Flight,5-Star,Half Board,2,Peak,69,1497,145123.37
Ahmedabad,City,5,6,Train,5-Star,Room Only,6,Shoulder,167,617,290106.32
Kodaikanal,Nature,7,11,Car,Budget,Half Board,9,Off-Peak,55,1096,153123.34
Mumbai,City,4,6,Train,3-Star,Breakfast,5,Shoulder,14,845,69308.86
Port Blair,Beach,3,7,Car,2-Star,Full Board,5,Peak,102,2227,146161.07
Haridwar,Religious,1,6,Car,3-Star,Room Only,0,Off-Peak,65,294,19003.42
Kolkata,City,4,5,Car,4-Star,Breakfast,3,Shoulder,20,856,94477.23
Bhopal,Heritage,2,7,Train,3-Star,Half Board,3,Shoulder,154,1277,47735.91
Nainital,Nature,4,5,Car,Budget,Half Board,4,Shoulder,103,357,47757.6
Shillong,Nature,7,5,Train,2-Star,Half Board,5,Peak,67,1401,169407.89
Kochi,Beach,5,6,Car,5-Star,Half Board,0,Shoulder,5,943,300000
Khajuraho,Heritage,7,5,Car,2-Star,Full Board,5,Off-Peak,128,1209,108314.85
Amritsar,Religious,4,7,Train,3-Star,Full Board,0,Peak,158,484,117815.84
Haridwar,Religious,5,3,Car,3-Star,Full Board,3,Peak,163,154,88221.23
Dehradun,Nature,4,5,Flight,5-Star,Full Board,5,Peak,87,603,300000
Khajuraho,Heritage,1,2,Train,2-Star,Room Only,2,Peak,52,442,8161.44
Mysuru,Heritage,5,5,Car,Budget,Half Board,3,Peak,104,2432,112658.04
Jodhpur,Heritage,1,3,Bus,4-Star,Full Board,2,Peak,65,923,30996.73
Puducherry,Beach,2,6,Flight,3-Star,Breakfast,7,Peak,42,1650,75642.09
Haridwar,Religious,8,5,Train,2-Star,Breakfast,6,Shoulder,77,802,123508.06
Dehradun,Nature,3,6,Car,Budget,Breakfast,2,Shoulder,29,248,24775.54
Khajuraho,Heritage,2,7,Train,5-Star,Breakfast,8,Peak,170,480,172129.43
Lucknow,Heritage,7,3,Train,3-Star,Breakfast,1,Shoulder,135,381,69009.93
Haridwar,Religious,3,5,Flight,5-Star,Full Board,4,Off-Peak,28,542,188565.95
Coorg,Nature,6,5,Flight,2-Star,Half Board,1,Off-Peak,58,2118,209599.87
Coorg,Nature,3,4,Car,3-Star,Full Board,1,Shoulder,135,461,53489.05
Kochi,Beach,2,11,Flight,3-Star,Half Board,9,Peak,68,1457,129408.16
Ahmedabad,City,2,5,Train,4-Star,Breakfast,3,Peak,114,985,58700.36
Nagpur,City,3,2,Bus,4-Star,Breakfast,2,Off-Peak,126,406,32641.02
Puducherry,Beach,3,3,Flight,2-Star,Full Board,0,Peak,139,2319,92007.8
Gwalior,Heritage,2,7,Train,4-Star,Half Board,5,Shoulder,147,1044,67927.79
Manali,Mountain,3,6,Train,3-Star,Room Only,3,Shoulder,132,1062,59719.31
Ahmedabad,City,3,12,Car,3-Star,Breakfast,1,Off-Peak,159,211,73357.08
Shimla,Mountain,2,6,Train,2-Star,Breakfast,2,Off-Peak,2,776,21390.38
Mumbai,City,5,4,Flight,3-Star,Full Board,3,Off-Peak,82,1490,141374.64
Aurangabad,Heritage,1,9,Bus,4-Star,Breakfast,1,Peak,79,1141,85546.47
Gwalior,Heritage,2,3,Train,4-Star,Full Board,2,Peak,28,1057,44675.56
Gangtok,Mountain,3,4,Bus,Budget,Half Board,3,Shoulder,117,2070,39804.01
Mysuru,Heritage,6,9,Train,4-Star,Half Board,10,Shoulder,2,883,300000
Kodaikanal,Nature,1,7,Flight,5-Star,Room Only,6,Shoulder,136,1489,128308.52
Udaipur,Heritage,5,4,Bus,2-Star,Room Only,3,Shoulder,18,492,36085.87
Gangtok,Mountain,1,8,Flight,3-Star,Full Board,0,Peak,25,1347,72071.03
Haridwar,Religious,4,6,Flight,4-Star,Room Only,6,Peak,13,1144,210539.51
Dehradun,Nature,3,8,Train,5-Star,Breakfast,3,Peak,106,881,300000
Amritsar,Religious,8,6,Car,3-Star,Full Board,6,Peak,164,1323,295475.48
Nagpur,City,1,5,Bus,4-Star,Breakfast,3,Peak,28,235,54844.05
Rishikesh,Adventure,2,5,Train,2-Star,Breakfast,2,Off-Peak,75,726,15905.0
Haridwar,Religious,5,3,Flight,3-Star,Half Board,3,Off-Peak,4,1485,128184.99
Jaipur,Heritage,2,3,Car,2-Star,Breakfast,1,Shoulder,31,944,16968.83
Nainital,Nature,4,7,Flight,3-Star,Breakfast,0,Peak,48,1409,138645.89
Hyderabad,City,1,8,Train,Budget,Half Board,9,Shoulder,1,1230,27106.99
Pune,City,1,3,Car,3-Star,Breakfast,0,Peak,130,781,16748.57
Mahabaleshwar,Nature,5,7,Train,2-Star,Breakfast,1,Shoulder,36,483,70854.38
Nashik,Religious,4,10,Flight,4-Star,Breakfast,2,Shoulder,19,1524,219016.16
Chennai,City,7,4,Train,3-Star,Room Only,4,Shoulder,100,278,91949.52
Manali,Mountain,1,2,Train,2-Star,Full Board,2,Shoulder,24,736,11041.7
Mahabaleshwar,Nature,7,6,Flight,3-Star,Half Board,7,Shoulder,29,1379,228123.49
Puri,Beach,2,6,Flight,4-Star,Half Board,2,Off-Peak,128,358,54568.7
Haridwar,Religious,6,4,Train,3-Star,Room Only,1,Peak,90,601,76456.12
Dehradun,Nature,1,4,Bus,3-Star,Room Only,2,Peak,97,942,23313.12
Aurangabad,Heritage,1,5,Car,4-Star,Full Board,4,Peak,92,1158,60462.64
Gangtok,Mountain,8,2,Bus,4-Star,Breakfast,1,Peak,122,2280,114095.94
Kodaikanal,Nature,3,6,Flight,3-Star,Full Board,5,Off-Peak,42,1254,108352.08
Darjeeling,Mountain,2,6,Flight,4-Star,Room Only,4,Peak,100,1417,84997.52
Ahmedabad,City,5,6,Car,4-Star,Full Board,2,Peak,25,308,262802.38
Indore,City,4,5,Train,2-Star,Full Board,3,Peak,30,1059,95773.03
Jaipur,Heritage,4,6,Bus,2-Star,Room Only,0,Shoulder,133,474,24730.49
Lucknow,Heritage,3,5,Flight,3-Star,Room Only,1,Peak,112,1438,85959.76
Jaipur,Heritage,1,5,Bus,2-Star,Half Board,0,Peak,9,559,16746.55
Mumbai,City,5,8,Train,Budget,Half Board,2,Peak,137,692,101701.35
Ooty,Nature,5,8,Flight,5-Star,Breakfast,3,Peak,111,475,300000
Kochi,Beach,3,11,Train,3-Star,Breakfast,4,Shoulder,124,1295,93200.79
Dehradun,Nature,3,5,Flight,3-Star,Room Only,6,Peak,175,1113,107943.13
Hampi,Heritage,2,11,Train,4-Star,Half Board,1,Peak,14,1231,113834.77
Rishikesh,Adventure,3,7,Bus,2-Star,Breakfast,0,Peak,110,401,43819.59
Nainital,Nature,2,10,Train,Budget,Room Only,2,Off-Peak,118,640,13279.85
Lucknow,Heritage,1,10,Flight,2-Star,Breakfast,2,Shoulder,2,438,34958.85
Kodaikanal,Nature,6,6,Train,4-Star,Breakfast,1,Peak,34,1832,224109.29
Srinagar,Nature,3,5,Flight,Budget,Breakfast,3,Peak,109,2327,120391.95
Delhi,City,2,6,Flight,3-Star,Breakfast,0,Peak,34,304,49599.3
Lucknow,Heritage,3,10,Bus,3-Star,Full Board,10,Shoulder,160,280,127258.96
Mahabaleshwar,Nature,1,13,Train,Budget,Room Only,5,Peak,74,1118,21936.33
Kochi,Beach,3,9,Flight,4-Star,Half Board,10,Peak,85,1519,300000
Kodaikanal,Nature,8,6,Train,4-Star,Room Only,0,Peak,19,720,209185.1
Shillong,Nature,3,5,Flight,3-Star,Full Board,2,Shoulder,125,2638,133484.98
Puducherry,Beach,3,10,Flight,4-Star,Room Only,10,Off-Peak,142,2462,174364.59
Tirupati,Religious,2,5,Train,3-Star,Breakfast,0,Peak,123,230,31430.54
Ooty,Nature,5,5,Car,4-Star,Half Board,4,Peak,32,1327,230180.71
Hampi,Heritage,2,3,Flight,4-Star,Room Only,2,Off-Peak,138,2450,63761.63
Chennai,City,2,6,Car,Budget,Room Only,1,Shoulder,54,1339,18687.6
Rishikesh,Adventure,2,9,Train,2-Star,Room Only,9,Off-Peak,88,281,26487.64
Gwalior,Heritage,3,11,Train,Budget,Full Board,0,Peak,39,1235,96115.15
Mysuru,Heritage,3,3,Flight,4-Star,Full Board,0,Peak,41,1827,135467.34
Bengaluru,City,3,5,Flight,4-Star,Half Board,3,Off-Peak,175,1311,108741.43
Shillong,Nature,2,7,Car,3-Star,Full Board,1,Shoulder,20,1426,69817.45
Bhopal,Heritage,5,4,Flight,Budget,Breakfast,1,Peak,7,1140,123092.83
Kodaikanal,Nature,3,7,Flight,3-Star,Breakfast,1,Peak,67,2096,137162.78
Visakhapatnam,Beach,3,13,Train,4-Star,Full Board,6,Off-Peak,62,2086,208743.17
Nashik,Religious,1,6,Flight,2-Star,Half Board,0,Off-Peak,20,1018,26171.67
Guwahati,City,2,7,Car,Budget,Room Only,7,Peak,68,1881,44399.83
Lucknow,Heritage,4,6,Train,2-Star,Room Only,0,Off-Peak,147,582,20109.16
Mount Abu,Nature,3,4,Car,2-Star,Breakfast,1,Peak,119,925,44234.7
Puducherry,Beach,3,10,Car,3-Star,Breakfast,6,Peak,22,845,130956.1
Coorg,Nature,1,5,Flight,3-Star,Half Board,0,Peak,150,2567,46305.82
Nagpur,City,2,2,Train,2-Star,Breakfast,2,Peak,136,1151,19263.24
Puducherry,Beach,4,14,Flight,3-Star,Breakfast,1,Peak,55,1433,230017.73
Mount Abu,Nature,3,7,Flight,3-Star,Full Board,1,Off-Peak,154,1297,96933.41
Chennai,City,3,5,Train,3-Star,Half Board,6,Shoulder,156,1479,70355.52
Aurangabad,Heritage,5,11,Train,Budget,Half Board,1,Peak,133,1205,107689.57
Gwalior,Heritage,6,12,Car,3-Star,Half Board,4,Off-Peak,106,1012,153876.32
Visakhapatnam,Beach,5,2,Train,Budget,Half Board,2,Shoulder,16,842,42212.18
Leh,Adventure,5,3,Train,Budget,Full Board,2,Peak,23,1159,83780.32
Varanasi,Religious,5,4,Flight,Budget,Breakfast,4,Peak,25,1385,113252.14
Jaipur,Heritage,2,7,Car,2-Star,Full Board,6,Peak,137,159,62230.71
Mumbai,City,8,5,Flight,Budget,Full Board,4,Shoulder,62,1900,230547.89
Varanasi,Religious,2,6,Train,3-Star,Full Board,7,Peak,93,1168,78810.78
Mahabaleshwar,Nature,2,5,Train,5-Star,Room Only,5,Off-Peak,180,770,63878.22
Jaisalmer,Heritage,2,3,Car,4-Star,Full Board,1,Peak,163,1435,45851.24
Jaipur,Heritage,1,9,Train,3-Star,Breakfast,10,Shoulder,60,475,47113.18
Ranthambore,Wildlife,2,8,Flight,2-Star,Half Board,4,Off-Peak,155,1322,49935.52
Guwahati,City,2,6,Flight,Budget,Half Board,0,Off-Peak,96,1350,41074.57
Gwalior,Heritage,7,4,Car,Budget,Breakfast,4,Peak,143,206,64124.84
Tirupati,Religious,2,5,Flight,3-Star,Breakfast,0,Shoulder,83,1370,49734.49
Mount Abu,Nature,2,10,Train,Budget,Half Board,7,Shoulder,80,806,44867.14
Shimla,Mountain,1,10,Bus,3-Star,Half Board,3,Off-Peak,83,455,36355.15
Haridwar,Religious,6,5,Flight,2-Star,Room Only,1,Peak,70,1298,124588.16
Leh,Adventure,8,6,Car,2-Star,Room Only,6,Off-Peak,93,2686,168758.68
Tirupati,Religious,5,6,Car,Budget,Breakfast,5,Off-Peak,180,388,45349.26
Bengaluru,City,4,9,Bus,2-Star,Breakfast,8,Shoulder,127,189,76976.25
Coorg,Nature,1,5,Train,3-Star,Breakfast,2,Off-Peak,127,665,22091.53
Kodaikanal,Nature,5,5,Flight,Budget,Breakfast,4,Off-Peak,41,2144,134161.51
Nagpur,City,3,4,Train,4-Star,Half Board,4,Off-Peak,96,618,57148.51
Haridwar,Religious,5,3,Car,3-Star,Half Board,2,Peak,56,255,79985.65
Jodhpur,Heritage,1,10,Flight,2-Star,Breakfast,9,Shoulder,26,1420,43830.58
Khajuraho,Heritage,4,5,Flight,3-Star,Full Board,5,Shoulder,117,1426,125673.92
Jaipur,Heritage,2,4,Train,Budget,Breakfast,4,Off-Peak,148,737,14586.85
Madurai,Religious,2,4,Train,3-Star,Room Only,4,Shoulder,12,648,27596.78
Nagpur,City,4,6,Train,3-Star,Room Only,7,Off-Peak,159,682,57790.8
Manali,Mountain,2,3,Flight,Budget,Breakfast,1,Off-Peak,92,718,32154.43
Hyderabad,City,6,9,Flight,Budget,Breakfast,3,Peak,119,710,122720.33
Jaisalmer,Heritage,3,6,Train,Budget,Half Board,6,Shoulder,163,960,46629.92
Bhopal,Heritage,5,2,Train,4-Star,Breakfast,1,Off-Peak,45,881,48729.64
Ranthambore,Wildlife,5,6,Bus,3-Star,Half Board,5,Peak,7,491,142131.73
Dehradun,Nature,4,2,Car,4-Star,Breakfast,1,Peak,141,748,62601.48
Jaisalmer,Heritage,5,9,Car,2-Star,Full Board,10,Peak,88,836,219077.38
Kodaikanal,Nature,1,5,Car,3-Star,Half Board,2,Shoulder,138,1404,24150.12
Goa,Beach,3,3,Flight,3-Star,Room Only,0,Shoulder,177,479,42785.28
Manali,Mountain,1,4,Train,4-Star,Half Board,0,Shoulder,59,1155,31709.63
Puducherry,Beach,5,3,Flight,2-Star,Full Board,1,Off-Peak,136,401,78288.42
Srinagar,Nature,2,5,Flight,2-Star,Half Board,4,Shoulder,38,2012,75632.91
Kodaikanal,Nature,2,2,Bus,4-Star,Breakfast,0,Peak,165,885,21083.72
Surat,City,4,2,Flight,3-Star,Half Board,0,Shoulder,131,1063,59683.33
Haridwar,Religious,2,6,Bus,2-Star,Breakfast,2,Shoulder,115,343,20728.54
Guwahati,City,6,7,Flight,4-Star,Full Board,7,Peak,106,2709,300000
Visakhapatnam,Beach,2,4,Flight,4-Star,Full Board,0,Shoulder,97,1580,63203.13
Coorg,Nature,4,8,Car,3-Star,Room Only,6,Off-Peak,41,1175,82520.78
Tirupati,Religious,4,8,Car,3-Star,Half Board,3,Shoulder,79,2061,133532.81
Ahmedabad,City,3,5,Flight,Budget,Full Board,5,Shoulder,8,605,74398.41
Goa,Beach,1,7,Flight,3-Star,Full Board,3,Shoulder,12,1653,67890.27
Haridwar,Religious,4,6,Flight,Budget,Full Board,2,Peak,33,1078,142891.68
Surat,City,5,5,Car,5-Star,Breakfast,3,Peak,165,429,300000
Jaisalmer,Heritage,2,5,Flight,3-Star,Full Board,3,Peak,4,1272,70870.54
Tirupati,Religious,2,8,Train,3-Star,Breakfast,3,Peak,155,377,45966.89
Udaipur,Heritage,3,4,Train,2-Star,Breakfast,4,Shoulder,47,1078,44372.39
Pune,City,2,8,Train,3-Star,Room Only,9,Off-Peak,47,415,34720.25
Haridwar,Religious,1,6,Bus,4-Star,Half Board,5,Off-Peak,123,1235,36267.52
Bhubaneswar,Religious,2,4,Car,2-Star,Full Board,2,Off-Peak,100,943,26086.85
Goa,Beach,2,7,Flight,5-Star,Breakfast,0,Shoulder,151,1801,161158.89
Kodaikanal,Nature,3,8,Train,4-Star,Half Board,0,Peak,21,2535,167507.25
Bhubaneswar,Religious,3,15,Bus,5-Star,Half Board,10,Shoulder,37,449,300000
Nashik,Religious,2,2,Bus,5-Star,Full Board,1,Shoulder,65,507,43742.37
Puducherry,Beach,4,7,Train,3-Star,Full Board,0,Off-Peak,81,1081,98062.89
Diu,Beach,3,6,Flight,4-Star,Breakfast,7,Peak,11,832,165155.18
Visakhapatnam,Beach,4,6,Flight,5-Star,Full Board,2,Off-Peak,118,1738,224781.89
Dharamshala,Mountain,3,10,Bus,3-Star,Room Only,8,Peak,124,1161,126074.88
Nainital,Nature,4,13,Flight,Budget,Full Board,2,Off-Peak,97,655,117100.57
Haridwar,Religious,6,9,Train,3-Star,Half Board,7,Off-Peak,119,421,145364.16
Visakhapatnam,Beach,2,2,Flight,5-Star,Breakfast,1,Off-Peak,141,1696,64866.98
Bhubaneswar,Religious,5,9,Train,4-Star,Breakfast,5,Off-Peak,30,514,171035.77
Madurai,Religious,8,4,Flight,2-Star,Half Board,0,Peak,17,1773,243729.94
Bengaluru,City,6,3,Flight,3-Star,Full Board,1,Peak,161,1626,172048.01
Hyderabad,City,6,9,Car,2-Star,Half Board,10,Peak,20,486,220733.73
Guwahati,City,2,5,Flight,4-Star,Breakfast,3,Peak,32,1233,86282.74
Nainital,Nature,2,2,Train,3-Star,Room Only,0,Shoulder,16,1573,16551.62
Kolkata,City,3,5,Car,4-Star,Room Only,0,Shoulder,37,1281,78492.9
Rishikesh,Adventure,4,8,Train,3-Star,Full Board,2,Peak,96,183,166500.41
Manali,Mountain,5,6,Flight,2-Star,Breakfast,0,Shoulder,8,1809,151053.3
Coorg,Nature,1,6,Train,Budget,Full Board,1,Off-Peak,149,2393,21517.71
Amritsar,Religious,2,7,Train,2-Star,Full Board,5,Off-Peak,79,1330,47551.88
Rishikesh,Adventure,4,7,Train,5-Star,Breakfast,6,Peak,159,527,294165.0
Udaipur,Heritage,3,7,Flight,3-Star,Full Board,6,Off-Peak,84,759,109012.76
Jaipur,Heritage,6,3,Train,Budget,Breakfast,1,Shoulder,127,1196,42400.91
Rishikesh,Adventure,4,3,Car,2-Star,Room Only,0,Peak,5,438,20477.92
Delhi,City,5,5,Flight,3-Star,Breakfast,5,Peak,31,1639,223565.89
Agra,Heritage,4,9,Train,2-Star,Full Board,10,Peak,126,398,159889.36
Rishikesh,Adventure,2,2,Flight,3-Star,Full Board,0,Peak,44,1388,44486.97
Nainital,Nature,1,5,Train,2-Star,Breakfast,2,Peak,164,485,19298.04
Varanasi,Religious,2,2,Car,4-Star,Half Board,2,Peak,83,223,30672.03
Nagpur,City,2,3,Car,3-Star,Breakfast,3,Peak,33,960,32405.53
Rishikesh,Adventure,8,3,Car,Budget,Half Board,3,Off-Peak,158,1087,87237.33
Gwalior,Heritage,5,4,Train,2-Star,Breakfast,4,Peak,52,964,73139.67
Ranthambore,Wildlife,2,9,Flight,2-Star,Full Board,10,Peak,127,1320,122603.32
Lucknow,Heritage,2,3,Car,3-Star,Full Board,2,Off-Peak,72,1162,26767.65
Munnar,Nature,3,10,Flight,Budget,Half Board,0,Peak,173,2390,106995.85
Haridwar,Religious,5,7,Train,4-Star,Full Board,4,Shoulder,37,669,200964.25
Guwahati,City,2,7,Flight,3-Star,Breakfast,7,Peak,22,2729,109481.47
Munnar,Nature,2,11,Car,2-Star,Breakfast,2,Off-Peak,57,2077,37473.21
Kolkata,City,3,4,Flight,3-Star,Breakfast,2,Peak,117,276,76921.47
Rishikesh,Adventure,2,6,Car,3-Star,Half Board,7,Shoulder,20,451,39766.56
Puducherry,Beach,2,6,Train,3-Star,Half Board,6,Shoulder,44,651,46956.69
Chennai,City,8,13,Flight,3-Star,Half Board,2,Peak,22,2217,300000
Diu,Beach,1,3,Train,5-Star,Room Only,2,Off-Peak,155,1159,32149.86
Jodhpur,Heritage,6,4,Train,5-Star,Breakfast,4,Peak,178,1108,300000
Nainital,Nature,8,11,Car,3-Star,Breakfast,9,Peak,121,210,300000
Visakhapatnam,Beach,4,7,Flight,5-Star,Half Board,7,Peak,113,522,300000
Shimla,Mountain,2,5,Bus,3-Star,Breakfast,4,Shoulder,6,1090,31525.56
Nagpur,City,4,4,Train,2-Star,Half Board,2,Peak,26,713,59464.95
Lucknow,Heritage,4,11,Train,3-Star,Half Board,3,Shoulder,17,1650,134281.69
Pune,City,2,5,Bus,4-Star,Half Board,1,Off-Peak,132,827,30329.93
Puducherry,Beach,7,4,Car,3-Star,Full Board,4,Shoulder,40,1507,157903.34
Rishikesh,Adventure,1,5,Train,3-Star,Half Board,0,Off-Peak,30,1451,21281.9
Nashik,Religious,3,8,Car,Budget,Room Only,4,Shoulder,175,358,27823.37
Ooty,Nature,6,5,Bus,4-Star,Half Board,3,Off-Peak,29,590,112491.35
Gwalior,Heritage,1,5,Flight,Budget,Full Board,5,Off-Peak,176,843,21354.37
Pachmarhi,Nature,4,4,Train,2-Star,Half Board,0,Off-Peak,4,619,29394.17
Surat,City,4,5,Bus,Budget,Room Only,5,Shoulder,161,1280,38864.51
Port Blair,Beach,2,5,Flight,3-Star,Breakfast,1,Peak,13,2884,100709.36
Gwalior,Heritage,7,5,Train,Budget,Half Board,2,Peak,50,718,89535.23
Darjeeling,Mountain,6,10,Flight,3-Star,Breakfast,8,Peak,51,1871,300000
Nashik,Religious,7,6,Flight,3-Star,Room Only,4,Peak,10,785,189220.89
Madurai,Religious,4,9,Train,4-Star,Room Only,0,Shoulder,66,815,125012.03
Jaipur,Heritage,4,5,Flight,2-Star,Breakfast,1,Peak,152,740,65087.99
Dehradun,Nature,2,7,Car,Budget,Half Board,3,Shoulder,52,1640,37544.43
Visakhapatnam,Beach,2,8,Bus,3-Star,Half Board,7,Peak,86,2135,72873.52
Rishikesh,Adventure,5,7,Flight,4-Star,Full Board,0,Shoulder,167,1497,242435.03
Jodhpur,Heritage,1,5,Flight,5-Star,Half Board,6,Peak,45,977,108878.88
Chennai,City,7,2,Flight,4-Star,Room Only,0,Shoulder,118,1572,161668.85
Mysuru,Heritage,1,4,Flight,4-Star,Full Board,3,Peak,11,870,58879.68
Jaisalmer,Heritage,8,4,Flight,Budget,Room Only,0,Peak,116,533,85066.67
Dharamshala,Mountain,3,5,Flight,4-Star,Half Board,5,Shoulder,83,1303,133770.72
Guwahati,City,7,3,Flight,3-Star,Half Board,1,Shoulder,175,1909,172245.78
Pachmarhi,Nature,2,5,Flight,2-Star,Breakfast,4,Shoulder,127,728,38819.59
Ranthambore,Wildlife,4,6,Bus,4-Star,Breakfast,6,Peak,28,296,156265.82
Nagpur,City,2,7,Car,4-Star,Half Board,6,Off-Peak,30,946,54700.35
Ooty,Nature,2,4,Flight,2-Star,Half Board,2,Off-Peak,157,415,26177.93
Lucknow,Heritage,5,14,Car,3-Star,Breakfast,5,Shoulder,59,377,188897.46
Bhopal,Heritage,3,6,Train,3-Star,Breakfast,3,Peak,62,622,79174.17
Indore,City,4,7,Train,2-Star,Full Board,0,Peak,133,1053,93982.69
Nainital,Nature,5,4,Car,Budget,Breakfast,3,Peak,42,366,45608.34
Puri,Beach,2,14,Car,5-Star,Half Board,5,Shoulder,58,617,222453.09
Mount Abu,Nature,4,6,Flight,3-Star,Full Board,6,Shoulder,29,1230,150386.17
Munnar,Nature,3,6,Train,2-Star,Half Board,5,Peak,6,2781,102128.77
Rishikesh,Adventure,6,8,Train,3-Star,Full Board,1,Shoulder,138,912,170637.05
Amritsar,Religious,2,3,Flight,5-Star,Full Board,1,Shoulder,113,1852,100394.27
Puducherry,Beach,4,9,Flight,5-Star,Half Board,4,Peak,32,1776,300000
Mumbai,City,8,6,Car,2-Star,Breakfast,4,Peak,29,1111,162640.1
Coorg,Nature,3,4,Train,2-Star,Full Board,1,Shoulder,93,808,43329.3
Mysuru,Heritage,3,8,Train,Budget,Breakfast,9,Shoulder,117,2191,58447.72
Goa,Beach,8,5,Car,3-Star,Half Board,1,Off-Peak,20,471,124580.69
Darjeeling,Mountain,2,7,Flight,2-Star,Half Board,2,Peak,51,1583,68172.76
Jaipur,Heritage,3,4,Flight,Budget,Half Board,4,Off-Peak,31,761,60513.96
Mount Abu,Nature,6,12,Flight,4-Star,Breakfast,0,Peak,109,1219,300000
Mahabaleshwar,Nature,5,8,Car,3-Star,Room Only,8,Shoulder,10,431,112480.58
Gwalior,Heritage,1,5,Train,4-Star,Room Only,1,Peak,106,1042,40145.48
Munnar,Nature,7,3,Train,2-Star,Half Board,0,Peak,83,2274,81195.46
Agra,Heritage,2,8,Flight,3-Star,Half Board,2,Peak,48,1193,90317.55
Gwalior,Heritage,2,4,Bus,2-Star,Half Board,1,Peak,95,584,22143.81
Bengaluru,City,4,5,Train,4-Star,Room Only,1,Peak,163,1359,99841.44
Gangtok,Mountain,1,11,Train,3-Star,Half Board,2,Peak,91,2158,73833.81
Jaipur,Heritage,2,10,Car,3-Star,Breakfast,5,Peak,148,255,61320.15
Mysuru,Heritage,4,7,Train,3-Star,Room Only,4,Peak,9,2164,113638.8
Dehradun,Nature,6,6,Car,3-Star,Breakfast,6,Shoulder,104,546,105145.35
Bhopal,Heritage,2,9,Car,4-Star,Room Only,5,Shoulder,87,865,82278.55
Bhubaneswar,Religious,5,7,Train,Budget,Half Board,8,Shoulder,11,1445,104685.69
Darjeeling,Mountain,4,7,Flight,Budget,Half Board,2,Peak,115,2220,162066.3
Kodaikanal,Nature,4,6,Car,3-Star,Breakfast,2,Off-Peak,89,2449,83437.4
Lucknow,Heritage,4,4,Bus,Budget,Half Board,4,Peak,72,822,59531.66
Ooty,Nature,2,7,Car,3-Star,Full Board,7,Off-Peak,176,439,53513.07
Darjeeling,Mountain,2,5,Train,3-Star,Room Only,3,Peak,101,1340,36700.56
Lucknow,Heritage,4,10,Flight,4-Star,Breakfast,5,Shoulder,88,1317,187492.65
Lucknow,Heritage,2,4,Train,5-Star,Half Board,4,Shoulder,69,1041,73006.83
Visakhapatnam,Beach,5,6,Train,4-Star,Half Board,6,Shoulder,150,1631,182793.06
Dehradun,Nature,5,3,Flight,Budget,Room Only,1,Shoulder,28,1672,124619.22
Hyderabad,City,2,6,Train,4-Star,Breakfast,4,Shoulder,50,877,56665.88
Chennai,City,3,3,Flight,3-Star,Full Board,2,Off-Peak,57,941,78523.2
Mount Abu,Nature,5,5,Car,3-Star,Full Board,4,Off-Peak,163,863,96380.95
Tirupati,Religious,5,7,Train,Budget,Full Board,4,Off-Peak,110,1261,88952.43
Rishikesh,Adventure,5,13,Bus,4-Star,Half Board,3,Peak,39,871,300000
Jaisalmer,Heritage,6,4,Car,4-Star,Half Board,0,Off-Peak,1,719,97853.68
Bhubaneswar,Religious,7,4,Bus,3-Star,Full Board,3,Shoulder,21,406,133969.76
Pachmarhi,Nature,7,6,Train,2-Star,Half Board,5,Peak,14,402,172590.14
Mahabaleshwar,Nature,2,3,Flight,2-Star,Breakfast,0,Off-Peak,115,1260,29613.2
Manali,Mountain,2,4,Flight,2-Star,Room Only,2,Peak,36,1633,59260.48
Coorg,Nature,4,4,Train,3-Star,Breakfast,4,Off-Peak,83,447,51306.5
Port Blair,Beach,2,4,Flight,3-Star,Breakfast,0,Peak,74,1821,87358.65
Chennai,City,1,6,Flight,5-Star,Room Only,0,Off-Peak,106,634,79406.58
Ahmedabad,City,2,7,Train,3-Star,Half Board,7,Shoulder,119,529,53007.46
Chennai,City,3,7,Flight,3-Star,Full Board,7,Shoulder,113,1398,133216.46
Amritsar,Religious,6,7,Flight,4-Star,Half Board,1,Off-Peak,140,1650,227734.03
Ahmedabad,City,2,5,Bus,5-Star,Half Board,5,Peak,160,186,125267.55
Aurangabad,Heritage,5,2,Flight,3-Star,Room Only,0,Shoulder,133,302,50919.27
Dharamshala,Mountain,1,5,Flight,2-Star,Room Only,4,Shoulder,102,1609,28881.66
Ooty,Nature,4,5,Flight,3-Star,Breakfast,1,Peak,172,2351,131178.72
Pachmarhi,Nature,4,5,Car,4-Star,Breakfast,1,Shoulder,53,1163,102357.14
Varanasi,Religious,1,4,Flight,4-Star,Half Board,2,Peak,134,1496,56781.66
Pachmarhi,Nature,3,3,Bus,5-Star,Breakfast,1,Off-Peak,49,469,67742.48
Delhi,City,4,6,Train,2-Star,Half Board,4,Shoulder,95,235,57276.61
Port Blair,Beach,2,4,Flight,3-Star,Half Board,0,Off-Peak,147,2105,73193.2
Gwalior,Heritage,4,8,Train,2-Star,Breakfast,0,Shoulder,35,630,50021.57
Manali,Mountain,6,4,Flight,4-Star,Half Board,3,Peak,131,1991,300000
Ahmedabad,City,1,5,Train,4-Star,Full Board,3,Off-Peak,31,1251,34645.45
Ooty,Nature,7,4,Flight,3-Star,Breakfast,4,Off-Peak,18,1662,234784.88
Leh,Adventure,5,9,Car,3-Star,Breakfast,9,Off-Peak,72,2886,211766.38
Hampi,Heritage,5,4,Flight,2-Star,Half Board,0,Peak,37,1471,155021.08
Darjeeling,Mountain,3,5,Train,2-Star,Breakfast,4,Peak,60,1932,71558.44
Dehradun,Nature,4,6,Flight,3-Star,Breakfast,0,Off-Peak,41,1422,94896.2
Puri,Beach,8,6,Train,2-Star,Full Board,6,Shoulder,52,2082,183600.49
Bengaluru,City,1,6,Train,4-Star,Half Board,1,Off-Peak,115,2266,47804.48
Jaisalmer,Heritage,7,7,Train,3-Star,Half Board,7,Peak,96,837,262056.67
Mahabaleshwar,Nature,1,6,Train,3-Star,Full Board,7,Shoulder,77,1199,34902.22
Lucknow,Heritage,5,5,Car,4-Star,Breakfast,3,Shoulder,34,899,129518.01
Gwalior,Heritage,3,3,Bus,3-Star,Breakfast,2,Off-Peak,35,1044,26886.88
Kodaikanal,Nature,2,7,Train,3-Star,Full Board,7,Peak,77,1337,84984.09
Srinagar,Nature,4,4,Flight,2-Star,Half Board,4,Shoulder,81,1780,119204.28
Mount Abu,Nature,2,4,Train,2-Star,Breakfast,1,Off-Peak,99,1437,15437.34
Agra,Heritage,3,12,Train,4-Star,Full Board,0,Shoulder,164,660,230140.39
Coorg,Nature,5,13,Train,4-Star,Half Board,0,Shoulder,110,1057,300000
Kochi,Beach,2,13,Car,3-Star,Half Board,2,Shoulder,133,2713,93155.71
Madurai,Religious,8,6,Train,3-Star,Room Only,3,Shoulder,152,2343,152968.23
Puri,Beach,2,8,Train,4-Star,Half Board,8,Shoulder,97,1102,94690.69
Amritsar,Religious,2,3,Train,Budget,Room Only,3,Peak,170,609,15438.3
Bhopal,Heritage,6,3,Flight,2-Star,Room Only,0,Shoulder,156,1309,90998.12
Shillong,Nature,3,4,Car,2-Star,Breakfast,4,Off-Peak,162,992,30977.56
Varanasi,Religious,2,7,Flight,2-Star,Full Board,1,Off-Peak,107,1218,61824.43
Mysuru,Heritage,4,4,Train,5-Star,Breakfast,1,Peak,118,951,166696.36
Nashik,Religious,2,9,Train,2-Star,Breakfast,8,Peak,11,1079,58909.54
Jaisalmer,Heritage,3,2,Bus,2-Star,Room Only,1,Peak,126,1546,22723.98
Mysuru,Heritage,3,6,Flight,Budget,Breakfast,6,Off-Peak,104,1972,91497.24
Gangtok,Mountain,3,5,Flight,2-Star,Half Board,6,Shoulder,112,2489,129411.98
Jaipur,Heritage,2,9,Bus,3-Star,Half Board,5,Shoulder,160,687,57930.36
Nagpur,City,3,15,Car,4-Star,Room Only,2,Peak,101,1247,286486.27
Haridwar,Religious,4,2,Flight,2-Star,Half Board,0,Peak,137,388,46981.32
Ooty,Nature,2,7,Bus,4-Star,Breakfast,1,Peak,160,426,79667.86
Goa,Beach,3,6,Flight,3-Star,Breakfast,5,Shoulder,26,417,95963.87
Diu,Beach,4,5,Train,3-Star,Breakfast,2,Shoulder,26,916,55878.71
Darjeeling,Mountain,3,6,Train,3-Star,Breakfast,0,Shoulder,77,2147,59612.69
Visakhapatnam,Beach,4,6,Flight,4-Star,Full Board,4,Peak,163,1966,235343.22
Dehradun,Nature,4,6,Train,2-Star,Breakfast,3,Peak,118,295,51413.14
Pune,City,4,4,Train,3-Star,Full Board,3,Peak,119,602,97666.87
Agra,Heritage,1,5,Train,2-Star,Breakfast,3,Off-Peak,120,1103,13319.31
Coorg,Nature,3,6,Flight,2-Star,Room Only,6,Shoulder,177,2410,105162.68
Nainital,Nature,7,6,Flight,4-Star,Breakfast,0,Off-Peak,111,1159,253831.65
Guwahati,City,3,6,Flight,3-Star,Breakfast,2,Peak,44,972,118360.75
Puducherry,Beach,8,7,Train,2-Star,Room Only,6,Shoulder,51,1474,126340.43
Indore,City,4,9,Car,5-Star,Half Board,10,Shoulder,81,684,284052.5
Varanasi,Religious,6,5,Car,5-Star,Half Board,6,Off-Peak,107,533,237163.09
Dharamshala,Mountain,6,4,Flight,3-Star,Full Board,2,Peak,139,1977,221867.09
Madurai,Religious,8,15,Flight,4-Star,Breakfast,9,Peak,96,2047,300000
Nashik,Religious,4,7,Train,5-Star,Breakfast,4,Peak,16,339,300000
Hampi,Heritage,5,2,Train,2-Star,Half Board,0,Shoulder,80,1022,34801.66
Udaipur,Heritage,7,4,Flight,3-Star,Room Only,2,Peak,120,1273,184784.29
Hampi,Heritage,2,3,Flight,3-Star,Half Board,0,Shoulder,111,1821,43790.41
Ooty,Nature,6,6,Train,4-Star,Breakfast,3,Shoulder,47,951,179240.23
Gangtok,Mountain,4,6,Flight,4-Star,Room Only,4,Peak,169,1663,236980.46
Kolkata,City,1,4,Train,Budget,Room Only,0,Off-Peak,53,371,5000
Madurai,Religious,3,8,Train,3-Star,Room Only,1,Peak,119,2683,89186.22
Jaisalmer,Heritage,3,10,Flight,2-Star,Room Only,10,Shoulder,100,1430,107652.74
Visakhapatnam,Beach,5,10,Train,Budget,Full Board,0,Peak,139,876,158305.05
Agra,Heritage,3,4,Car,2-Star,Full Board,0,Shoulder,145,695,40828.83
Goa,Beach,3,5,Train,4-Star,Breakfast,3,Peak,78,586,125294.44
Coorg,Nature,4,2,Train,3-Star,Breakfast,2,Peak,87,1054,40342.35
Jaisalmer,Heritage,5,3,Bus,2-Star,Full Board,0,Off-Peak,140,921,32111.67
Mysuru,Heritage,4,12,Bus,3-Star,Room Only,6,Off-Peak,82,1462,90991.69
Dharamshala,Mountain,1,9,Train,5-Star,Half Board,10,Off-Peak,103,1273,106999.64
Khajuraho,Heritage,7,5,Bus,2-Star,Room Only,4,Off-Peak,53,1419,73246.06
Coorg,Nature,2,5,Train,Budget,Breakfast,5,Shoulder,155,2339,26315.38
Nainital,Nature,3,6,Car,2-Star,Room Only,3,Off-Peak,60,766,34740.19
Munnar,Nature,5,7,Flight,3-Star,Full Board,8,Peak,180,1564,300000
Puri,Beach,5,2,Train,4-Star,Room Only,2,Shoulder,149,1117,57111.03
Ooty,Nature,1,9,Flight,2-Star,Breakfast,10,Peak,67,1713,57791.79
Gangtok,Mountain,7,7,Bus,Budget,Room Only,4,Off-Peak,101,1355,64291.09
Jaipur,Heritage,3,9,Train,2-Star,Breakfast,8,Shoulder,144,252,57611.23
Ranthambore,Wildlife,5,6,Car,4-Star,Breakfast,2,Peak,155,591,199951.27
Nagpur,City,5,7,Flight,5-Star,Full Board,7,Peak,89,1431,300000
Surat,City,5,7,Train,2-Star,Full Board,7,Shoulder,71,936,146289.83
Hyderabad,City,4,6,Flight,5-Star,Half Board,2,Shoulder,131,1186,237289.83
Goa,Beach,3,7,Flight,3-Star,Half Board,8,Shoulder,59,688,133182.94
Tirupati,Religious,5,10,Flight,2-Star,Full Board,3,Peak,48,879,278273.25
Lucknow,Heritage,3,6,Flight,4-Star,Breakfast,4,Peak,121,1373,179197.9
Varanasi,Religious,3,8,Car,Budget,Full Board,6,Off-Peak,135,870,56691.18
Jaisalmer,Heritage,4,5,Flight,3-Star,Half Board,5,Peak,17,1664,147053.49
Lucknow,Heritage,2,8,Train,3-Star,Full Board,1,Shoulder,156,212,51644.12
Goa,Beach,4,5,Train,2-Star,Full Board,5,Peak,7,1018,128525.8
Delhi,City,5,3,Train,4-Star,Breakfast,2,Off-Peak,73,342,68487.91
Gwalior,Heritage,2,8,Train,3-Star,Room Only,2,Peak,57,450,43925.7
Nagpur,City,6,7,Train,3-Star,Half Board,7,Off-Peak,33,311,118530.88
Pune,City,3,7,Train,2-Star,Breakfast,2,Off-Peak,176,742,36155.09
Kochi,Beach,3,7,Bus,4-Star,Half Board,8,Peak,118,968,162487.83
Tirupati,Religious,5,2,Flight,2-Star,Breakfast,1,Peak,99,1894,107885.27
Pachmarhi,Nature,1,4,Flight,3-Star,Room Only,0,Off-Peak,177,1359,23464.33
Darjeeling,Mountain,6,5,Bus,4-Star,Breakfast,0,Shoulder,74,1359,123541.01
Khajuraho,Heritage,4,7,Car,3-Star,Breakfast,4,Shoulder,11,1421,84830.32
Khajuraho,Heritage,5,5,Train,2-Star,Breakfast,2,Shoulder,81,900,60124.28
Coorg,Nature,7,3,Flight,Budget,Full Board,3,Off-Peak,100,1593,168781.5
Mysuru,Heritage,2,4,Bus,3-Star,Half Board,0,Peak,125,1566,34780.66
Agra,Heritage,8,6,Car,4-Star,Full Board,7,Peak,152,493,300000
Indore,City,8,12,Car,4-Star,Breakfast,2,Off-Peak,51,957,300000
Mahabaleshwar,Nature,5,9,Train,2-Star,Half Board,1,Peak,25,731,124480.45
Diu,Beach,3,6,Train,3-Star,Full Board,6,Peak,131,547,114647.9
Khajuraho,Heritage,2,4,Train,Budget,Full Board,3,Peak,128,1540,35803.34
Nagpur,City,3,11,Train,3-Star,Full Board,9,Peak,129,220,225947.26
Gangtok,Mountain,1,6,Flight,2-Star,Half Board,1,Shoulder,165,2148,37530.93
Coorg,Nature,2,3,Train,4-Star,Breakfast,3,Shoulder,167,707,31414.87
Jodhpur,Heritage,4,15,Bus,2-Star,Breakfast,4,Shoulder,163,1382,78384.91
Mumbai,City,5,7,Car,2-Star,Breakfast,0,Off-Peak,133,472,43537.49
Amritsar,Religious,6,8,Flight,4-Star,Full Board,7,Off-Peak,112,1543,280364.08
Tirupati,Religious,4,4,Bus,3-Star,Full Board,3,Peak,88,1075,103169.02
Nashik,Religious,5,5,Train,2-Star,Half Board,4,Peak,142,177,97617.04
Aurangabad,Heritage,1,5,Flight,2-Star,Full Board,0,Peak,109,1090,34437.83
Mahabaleshwar,Nature,3,3,Car,4-Star,Full Board,1,Shoulder,49,619,67475.5
Khajuraho,Heritage,5,15,Flight,Budget,Breakfast,1,Shoulder,154,1350,144272.76
Jodhpur,Heritage,3,6,Train,3-Star,Room Only,5,Shoulder,178,660,57130.06
Nagpur,City,3,5,Train,5-Star,Breakfast,4,Peak,179,319,222173.61
Shimla,Mountain,1,6,Train,4-Star,Full Board,2,Peak,15,1041,69863.97
Munnar,Nature,3,4,Bus,4-Star,Full Board,4,Peak,50,818,117151.77
Goa,Beach,7,7,Train,2-Star,Half Board,2,Peak,89,1258,165554.92
Gangtok,Mountain,2,2,Flight,2-Star,Half Board,2,Peak,102,1269,46852.64
Lucknow,Heritage,4,9,Car,3-Star,Breakfast,6,Peak,12,423,141822.82
Munnar,Nature,2,2,Train,4-Star,Breakfast,2,Off-Peak,76,1715,23433.59
Shillong,Nature,7,7,Bus,4-Star,Full Board,5,Peak,11,2828,300000
Pachmarhi,Nature,2,5,Flight,Budget,Half Board,1,Off-Peak,167,1357,36689.96
Amritsar,Religious,3,7,Bus,Budget,Room Only,3,Peak,115,703,32398.3
Dehradun,Nature,2,6,Car,Budget,Room Only,3,Peak,45,250,15788.25
Gangtok,Mountain,7,3,Train,5-Star,Breakfast,1,Peak,30,2507,300000
Guwahati,City,5,6,Flight,3-Star,Half Board,2,Peak,67,2098,265694.77
Leh,Adventure,4,2,Train,2-Star,Breakfast,2,Off-Peak,76,1844,37837.66
Amritsar,Religious,7,3,Flight,3-Star,Half Board,2,Shoulder,24,1895,223885.47
Shillong,Nature,4,5,Train,3-Star,Half Board,2,Peak,93,1017,86985.57
Jodhpur,Heritage,3,6,Bus,Budget,Breakfast,2,Shoulder,9,896,28657.46
Jodhpur,Heritage,4,8,Bus,3-Star,Breakfast,9,Shoulder,170,372,102366.95
Surat,City,2,3,Car,2-Star,Full Board,1,Peak,5,101,27023.75
Delhi,City,8,6,Bus,4-Star,Half Board,6,Off-Peak,141,1746,221468.57
Srinagar,Nature,7,5,Flight,4-Star,Breakfast,6,Off-Peak,159,1079,267787.59
Nashik,Religious,4,5,Train,3-Star,Half Board,3,Peak,67,693,78920.0
Amritsar,Religious,3,10,Flight,Budget,Room Only,2,Shoulder,31,1434,71130.79
Jodhpur,Heritage,6,6,Flight,Budget,Full Board,5,Peak,171,946,202247.16
Rishikesh,Adventure,4,9,Flight,Budget,Room Only,9,Peak,105,695,111790.55
Lucknow,Heritage,2,6,Train,3-Star,Breakfast,4,Shoulder,94,1177,39630.28
Bhopal,Heritage,3,8,Train,4-Star,Room Only,3,Peak,130,619,158167.49
Tirupati,Religious,2,8,Flight,4-Star,Half Board,8,Peak,137,2363,165889.22
Madurai,Religious,8,10,Train,3-Star,Breakfast,7,Shoulder,52,1386,213195.35
Shillong,Nature,2,5,Train,3-Star,Half Board,5,Peak,75,1854,59629.28
Amritsar,Religious,5,4,Train,5-Star,Half Board,3,Peak,176,1553,300000
Manali,Mountain,3,4,Flight,Budget,Half Board,0,Off-Peak,91,1522,62437.88
Bengaluru,City,3,6,Train,3-Star,Half Board,5,Peak,145,1142,94768.69
Aurangabad,Heritage,2,10,Train,2-Star,Half Board,0,Shoulder,18,1324,38760.83
Visakhapatnam,Beach,7,6,Car,2-Star,Full Board,3,Peak,126,349,198283.33
Shillong,Nature,8,5,Train,2-Star,Half Board,0,Shoulder,132,2085,91151.24
Mount Abu,Nature,5,5,Car,2-Star,Breakfast,6,Peak,142,501,78553.53
Bengaluru,City,2,4,Train,Budget,Full Board,3,Shoulder,137,1883,34319.8
Kolkata,City,2,5,Train,Budget,Room Only,0,Peak,26,836,11279.3
Jaipur,Heritage,3,2,Train,2-Star,Breakfast,2,Off-Peak,153,872,18969.77
Gangtok,Mountain,2,7,Flight,2-Star,Full Board,3,Peak,40,2012,92095.0
Indore,City,2,10,Car,2-Star,Half Board,2,Peak,71,1168,50705.53
Manali,Mountain,1,5,Flight,2-Star,Room Only,1,Peak,140,1510,32733.5
Manali,Mountain,6,11,Train,3-Star,Breakfast,5,Off-Peak,146,1882,169151.17
Ranthambore,Wildlife,4,9,Train,2-Star,Room Only,1,Peak,68,1163,58534.78
Goa,Beach,4,3,Flight,5-Star,Full Board,1,Peak,57,2168,296626.01
Kodaikanal,Nature,4,3,Flight,4-Star,Full Board,1,Peak,39,2169,175955.72
Pune,City,5,8,Flight,3-Star,Room Only,2,Peak,71,1623,204789.09
Mahabaleshwar,Nature,7,6,Flight,3-Star,Half Board,3,Shoulder,162,1067,192781.47
Nashik,Religious,5,4,Train,2-Star,Full Board,0,Peak,155,914,88099.71
Delhi,City,5,13,Flight,4-Star,Room Only,8,Peak,95,1341,300000
Jaipur,Heritage,4,7,Train,5-Star,Half Board,4,Off-Peak,177,343,163760.83
Munnar,Nature,4,4,Car,3-Star,Full Board,2,Peak,1,804,89556.06
Agra,Heritage,4,2,Train,3-Star,Breakfast,1,Peak,14,926,44297.51
Leh,Adventure,4,7,Car,Budget,Room Only,5,Shoulder,115,2187,75213.06
Surat,City,5,4,Car,2-Star,Breakfast,2,Shoulder,124,741,54497.94
Udaipur,Heritage,2,9,Flight,5-Star,Full Board,8,Shoulder,50,645,166949.33
Lucknow,Heritage,2,4,Train,Budget,Room Only,4,Shoulder,101,1363,20119.53
Jaisalmer,Heritage,2,4,Car,3-Star,Half Board,3,Peak,79,1244,37375.57
Jaipur,Heritage,5,5,Train,5-Star,Half Board,3,Shoulder,105,1083,252425.13
Udaipur,Heritage,5,12,Car,4-Star,Half Board,8,Shoulder,50,346,299618.4
Munnar,Nature,2,4,Flight,3-Star,Breakfast,0,Shoulder,80,2514,58138.8
Agra,Heritage,3,8,Bus,3-Star,Half Board,2,Shoulder,2,713,70174.77
Port Blair,Beach,4,7,Train,4-Star,Full Board,3,Shoulder,69,2461,202592.15
Manali,Mountain,4,4,Car,5-Star,Breakfast,1,Peak,11,1662,226997.81
Dharamshala,Mountain,7,4,Flight,Budget,Room Only,4,Peak,63,1873,219256.33
Rishikesh,Adventure,3,6,Bus,3-Star,Breakfast,4,Peak,128,1336,93742.2
Ahmedabad,City,6,5,Train,Budget,Full Board,1,Off-Peak,179,596,63572.52
Kolkata,City,2,5,Car,4-Star,Room Only,4,Off-Peak,107,1010,37597.84
Goa,Beach,3,10,Flight,4-Star,Room Only,0,Peak,73,2469,240996.83
Diu,Beach,4,5,Train,2-Star,Full Board,6,Off-Peak,111,771,61111.13
Shimla,Mountain,5,8,Flight,Budget,Half Board,7,Off-Peak,22,1378,151597.65
Madurai,Religious,2,4,Flight,3-Star,Half Board,2,Off-Peak,124,1812,61057.88
Chennai,City,3,5,Car,3-Star,Half Board,2,Peak,38,2191,84097.98
Gwalior,Heritage,1,5,Flight,5-Star,Breakfast,5,Peak,88,1376,108904.58
Nainital,Nature,4,5,Car,3-Star,Room Only,6,Peak,61,642,82060.25
Aurangabad,Heritage,6,4,Flight,4-Star,Breakfast,3,Peak,136,714,220049.49
Nashik,Religious,4,7,Flight,Budget,Full Board,2,Shoulder,121,1415,127076.95
Agra,Heritage,4,3,Train,2-Star,Half Board,0,Shoulder,58,1046,34998.2
Dehradun,Nature,2,6,Train,Budget,Room Only,1,Off-Peak,149,1361,14108.17
Ranthambore,Wildlife,1,6,Car,4-Star,Half Board,3,Off-Peak,146,236,41191.98
Diu,Beach,2,11,Flight,3-Star,Full Board,0,Peak,58,1467,135780.42
Amritsar,Religious,4,3,Train,Budget,Room Only,0,Shoulder,9,1083,21357.56
Mumbai,City,7,8,Train,4-Star,Breakfast,0,Shoulder,161,642,225322.37
Mahabaleshwar,Nature,5,11,Car,4-Star,Breakfast,6,Peak,120,303,300000
Visakhapatnam,Beach,7,4,Train,4-Star,Half Board,0,Shoulder,166,1147,144353.82
Jaisalmer,Heritage,7,6,Flight,4-Star,Breakfast,4,Peak,180,529,300000
Bengaluru,City,5,7,Flight,2-Star,Breakfast,1,Peak,28,1525,151152.95
Leh,Adventure,3,3,Car,Budget,Room Only,3,Peak,164,2962,60247.32
Puducherry,Beach,4,5,Flight,4-Star,Full Board,3,Shoulder,105,1452,174630.27
Khajuraho,Heritage,3,5,Train,3-Star,Half Board,6,Off-Peak,91,825,61221.78
Surat,City,2,7,Flight,4-Star,Full Board,8,Shoulder,49,958,113027.32
Leh,Adventure,5,3,Bus,3-Star,Room Only,2,Shoulder,105,1138,58655.3
Nashik,Religious,2,5,Train,3-Star,Room Only,2,Shoulder,4,1008,28378.16
Darjeeling,Mountain,1,9,Train,3-Star,Half Board,7,Shoulder,86,788,43706.77
Bhopal,Heritage,6,5,Bus,5-Star,Room Only,1,Peak,60,1005,300000
Ooty,Nature,3,4,Bus,3-Star,Full Board,4,Peak,60,540,77984.75
Varanasi,Religious,5,5,Flight,2-Star,Breakfast,3,Shoulder,51,967,116176.0
Hampi,Heritage,3,2,Car,2-Star,Full Board,1,Off-Peak,71,2080,44736.12
Diu,Beach,1,4,Car,5-Star,Room Only,4,Off-Peak,138,954,45958.77
Haridwar,Religious,4,10,Train,2-Star,Full Board,0,Shoulder,148,1428,93407.6
Delhi,City,3,9,Flight,4-Star,Half Board,6,Peak,170,1041,220801.87
Nagpur,City,4,2,Car,4-Star,Room Only,1,Shoulder,103,269,31573.11
Nashik,Religious,6,5,Flight,3-Star,Breakfast,1,Shoulder,118,1088,131488.23
Kolkata,City,3,4,Bus,5-Star,Breakfast,4,Peak,140,130,142014.28
Tirupati,Religious,7,5,Car,3-Star,Breakfast,6,Peak,6,266,154509.03
Mahabaleshwar,Nature,6,6,Car,5-Star,Breakfast,1,Off-Peak,70,761,219065.94
Kodaikanal,Nature,4,6,Train,2-Star,Half Board,2,Peak,58,988,69245.73
Kochi,Beach,3,6,Flight,3-Star,Half Board,7,Shoulder,141,1364,126270.82
Amritsar,Religious,6,4,Car,2-Star,Breakfast,0,Off-Peak,168,1051,51189.1
Ahmedabad,City,5,6,Train,3-Star,Breakfast,7,Peak,2,1336,171777.96
Kolkata,City,3,3,Flight,5-Star,Breakfast,2,Peak,164,1579,185202.5
Indore,City,7,2,Flight,2-Star,Room Only,2,Shoulder,32,620,83897.52
Nagpur,City,4,4,Train,2-Star,Breakfast,0,Peak,140,939,40094.83
Dehradun,Nature,4,7,Train,3-Star,Breakfast,7,Peak,59,650,133620.88
Kochi,Beach,7,3,Car,4-Star,Room Only,0,Off-Peak,123,2555,138324.71
Varanasi,Religious,8,5,Train,3-Star,Breakfast,2,Shoulder,15,1903,128060.27
Chennai,City,1,14,Car,Budget,Full Board,4,Off-Peak,131,1029,31731.24
Guwahati,City,2,4,Train,2-Star,Room Only,2,Shoulder,60,2532,21356.6
Gwalior,Heritage,1,7,Flight,4-Star,Half Board,7,Peak,61,1286,87413.32
Varanasi,Religious,1,3,Flight,3-Star,Full Board,0,Shoulder,156,1428,25909.97
Jodhpur,Heritage,5,13,Flight,Budget,Half Board,2,Peak,3,379,161960.9
Indore,City,3,4,Car,2-Star,Room Only,1,Peak,155,242,28211.76
Srinagar,Nature,6,7,Flight,3-Star,Breakfast,2,Off-Peak,127,2498,272964.63
Kochi,Beach,2,4,Train,4-Star,Breakfast,4,Peak,140,1443,49014.19
Hampi,Heritage,3,4,Car,Budget,Full Board,2,Peak,167,970,47423.14
Mysuru,Heritage,5,10,Car,2-Star,Half Board,5,Peak,167,581,160634.89
Dehradun,Nature,2,4,Car,3-Star,Breakfast,2,Shoulder,129,210,19656.77
Ranthambore,Wildlife,4,3,Train,3-Star,Breakfast,1,Shoulder,146,237,37116.31
Hampi,Heritage,2,7,Bus,3-Star,Full Board,7,Shoulder,84,475,61184.58
Haridwar,Religious,7,7,Flight,3-Star,Half Board,0,Peak,162,1227,296927.13
Pune,City,4,7,Flight,2-Star,Breakfast,6,Shoulder,99,275,78245.07
Delhi,City,5,3,Car,3-Star,Half Board,1,Shoulder,126,293,47728.1
Mount Abu,Nature,1,4,Bus,3-Star,Full Board,0,Shoulder,104,575,21082.18
Mahabaleshwar,Nature,8,10,Flight,2-Star,Room Only,0,Shoulder,115,713,144602.87
Mahabaleshwar,Nature,6,3,Car,2-Star,Breakfast,1,Peak,31,752,51516.71
Hampi,Heritage,5,5,Train,2-Star,Breakfast,2,Off-Peak,43,2337,64025.85
Mount Abu,Nature,3,6,Train,2-Star,Breakfast,1,Off-Peak,167,1412,33065.04
Leh,Adventure,8,6,Flight,2-Star,Breakfast,3,Peak,20,2813,300000
Pune,City,4,3,Flight,5-Star,Full Board,2,Peak,127,1561,191571.33
Khajuraho,Heritage,2,7,Train,4-Star,Full Board,0,Shoulder,96,516,78690.38
Munnar,Nature,1,6,Flight,Budget,Breakfast,0,Shoulder,113,1799,28334.93
Pune,City,2,8,Train,3-Star,Breakfast,8,Peak,107,1434,69613.39
Coorg,Nature,2,3,Flight,2-Star,Full Board,3,Peak,112,1240,56936.78
Darjeeling,Mountain,2,5,Train,4-Star,Room Only,6,Peak,163,1115,79860.47
Gwalior,Heritage,3,4,Train,3-Star,Full Board,1,Peak,169,451,77564.55
Ranthambore,Wildlife,3,6,Train,4-Star,Breakfast,4,Off-Peak,64,695,69968.11
Bengaluru,City,3,6,Train,5-Star,Breakfast,4,Off-Peak,101,405,145849.01
Ooty,Nature,4,8,Bus,4-Star,Breakfast,9,Peak,150,1717,197298.77
Bhubaneswar,Religious,2,6,Train,4-Star,Half Board,5,Shoulder,102,1503,70481.86
Darjeeling,Mountain,6,4,Flight,Budget,Breakfast,3,Shoulder,101,1473,149697.57
Surat,City,2,3,Train,3-Star,Full Board,3,Shoulder,35,665,34003.1
Dharamshala,Mountain,1,9,Train,3-Star,Room Only,3,Shoulder,145,816,30494.81
Kolkata,City,3,7,Flight,5-Star,Breakfast,2,Peak,153,1824,300000
Ooty,Nature,1,6,Train,3-Star,Full Board,5,Peak,57,682,42583.34
Dehradun,Nature,8,9,Flight,Budget,Room Only,5,Off-Peak,77,1398,156067.67
Ooty,Nature,2,5,Flight,Budget,Breakfast,1,Off-Peak,170,1864,47453.07
Leh,Adventure,5,5,Train,4-Star,Half Board,6,Peak,53,2643,290195.54
Guwahati,City,1,9,Train,2-Star,Breakfast,3,Shoulder,99,1664,25006.83
Madurai,Religious,5,6,Train,5-Star,Room Only,1,Off-Peak,104,586,244773.11
Manali,Mountain,2,9,Train,2-Star,Half Board,10,Peak,82,816,79790.22
Leh,Adventure,1,10,Flight,4-Star,Full Board,5,Peak,49,2359,144295.19
Mysuru,Heritage,2,7,Car,Budget,Room Only,0,Peak,84,2314,28541.96
Dehradun,Nature,2,4,Flight,2-Star,Half Board,2,Shoulder,23,532,37609.41
Leh,Adventure,2,6,Flight,Budget,Full Board,5,Off-Peak,167,1074,58829.21
Rishikesh,Adventure,4,9,Train,3-Star,Full Board,2,Peak,165,239,155847.4
Delhi,City,3,3,Train,3-Star,Room Only,1,Peak,178,912,37457.15
Surat,City,1,8,Car,2-Star,Breakfast,0,Off-Peak,176,960,14433.61
Shillong,Nature,2,2,Flight,Budget,Half Board,2,Shoulder,17,780,32361.68
Nainital,Nature,4,10,Car,2-Star,Breakfast,8,Peak,5,225,117677.46
Mumbai,City,6,8,Car,3-Star,Half Board,0,Peak,18,165,160521.14
Munnar,Nature,2,4,Car,2-Star,Breakfast,4,Off-Peak,25,1073,21226.91
Mount Abu,Nature,5,5,Car,2-Star,Half Board,4,Peak,11,1582,109013.18
Goa,Beach,2,2,Flight,3-Star,Breakfast,1,Peak,144,2180,53063.91
Kodaikanal,Nature,2,5,Flight,2-Star,Breakfast,2,Shoulder,162,2503,61197.43
Aurangabad,Heritage,4,12,Flight,2-Star,Half Board,5,Peak,5,1530,215024.2
Agra,Heritage,2,2,Car,Budget,Breakfast,0,Shoulder,167,247,5858.81
Ahmedabad,City,2,3,Car,4-Star,Breakfast,1,Peak,142,1266,42668.03
Nagpur,City,1,10,Train,2-Star,Breakfast,3,Peak,13,486,29445.76
Kodaikanal,Nature,2,10,Train,3-Star,Room Only,6,Peak,141,1025,59924.69
Jodhpur,Heritage,8,12,Flight,4-Star,Breakfast,7,Peak,17,1348,300000
Gangtok,Mountain,1,6,Flight,3-Star,Room Only,3,Off-Peak,115,2358,42091.75
Kochi,Beach,4,9,Bus,5-Star,Breakfast,2,Shoulder,158,939,245318.03
Varanasi,Religious,2,4,Flight,4-Star,Half Board,3,Peak,41,1285,83758.86
Kolkata,City,6,2,Flight,3-Star,Breakfast,0,Peak,40,1252,139389.99
Nainital,Nature,4,7,Flight,2-Star,Breakfast,0,Shoulder,5,1777,120839.04
Dharamshala,Mountain,3,7,Train,Budget,Breakfast,2,Off-Peak,57,1921,31790.15
Amritsar,Religious,1,9,Train,5-Star,Full Board,8,Peak,19,1331,230584.39
Delhi,City,5,4,Car,5-Star,Room Only,2,Shoulder,166,1110,176609.95
Udaipur,Heritage,7,5,Train,2-Star,Room Only,6,Peak,135,741,110328.17
Chennai,City,3,5,Bus,5-Star,Breakfast,0,Peak,112,1626,181511.08
Delhi,City,6,5,Flight,Budget,Breakfast,0,Peak,96,1621,125602.14
Khajuraho,Heritage,1,9,Train,3-Star,Full Board,2,Off-Peak,35,1588,42104.36
Jaisalmer,Heritage,2,6,Flight,4-Star,Half Board,2,Shoulder,148,852,69273.09
Ranthambore,Wildlife,1,13,Train,5-Star,Full Board,9,Shoulder,76,352,219949.5
Agra,Heritage,3,5,Flight,2-Star,Breakfast,1,Off-Peak,142,373,38062.32
Nashik,Religious,6,9,Car,3-Star,Half Board,9,Off-Peak,135,1419,164571.88
Coorg,Nature,5,5,Flight,2-Star,Half Board,5,Peak,179,792,156673.71
Darjeeling,Mountain,2,5,Flight,2-Star,Half Board,5,Off-Peak,47,1870,64146.05
Puducherry,Beach,3,9,Train,2-Star,Full Board,10,Peak,128,1484,144054.94
Munnar,Nature,6,6,Train,3-Star,Breakfast,6,Off-Peak,81,2520,129409.94
Nainital,Nature,7,6,Train,Budget,Full Board,1,Off-Peak,135,853,91611.94
Pune,City,5,4,Train,2-Star,Half Board,3,Off-Peak,39,741,57106.67
Ranthambore,Wildlife,5,5,Train,Budget,Breakfast,6,Off-Peak,22,998,61307.87
Diu,Beach,1,10,Train,2-Star,Half Board,4,Peak,160,511,39024.69
Ooty,Nature,5,15,Flight,2-Star,Full Board,7,Off-Peak,169,2223,300000
Darjeeling,Mountain,4,14,Flight,3-Star,Room Only,0,Shoulder,44,1611,186660.69
Dehradun,Nature,2,9,Flight,2-Star,Full Board,2,Peak,146,1277,83845.9
Dehradun,Nature,3,4,Flight,Budget,Breakfast,3,Peak,58,1307,67801.13
Aurangabad,Heritage,3,8,Flight,4-Star,Breakfast,0,Peak,126,630,185585.11
Coorg,Nature,4,5,Car,5-Star,Full Board,6,Off-Peak,76,625,153187.52
Mount Abu,Nature,2,3,Bus,2-Star,Room Only,3,Off-Peak,89,1288,13411.46
Pachmarhi,Nature,4,4,Flight,3-Star,Breakfast,2,Shoulder,45,1587,96747.96
Nashik,Religious,2,3,Car,3-Star,Breakfast,3,Shoulder,81,500,21651.95
Nainital,Nature,5,5,Flight,2-Star,Breakfast,0,Shoulder,50,1671,131652.78
Pachmarhi,Nature,2,13,Train,Budget,Half Board,2,Peak,8,1478,55060.64
Gwalior,Heritage,6,5,Car,3-Star,Breakfast,3,Shoulder,70,209,89280.25
Haridwar,Religious,3,2,Flight,3-Star,Breakfast,1,Peak,175,650,44086.41
Amritsar,Religious,7,3,Train,Budget,Full Board,3,Shoulder,18,829,74544.49
Lucknow,Heritage,2,5,Train,3-Star,Breakfast,5,Off-Peak,58,1671,37496.26
Varanasi,Religious,2,7,Flight,3-Star,Breakfast,8,Peak,83,1260,98870.53
Bhopal,Heritage,3,6,Flight,2-Star,Full Board,0,Peak,86,1220,97542.11
Diu,Beach,8,4,Train,3-Star,Room Only,2,Peak,139,510,101687.94
Bengaluru,City,1,9,Train,3-Star,Half Board,8,Shoulder,122,730,45926.75
Diu,Beach,4,5,Car,5-Star,Room Only,0,Shoulder,130,1497,155917.42
Khajuraho,Heritage,5,11,Flight,3-Star,Half Board,4,Shoulder,73,1574,278048.83
Pachmarhi,Nature,3,4,Flight,3-Star,Breakfast,4,Off-Peak,158,1474,73025.33
Mahabaleshwar,Nature,3,8,Train,Budget,Breakfast,3,Off-Peak,133,254,24954.94
Gangtok,Mountain,2,7,Train,2-Star,Half Board,4,Off-Peak,38,1399,36529.96
Kolkata,City,4,7,Train,5-Star,Room Only,2,Off-Peak,123,566,153115.77
Nainital,Nature,8,5,Flight,Budget,Breakfast,2,Peak,1,1293,171474.89
Nashik,Religious,1,5,Train,3-Star,Breakfast,6,Off-Peak,46,693,20888.13
Jaipur,Heritage,4,6,Bus,4-Star,Full Board,1,Shoulder,166,360,117210.58
Guwahati,City,8,11,Flight,4-Star,Room Only,6,Peak,68,2629,300000
Dharamshala,Mountain,6,7,Train,2-Star,Full Board,6,Shoulder,26,705,170877.6
Indore,City,7,2,Flight,Budget,Full Board,0,Shoulder,178,748,94173.25
Gwalior,Heritage,1,8,Flight,5-Star,Room Only,9,Off-Peak,92,1368,95182.45
Indore,City,2,2,Flight,4-Star,Full Board,0,Off-Peak,34,968,48028.47
Pune,City,3,6,Flight,Budget,Room Only,6,Peak,119,1228,71694.3
Lucknow,Heritage,5,3,Flight,2-Star,Half Board,1,Off-Peak,89,854,90002.08
Aurangabad,Heritage,2,2,Flight,2-Star,Full Board,2,Off-Peak,61,1210,40954.03
Dehradun,Nature,5,5,Train,2-Star,Breakfast,5,Shoulder,153,1576,74129.86
Diu,Beach,2,5,Train,3-Star,Breakfast,6,Shoulder,142,730,35468.88
Manali,Mountain,3,6,Flight,5-Star,Half Board,7,Peak,37,1826,300000
Khajuraho,Heritage,6,6,Car,4-Star,Half Board,2,Shoulder,8,822,182923.15
Ahmedabad,City,2,4,Flight,4-Star,Full Board,0,Shoulder,33,328,58080.87
Bhopal,Heritage,3,13,Flight,Budget,Half Board,9,Peak,175,1399,149009.03
Surat,City,4,2,Train,4-Star,Breakfast,1,Off-Peak,76,1130,36300.88
Leh,Adventure,8,13,Flight,3-Star,Full Board,1,Peak,89,2252,300000
Kodaikanal,Nature,3,14,Car,Budget,Breakfast,0,Peak,126,957,55485.61
Mumbai,City,3,3,Train,3-Star,Half Board,0,Peak,154,1488,52366.56
Port Blair,Beach,7,8,Train,Budget,Breakfast,3,Off-Peak,127,2969,136423.97
Mumbai,City,3,4,Train,3-Star,Room Only,1,Off-Peak,36,882,30962.52
Bhopal,Heritage,6,7,Flight,2-Star,Half Board,6,Shoulder,119,1168,161549.76
Tirupati,Religious,2,9,Flight,3-Star,Breakfast,2,Peak,89,2206,87593.95
Pune,City,4,5,Flight,4-Star,Breakfast,6,Off-Peak,55,1472,146615.02
Darjeeling,Mountain,1,5,Car,Budget,Full Board,4,Peak,106,652,29582.26
Hampi,Heritage,3,8,Car,3-Star,Half Board,8,Shoulder,144,1216,119827.91
Amritsar,Religious,5,8,Flight,3-Star,Full Board,9,Peak,38,1470,300000
Indore,City,1,6,Car,4-Star,Breakfast,1,Peak,23,259,56106.43
Jodhpur,Heritage,2,6,Flight,5-Star,Full Board,7,Shoulder,27,613,145487.3
Haridwar,Religious,2,6,Flight,4-Star,Half Board,3,Off-Peak,134,1002,68190.73
Mumbai,City,6,6,Train,4-Star,Full Board,0,Peak,147,1138,244693.0
Gangtok,Mountain,2,6,Train,4-Star,Breakfast,7,Shoulder,31,1784,76682.83
Pune,City,3,9,Car,5-Star,Breakfast,4,Shoulder,66,231,245695.67
Srinagar,Nature,5,6,Train,Budget,Half Board,1,Peak,62,2304,99108.87
Dharamshala,Mountain,1,5,Train,3-Star,Room Only,0,Peak,10,1761,29531.79
Munnar,Nature,1,10,Flight,Budget,Full Board,10,Peak,102,1135,60383.92
Visakhapatnam,Beach,6,6,Flight,3-Star,Breakfast,0,Off-Peak,151,2136,155850.8
Guwahati,City,3,8,Flight,Budget,Room Only,0,Peak,57,1650,62652.2
Gwalior,Heritage,5,4,Car,3-Star,Breakfast,2,Peak,106,581,82825.55
Puducherry,Beach,4,11,Flight,3-Star,Half Board,7,Off-Peak,111,1839,175924.4
Guwahati,City,3,15,Train,2-Star,Half Board,0,Off-Peak,164,2156,90572.13
Bhubaneswar,Religious,4,2,Bus,2-Star,Full Board,1,Shoulder,169,1122,31293.21
Diu,Beach,5,3,Train,3-Star,Room Only,3,Shoulder,36,1437,72142.38
Delhi,City,1,7,Train,2-Star,Breakfast,8,Peak,84,1293,30544.84
Bhubaneswar,Religious,5,5,Train,2-Star,Half Board,0,Shoulder,68,796,59285.65
Hampi,Heritage,8,6,Flight,5-Star,Breakfast,3,Peak,34,1540,300000
Chennai,City,2,4,Bus,3-Star,Breakfast,3,Off-Peak,15,2036,25314.53
Agra,Heritage,1,3,Train,2-Star,Breakfast,1,Shoulder,147,1378,10626.25
Puducherry,Beach,2,5,Car,4-Star,Room Only,1,Peak,74,2331,57997.99
Puri,Beach,2,12,Flight,2-Star,Room Only,5,Shoulder,168,1674,57907.18
Bengaluru,City,3,5,Train,2-Star,Half Board,3,Peak,158,1809,62291.46
Dehradun,Nature,6,8,Train,4-Star,Full Board,1,Peak,77,1007,300000
Gwalior,Heritage,6,7,Bus,Budget,Half Board,4,Shoulder,75,410,65987.6
Dehradun,Nature,1,5,Car,3-Star,Full Board,6,Peak,56,231,44433.31
Munnar,Nature,8,11,Flight,4-Star,Full Board,7,Shoulder,137,2517,300000
Mahabaleshwar,Nature,7,9,Flight,3-Star,Half Board,4,Peak,90,807,300000
Pachmarhi,Nature,5,2,Bus,3-Star,Half Board,2,Peak,119,361,59178.99
Jaipur,Heritage,4,4,Car,Budget,Full Board,2,Shoulder,90,450,47270.59
Bhubaneswar,Religious,2,5,Train,3-Star,Half Board,6,Off-Peak,157,806,33451.98
Kochi,Beach,5,4,Flight,3-Star,Breakfast,3,Peak,86,1756,186483.82
Leh,Adventure,6,5,Train,Budget,Half Board,5,Shoulder,48,1511,124733.55
Madurai,Religious,8,6,Flight,Budget,Half Board,2,Off-Peak,34,2324,251604.21
Jaipur,Heritage,6,6,Train,3-Star,Room Only,1,Peak,161,880,86141.76
Jaipur,Heritage,1,3,Train,2-Star,Half Board,3,Peak,81,1000,15073.55
Jaipur,Heritage,5,6,Train,2-Star,Full Board,1,Peak,25,261,124700.67
Mumbai,City,1,13,Flight,4-Star,Breakfast,2,Off-Peak,101,1891,84072.49
Shimla,Mountain,4,6,Flight,3-Star,Breakfast,3,Peak,93,1522,160275.66
Munnar,Nature,3,5,Flight,3-Star,Breakfast,0,Off-Peak,143,2032,82388.82
Guwahati,City,1,6,Flight,3-Star,Breakfast,4,Peak,55,2629,63729.17
Ahmedabad,City,2,4,Train,4-Star,Room Only,0,Shoulder,50,325,28655.31
Darjeeling,Mountain,4,3,Car,5-Star,Room Only,1,Peak,34,2329,179845.3
Udaipur,Heritage,5,13,Train,4-Star,Full Board,2,Peak,18,1324,300000
Nashik,Religious,3,4,Bus,2-Star,Half Board,2,Shoulder,139,1079,30011.23
Udaipur,Heritage,2,4,Train,3-Star,Half Board,0,Peak,122,920,30685.9
Bhopal,Heritage,6,12,Car,5-Star,Full Board,5,Peak,180,1343,300000
Manali,Mountain,3,6,Train,3-Star,Full Board,5,Peak,155,1893,154464.04
Goa,Beach,1,3,Train,5-Star,Full Board,2,Peak,40,2001,86325.16
Ahmedabad,City,5,5,Car,2-Star,Room Only,3,Peak,174,1450,74710.53
Amritsar,Religious,3,8,Flight,3-Star,Half Board,5,Peak,153,519,156695.1
Goa,Beach,8,9,Train,Budget,Half Board,3,Off-Peak,40,897,109056.38
Gangtok,Mountain,1,6,Train,Budget,Half Board,6,Peak,61,1586,29190.41
Guwahati,City,2,15,Flight,4-Star,Room Only,1,Peak,45,1706,150625.29
Indore,City,2,9,Bus,2-Star,Full Board,10,Shoulder,33,1275,62511.39
Delhi,City,4,2,Flight,2-Star,Room Only,2,Off-Peak,23,763,50178.39
Ranthambore,Wildlife,3,5,Car,4-Star,Breakfast,3,Shoulder,68,379,91493.4
Jaisalmer,Heritage,4,9,Train,4-Star,Half Board,0,Peak,23,1391,207375.19
Dehradun,Nature,5,6,Train,4-Star,Half Board,7,Off-Peak,7,598,165527.78
Mount Abu,Nature,4,4,Flight,2-Star,Half Board,4,Off-Peak,81,855,79559.78
Ahmedabad,City,1,7,Bus,3-Star,Room Only,4,Shoulder,95,124,26792.65
Chennai,City,6,7,Flight,2-Star,Room Only,0,Off-Peak,157,1271,114589.64
Surat,City,2,3,Train,2-Star,Room Only,0,Shoulder,24,158,7443.34
Ranthambore,Wildlife,2,10,Flight,4-Star,Breakfast,0,Peak,72,454,113544.93
Ahmedabad,City,4,5,Train,3-Star,Half Board,0,Peak,158,1411,72384.97
Leh,Adventure,5,4,Flight,2-Star,Breakfast,4,Peak,61,1683,166975.42
Surat,City,8,8,Train,Budget,Full Board,1,Shoulder,160,292,139438.33
Jaisalmer,Heritage,3,7,Train,3-Star,Room Only,3,Peak,139,625,67945.41
Amritsar,Religious,3,5,Car,2-Star,Full Board,1,Off-Peak,65,653,36147.88
Madurai,Religious,1,11,Flight,3-Star,Half Board,4,Shoulder,132,2639,79119.59
Bhopal,Heritage,8,7,Flight,2-Star,Full Board,4,Shoulder,24,690,239415.99
Nainital,Nature,1,6,Train,4-Star,Breakfast,5,Peak,129,307,55794.01
Madurai,Religious,5,8,Train,Budget,Half Board,1,Shoulder,125,2381,95020.4
Lucknow,Heritage,2,7,Flight,Budget,Half Board,4,Shoulder,161,1176,48026.69
Dharamshala,Mountain,3,2,Train,2-Star,Full Board,0,Peak,140,833,27020.45
Udaipur,Heritage,5,5,Train,Budget,Full Board,2,Shoulder,21,918,69423.89
Bhopal,Heritage,1,6,Car,5-Star,Half Board,3,Off-Peak,133,434,70123.64
Jaisalmer,Heritage,1,2,Train,Budget,Full Board,1,Peak,39,608,8848.57
Dehradun,Nature,2,10,Car,5-Star,Half Board,0,Peak,69,1026,212829.5
Udaipur,Heritage,4,4,Flight,Budget,Full Board,0,Shoulder,144,1098,86747.01
Varanasi,Religious,5,14,Train,Budget,Full Board,10,Peak,75,840,284690.84
Puducherry,Beach,1,4,Flight,5-Star,Full Board,3,Peak,53,1746,101315.82
Amritsar,Religious,5,7,Flight,4-Star,Breakfast,8,Peak,18,1354,296664.05
Shimla,Mountain,5,4,Train,3-Star,Half Board,4,Off-Peak,151,741,66776.62
Jodhpur,Heritage,3,5,Train,Budget,Room Only,0,Off-Peak,9,893,15598.31
Bengaluru,City,1,14,Car,3-Star,Half Board,1,Peak,67,1786,87013.75
Madurai,Religious,7,4,Flight,4-Star,Breakfast,3,Shoulder,8,311,183927.38
Kolkata,City,1,3,Flight,2-Star,Breakfast,2,Shoulder,164,2006,29030.75
Nagpur,City,3,5,Train,Budget,Room Only,2,Peak,102,1089,30650.63
Varanasi,Religious,5,4,Flight,3-Star,Full Board,4,Off-Peak,143,1368,137564.58
Nainital,Nature,1,5,Train,Budget,Half Board,1,Peak,179,830,15577.44
Udaipur,Heritage,2,11,Train,3-Star,Full Board,4,Off-Peak,31,1173,64951.0
Dharamshala,Mountain,6,15,Car,2-Star,Full Board,3,Shoulder,41,1134,228344.53
Diu,Beach,6,5,Train,5-Star,Breakfast,4,Shoulder,55,1027,276277.63
Lucknow,Heritage,3,4,Bus,Budget,Breakfast,4,Peak,148,1195,34527.01
Jaisalmer,Heritage,2,9,Train,5-Star,Full Board,0,Shoulder,43,893,146153.3
Madurai,Religious,3,8,Train,3-Star,Half Board,4,Shoulder,117,822,97045.29
Port Blair,Beach,2,6,Car,4-Star,Breakfast,1,Shoulder,157,2738,85910.64
Nagpur,City,4,2,Car,2-Star,Full Board,2,Shoulder,127,348,32880.18
Surat,City,3,3,Car,5-Star,Half Board,1,Peak,17,301,135069.94
Mahabaleshwar,Nature,4,5,Flight,3-Star,Half Board,3,Peak,73,1207,128781.58
Mahabaleshwar,Nature,3,8,Flight,3-Star,Breakfast,1,Off-Peak,16,1204,81831.92
Delhi,City,1,3,Car,Budget,Breakfast,3,Peak,34,264,10594.0
Manali,Mountain,2,8,Flight,3-Star,Full Board,0,Off-Peak,52,1321,76917.82
Munnar,Nature,2,11,Flight,3-Star,Room Only,7,Shoulder,9,2728,93429.54
Lucknow,Heritage,8,4,Car,2-Star,Breakfast,0,Peak,61,1143,78716.81
Gangtok,Mountain,2,3,Train,2-Star,Half Board,3,Off-Peak,71,951,23241.97
Dharamshala,Mountain,3,5,Flight,4-Star,Half Board,6,Off-Peak,89,1631,137576.93
Chennai,City,2,5,Train,Budget,Room Only,2,Off-Peak,173,2480,16303.57
Mahabaleshwar,Nature,1,7,Train,5-Star,Breakfast,1,Peak,33,764,120150.05
Madurai,Religious,4,5,Train,Budget,Room Only,6,Peak,56,2666,71839.67
Nagpur,City,1,13,Flight,3-Star,Full Board,5,Shoulder,154,1385,88590.48
Delhi,City,2,6,Flight,4-Star,Breakfast,3,Peak,72,1349,99469.86
Surat,City,1,14,Train,5-Star,Room Only,2,Peak,47,291,252622.97
Aurangabad,Heritage,4,6,Bus,3-Star,Breakfast,1,Shoulder,111,831,60493.57
Hyderabad,City,4,6,Train,4-Star,Full Board,4,Off-Peak,109,1566,105033.23
Dehradun,Nature,3,5,Flight,Budget,Breakfast,1,Peak,65,1390,61316.05
Udaipur,Heritage,4,5,Train,3-Star,Room Only,4,Peak,91,945,80034.52
Srinagar,Nature,3,8,Train,5-Star,Full Board,6,Peak,17,985,300000
Goa,Beach,6,6,Flight,2-Star,Room Only,5,Peak,65,1651,172182.47
Puducherry,Beach,4,5,Train,2-Star,Breakfast,3,Peak,45,2518,66606.33
Jodhpur,Heritage,5,10,Train,2-Star,Breakfast,5,Peak,53,552,134751.87
Hyderabad,City,2,5,Bus,3-Star,Half Board,5,Shoulder,172,1642,40401.64
Port Blair,Beach,3,7,Flight,5-Star,Full Board,0,Peak,148,2787,300000
Amritsar,Religious,2,6,Bus,3-Star,Half Board,3,Peak,103,300,49344.25
Lucknow,Heritage,3,10,Flight,2-Star,Breakfast,8,Shoulder,3,459,108476.54
Coorg,Nature,1,5,Bus,3-Star,Room Only,4,Off-Peak,146,2499,21704.87
Mahabaleshwar,Nature,6,9,Flight,3-Star,Full Board,6,Shoulder,99,1509,300000
Pachmarhi,Nature,4,3,Flight,2-Star,Half Board,0,Peak,154,769,61922.45
Indore,City,4,7,Flight,2-Star,Full Board,6,Off-Peak,38,772,118006.55
Pachmarhi,Nature,4,8,Train,4-Star,Full Board,2,Peak,23,995,263023.24
Nainital,Nature,2,2,Car,Budget,Half Board,2,Peak,94,442,15032.56
Agra,Heritage,5,5,Train,4-Star,Half Board,2,Peak,37,1309,179240.6
Leh,Adventure,7,2,Flight,2-Star,Half Board,1,Shoulder,36,2691,255386.98
Munnar,Nature,1,3,Train,Budget,Breakfast,2,Off-Peak,79,1165,7013.01
Delhi,City,2,4,Car,3-Star,Full Board,0,Shoulder,20,1186,41278.6
Nashik,Religious,6,3,Flight,3-Star,Half Board,0,Off-Peak,60,1103,116972.15
Aurangabad,Heritage,2,6,Train,4-Star,Room Only,5,Peak,165,1244,64468.06
Kolkata,City,5,3,Flight,4-Star,Half Board,0,Off-Peak,39,398,82156.81
Mumbai,City,8,4,Car,3-Star,Full Board,3,Off-Peak,175,377,125162.71
Kodaikanal,Nature,2,7,Car,2-Star,Room Only,7,Off-Peak,176,2524,33794.5
Rishikesh,Adventure,5,4,Train,Budget,Breakfast,3,Shoulder,57,1219,45213.31
Shimla,Mountain,7,6,Flight,3-Star,Half Board,2,Off-Peak,82,675,175450.48
Ahmedabad,City,3,5,Car,Budget,Breakfast,1,Off-Peak,96,207,14173.31
Amritsar,Religious,4,8,Train,Budget,Breakfast,2,Off-Peak,123,1127,42049.53
Ranthambore,Wildlife,3,7,Flight,2-Star,Room Only,4,Peak,94,1447,90430.51
Kodaikanal,Nature,2,3,Train,3-Star,Half Board,2,Peak,172,2336,32104.03
Shillong,Nature,6,12,Flight,Budget,Room Only,4,Shoulder,101,1810,147110.42
Leh,Adventure,6,7,Train,4-Star,Full Board,0,Peak,110,2428,300000
Agra,Heritage,6,6,Train,3-Star,Full Board,4,Peak,43,911,210909.62
Lucknow,Heritage,1,3,Train,5-Star,Half Board,2,Off-Peak,16,476,42393.5
Amritsar,Religious,2,3,Car,3-Star,Full Board,0,Peak,76,1722,39699.16
Delhi,City,3,9,Flight,3-Star,Breakfast,5,Peak,98,572,137926.64
Aurangabad,Heritage,3,6,Car,4-Star,Breakfast,2,Off-Peak,111,904,92672.55
Indore,City,2,4,Train,2-Star,Half Board,0,Peak,150,557,22588.68
Chennai,City,5,7,Flight,Budget,Half Board,8,Off-Peak,157,1699,144632.8
Bhopal,Heritage,3,12,Car,4-Star,Half Board,2,Peak,172,1257,271691.64
Ahmedabad,City,3,5,Car,5-Star,Breakfast,3,Peak,151,951,251754.97
Jaisalmer,Heritage,4,4,Car,Budget,Room Only,2,Off-Peak,159,678,25408.14
Guwahati,City,4,11,Flight,2-Star,Breakfast,3,Peak,46,2612,202697.11
Mount Abu,Nature,2,9,Car,2-Star,Half Board,10,Off-Peak,56,1421,41038.23
Agra,Heritage,2,6,Bus,2-Star,Breakfast,0,Peak,65,169,20136.02
Hampi,Heritage,2,4,Bus,Budget,Full Board,3,Shoulder,103,591,23240.55
Jaipur,Heritage,1,5,Flight,2-Star,Half Board,1,Off-Peak,34,728,19531.61
Bhopal,Heritage,3,5,Flight,3-Star,Half Board,4,Peak,123,1262,111233.47
Bhubaneswar,Religious,1,8,Flight,2-Star,Half Board,7,Peak,100,1389,52787.53
Nainital,Nature,3,4,Train,2-Star,Full Board,3,Off-Peak,4,1128,42261.16
Gwalior,Heritage,1,3,Train,4-Star,Room Only,0,Peak,95,954,25139.05
Dehradun,Nature,2,3,Flight,3-Star,Breakfast,2,Off-Peak,66,1670,46360.89
Shillong,Nature,4,6,Flight,3-Star,Room Only,4,Peak,31,1643,166424.26
Bhopal,Heritage,5,6,Bus,Budget,Breakfast,0,Off-Peak,29,924,33258.53
Ooty,Nature,6,5,Flight,4-Star,Breakfast,1,Peak,159,1865,275998.85
Diu,Beach,7,3,Flight,5-Star,Breakfast,0,Shoulder,135,1395,299899.05
Bengaluru,City,2,12,Flight,2-Star,Room Only,0,Peak,57,2166,65655.49
Goa,Beach,8,7,Flight,5-Star,Breakfast,3,Peak,34,1877,300000
Agra,Heritage,6,5,Car,2-Star,Room Only,0,Peak,180,273,40883.84
Tirupati,Religious,5,10,Train,3-Star,Full Board,8,Off-Peak,52,1279,190572.74
Amritsar,Religious,5,6,Train,4-Star,Full Board,0,Peak,110,818,219446.02
Bhubaneswar,Religious,1,10,Flight,Budget,Room Only,10,Shoulder,92,1595,33212.63
Shimla,Mountain,1,8,Car,4-Star,Half Board,1,Peak,35,552,85653.27
Udaipur,Heritage,5,4,Flight,4-Star,Half Board,2,Peak,41,890,207268.52
Puri,Beach,1,4,Train,Budget,Room Only,3,Shoulder,109,332,7182.45
Port Blair,Beach,6,3,Flight,4-Star,Room Only,2,Peak,135,2894,300000
Gangtok,Mountain,4,2,Flight,Budget,Full Board,0,Peak,159,2690,134245.87
Rishikesh,Adventure,2,5,Train,Budget,Full Board,5,Shoulder,136,947,35228.62
Mount Abu,Nature,2,6,Train,2-Star,Room Only,1,Peak,97,563,17916.81
Amritsar,Religious,2,5,Flight,4-Star,Full Board,2,Peak,64,776,89979.68
Goa,Beach,4,11,Train,3-Star,Breakfast,9,Shoulder,153,1919,141160.51
Surat,City,4,6,Train,4-Star,Breakfast,6,Peak,70,233,144128.5
Visakhapatnam,Beach,1,6,Bus,4-Star,Breakfast,5,Off-Peak,13,637,34477.79
Dehradun,Nature,5,4,Flight,3-Star,Room Only,0,Off-Peak,156,740,73393.24
Nashik,Religious,3,8,Train,2-Star,Half Board,3,Shoulder,125,1390,68775.87
Nainital,Nature,8,3,Flight,2-Star,Half Board,0,Peak,92,1779,199729.48
Agra,Heritage,2,6,Bus,4-Star,Breakfast,4,Off-Peak,54,955,45210.47
Puducherry,Beach,7,6,Train,3-Star,Half Board,3,Off-Peak,134,2568,132221.99
Diu,Beach,3,3,Bus,4-Star,Half Board,2,Shoulder,12,850,52531.55
Delhi,City,3,9,Train,4-Star,Half Board,1,Off-Peak,54,1078,104427.52
Lucknow,Heritage,3,15,Train,4-Star,Room Only,0,Peak,152,1552,288832.27
Dharamshala,Mountain,4,5,Flight,2-Star,Half Board,3,Shoulder,165,1510,88944.25
Darjeeling,Mountain,2,6,Train,4-Star,Breakfast,4,Shoulder,149,1081,60432.83
Srinagar,Nature,2,8,Car,2-Star,Half Board,8,Off-Peak,136,954,43296.45
Indore,City,3,6,Train,5-Star,Half Board,5,Peak,161,1344,291131.96
Nagpur,City,4,10,Train,5-Star,Half Board,4,Off-Peak,92,1411,287777.75
Kodaikanal,Nature,1,7,Train,2-Star,Full Board,6,Peak,128,1922,38769.71
Puri,Beach,5,4,Flight,4-Star,Breakfast,3,Peak,106,765,165650.15
Dharamshala,Mountain,8,5,Flight,4-Star,Half Board,6,Peak,133,1475,300000
Port Blair,Beach,6,6,Flight,5-Star,Room Only,6,Peak,176,2526,300000
Bhubaneswar,Religious,6,9,Train,Budget,Full Board,6,Off-Peak,88,1211,149448.31
Aurangabad,Heritage,2,5,Train,2-Star,Full Board,2,Shoulder,136,359,30394.41
Nashik,Religious,5,5,Car,2-Star,Breakfast,6,Shoulder,156,1271,82050.04
Pachmarhi,Nature,3,2,Flight,Budget,Room Only,0,Off-Peak,63,663,36851.37
Bengaluru,City,1,3,Flight,2-Star,Full Board,2,Off-Peak,4,2439,36546.61
Indore,City,6,10,Train,5-Star,Breakfast,2,Shoulder,10,887,300000
Jaisalmer,Heritage,6,4,Car,Budget,Half Board,3,Shoulder,19,760,70667.54
Amritsar,Religious,4,5,Car,3-Star,Breakfast,2,Off-Peak,45,1017,53811.54
Tirupati,Religious,2,8,Bus,Budget,Breakfast,1,Peak,45,342,20608.9
Munnar,Nature,4,7,Flight,2-Star,Half Board,1,Shoulder,69,1204,112544.64
Bhopal,Heritage,1,7,Car,3-Star,Room Only,0,Peak,133,210,34101.61
Manali,Mountain,5,4,Train,3-Star,Half Board,4,Off-Peak,66,923,71657.02
Puri,Beach,2,6,Train,4-Star,Breakfast,2,Shoulder,180,1308,53578.8
Guwahati,City,5,5,Car,Budget,Room Only,0,Shoulder,63,981,30402.03
Kochi,Beach,1,2,Flight,4-Star,Half Board,2,Peak,47,1346,35133.5
Srinagar,Nature,4,5,Flight,Budget,Full Board,4,Peak,176,1303,166180.55
Nagpur,City,3,5,Bus,3-Star,Breakfast,0,Shoulder,127,417,40899.6
Agra,Heritage,7,7,Train,4-Star,Breakfast,5,Peak,63,1135,300000
Indore,City,7,5,Car,Budget,Breakfast,0,Off-Peak,89,404,35233.12
Ahmedabad,City,1,9,Train,Budget,Breakfast,3,Peak,19,1150,20565.78
Rishikesh,Adventure,5,8,Train,Budget,Breakfast,2,Peak,91,559,79520.86
Gangtok,Mountain,7,8,Flight,3-Star,Full Board,1,Peak,39,2558,300000
Delhi,City,4,5,Car,5-Star,Full Board,4,Peak,101,538,231308.64
Dharamshala,Mountain,5,13,Bus,4-Star,Half Board,9,Peak,70,972,300000
Jodhpur,Heritage,2,6,Bus,2-Star,Full Board,7,Peak,113,731,67909.56
Munnar,Nature,1,3,Train,3-Star,Breakfast,1,Shoulder,23,2570,17618.57
Lucknow,Heritage,7,4,Car,3-Star,Half Board,1,Off-Peak,41,1567,109381.0
Ranthambore,Wildlife,7,4,Flight,3-Star,Half Board,4,Peak,180,535,163375.42
Mumbai,City,2,5,Flight,5-Star,Breakfast,5,Off-Peak,23,765,83960.07
Hampi,Heritage,1,6,Flight,2-Star,Breakfast,7,Shoulder,32,958,31412.71
Port Blair,Beach,4,9,Flight,2-Star,Breakfast,6,Peak,94,2605,234525.02
Shimla,Mountain,3,6,Train,4-Star,Room Only,2,Off-Peak,104,825,82381.75
Nainital,Nature,2,6,Car,4-Star,Room Only,6,Shoulder,130,553,51687.01
Gangtok,Mountain,2,4,Flight,Budget,Room Only,2,Off-Peak,162,1544,38124.39
Shillong,Nature,2,5,Flight,3-Star,Half Board,4,Shoulder,69,2333,80412.31
Mumbai,City,3,2,Car,4-Star,Breakfast,2,Off-Peak,15,1881,48645.57
Lucknow,Heritage,1,5,Train,3-Star,Half Board,1,Shoulder,18,514,25691.14
Mount Abu,Nature,8,5,Train,2-Star,Full Board,0,Shoulder,83,1182,116965.07
Hyderabad,City,4,12,Flight,4-Star,Half Board,3,Peak,166,824,277025.93
Port Blair,Beach,4,8,Flight,3-Star,Half Board,9,Shoulder,100,2358,274136.09
Shillong,Nature,3,8,Flight,3-Star,Full Board,7,Shoulder,156,1548,155905.72
Ranthambore,Wildlife,5,5,Train,2-Star,Breakfast,6,Peak,100,630,82928.26
Aurangabad,Heritage,8,4,Flight,Budget,Room Only,2,Peak,151,1615,170753.78
Puducherry,Beach,4,6,Flight,4-Star,Half Board,6,Peak,67,877,214233.68
Shillong,Nature,4,6,Train,3-Star,Breakfast,0,Shoulder,119,1126,57289.54
Lucknow,Heritage,2,6,Train,4-Star,Full Board,1,Shoulder,97,1051,70499.75
Haridwar,Religious,1,7,Flight,3-Star,Breakfast,6,Off-Peak,30,1447,43652.76
Puducherry,Beach,5,7,Flight,2-Star,Half Board,0,Off-Peak,72,1880,161425.22
Kochi,Beach,7,6,Flight,3-Star,Breakfast,0,Peak,166,2744,260666.65
Mount Abu,Nature,5,10,Car,3-Star,Half Board,9,Shoulder,30,347,174594.83
Munnar,Nature,7,6,Car,2-Star,Breakfast,1,Off-Peak,149,2728,108783.11
Pune,City,2,7,Car,5-Star,Breakfast,1,Peak,32,1288,161144.99
Delhi,City,3,10,Flight,4-Star,Breakfast,3,Peak,177,1378,261372.52
Munnar,Nature,2,5,Flight,3-Star,Breakfast,3,Off-Peak,93,2137,67304.91
Bhubaneswar,Religious,2,4,Car,4-Star,Half Board,1,Shoulder,19,1396,45085.08
Indore,City,2,9,Car,4-Star,Half Board,9,Peak,51,227,136944.56
Port Blair,Beach,4,2,Train,4-Star,Breakfast,0,Shoulder,79,2150,75856.79
Port Blair,Beach,4,5,Flight,Budget,Breakfast,3,Shoulder,114,2894,168018.92
Guwahati,City,4,2,Train,2-Star,Room Only,2,Peak,72,1163,34101.77
Delhi,City,2,7,Train,5-Star,Full Board,4,Peak,131,1016,184856.6
Pune,City,5,6,Train,3-Star,Half Board,7,Peak,173,748,179515.21
Agra,Heritage,1,5,Bus,4-Star,Room Only,3,Off-Peak,86,216,25099.46
Ranthambore,Wildlife,5,10,Train,5-Star,Full Board,6,Off-Peak,136,1103,300000
Mumbai,City,4,4,Flight,4-Star,Breakfast,2,Peak,135,953,134683.59
Hyderabad,City,3,6,Train,3-Star,Breakfast,1,Peak,117,1999,86349.79
Dharamshala,Mountain,7,6,Car,5-Star,Half Board,2,Shoulder,121,1349,300000
Mount Abu,Nature,8,7,Bus,2-Star,Half Board,2,Off-Peak,72,523,81422.93
Srinagar,Nature,3,4,Car,4-Star,Breakfast,4,Shoulder,131,660,75593.59
Gwalior,Heritage,5,3,Bus,Budget,Half Board,1,Peak,141,282,38081.59
Bhopal,Heritage,5,7,Train,2-Star,Breakfast,8,Peak,172,461,117514.08
Puducherry,Beach,2,10,Bus,Budget,Breakfast,2,Shoulder,6,2053,27044.99
Bhubaneswar,Religious,8,4,Flight,5-Star,Breakfast,3,Shoulder,37,1247,300000
Gangtok,Mountain,2,13,Flight,3-Star,Full Board,8,Off-Peak,111,2042,119229.61
Jodhpur,Heritage,5,7,Car,Budget,Breakfast,2,Shoulder,78,928,62779.09
Shimla,Mountain,1,12,Bus,5-Star,Half Board,5,Off-Peak,5,1234,142251.25
Kochi,Beach,7,8,Flight,4-Star,Breakfast,0,Peak,144,1686,300000
Bengaluru,City,3,4,Flight,3-Star,Breakfast,0,Off-Peak,148,1845,71813.58
Pachmarhi,Nature,6,5,Flight,3-Star,Breakfast,0,Off-Peak,139,1587,150317.65
Shimla,Mountain,8,4,Bus,3-Star,Room Only,3,Off-Peak,70,1178,83762.71
Agra,Heritage,2,5,Flight,Budget,Full Board,1,Peak,115,417,42850.68
Mount Abu,Nature,3,8,Flight,3-Star,Half Board,3,Peak,129,890,135321.01
Leh,Adventure,8,6,Flight,5-Star,Full Board,5,Off-Peak,5,2242,300000
Kochi,Beach,8,3,Flight,3-Star,Breakfast,2,Off-Peak,14,2594,237098.71
Dehradun,Nature,1,6,Train,3-Star,Half Board,1,Off-Peak,84,1416,27060.08
Ranthambore,Wildlife,3,2,Train,Budget,Room Only,1,Peak,2,583,15129.94
Ooty,Nature,2,8,Train,2-Star,Breakfast,7,Peak,170,2227,58145.8
Gwalior,Heritage,3,3,Bus,2-Star,Full Board,0,Peak,107,929,32943.77
Manali,Mountain,4,10,Flight,4-Star,Breakfast,3,Peak,60,914,282735.34
Jaipur,Heritage,1,12,Train,3-Star,Half Board,6,Peak,44,303,66511.02
Puri,Beach,4,12,Flight,5-Star,Half Board,3,Peak,96,1331,300000
Mount Abu,Nature,3,8,Flight,3-Star,Room Only,5,Shoulder,32,460,95343.58
Visakhapatnam,Beach,2,5,Train,4-Star,Breakfast,1,Peak,111,734,59224.4
Visakhapatnam,Beach,2,7,Car,5-Star,Half Board,6,Peak,36,2098,175075.2
Shimla,Mountain,2,13,Train,3-Star,Full Board,10,Off-Peak,176,791,87170.3
Puri,Beach,1,4,Train,2-Star,Breakfast,0,Off-Peak,151,782,7524.57
Dehradun,Nature,2,5,Flight,3-Star,Breakfast,3,Peak,109,1619,63341.86
Tirupati,Religious,2,3,Train,5-Star,Half Board,1,Off-Peak,78,2215,56619.08
Leh,Adventure,8,5,Train,4-Star,Breakfast,6,Peak,106,1606,300000
Khajuraho,Heritage,4,5,Flight,5-Star,Breakfast,5,Off-Peak,114,1130,188939.67
Indore,City,4,11,Train,3-Star,Breakfast,3,Shoulder,96,1137,101866.34
Jaipur,Heritage,2,10,Car,2-Star,Full Board,1,Peak,65,506,65441.43
Hampi,Heritage,1,5,Flight,4-Star,Room Only,2,Shoulder,146,1651,57115.35
Jaipur,Heritage,2,4,Train,3-Star,Breakfast,1,Shoulder,170,996,24594.79
Port Blair,Beach,2,11,Flight,3-Star,Breakfast,5,Off-Peak,116,2207,102421.56
Coorg,Nature,3,6,Flight,4-Star,Breakfast,4,Peak,112,2386,187858.4
Mount Abu,Nature,2,6,Flight,4-Star,Breakfast,1,Off-Peak,156,1525,58186.17
Lucknow,Heritage,1,11,Train,3-Star,Full Board,0,Peak,39,952,80522.0
Manali,Mountain,6,4,Train,5-Star,Breakfast,0,Off-Peak,81,658,195605.91
Jodhpur,Heritage,4,8,Train,2-Star,Half Board,8,Peak,72,1180,118130.99
Pune,City,2,7,Car,5-Star,Room Only,1,Peak,30,457,122133.17
Coorg,Nature,1,11,Bus,2-Star,Half Board,5,Peak,28,1070,48346.42
Bengaluru,City,1,2,Flight,3-Star,Room Only,0,Off-Peak,63,621,14575.27
Jodhpur,Heritage,2,6,Flight,3-Star,Breakfast,3,Peak,174,1403,66046.51
Haridwar,Religious,2,5,Train,4-Star,Room Only,0,Peak,56,505,44671.77
Visakhapatnam,Beach,5,6,Train,3-Star,Half Board,3,Off-Peak,58,1058,99041.47
Srinagar,Nature,3,8,Train,3-Star,Half Board,1,Peak,118,2227,141389.98
Visakhapatnam,Beach,1,6,Bus,2-Star,Room Only,3,Peak,135,849,17655.63
Lucknow,Heritage,4,13,Car,Budget,Breakfast,7,Peak,41,967,90014.11
Visakhapatnam,Beach,8,5,Flight,2-Star,Breakfast,1,Off-Peak,131,1141,132792.45
Nashik,Religious,2,12,Flight,3-Star,Breakfast,8,Shoulder,97,1329,84182.61
Jaipur,Heritage,4,8,Train,4-Star,Half Board,5,Off-Peak,97,1196,132731.0
Bhubaneswar,Religious,4,4,Train,3-Star,Full Board,4,Shoulder,177,336,66024.48
Indore,City,1,4,Flight,3-Star,Breakfast,4,Shoulder,134,374,23591.84
Dharamshala,Mountain,5,8,Flight,Budget,Breakfast,4,Off-Peak,136,2104,158196.66
Bhubaneswar,Religious,8,3,Car,2-Star,Breakfast,2,Peak,125,1242,104444.95
Nainital,Nature,5,8,Bus,3-Star,Half Board,5,Peak,29,1142,219128.84
Darjeeling,Mountain,4,3,Car,3-Star,Breakfast,3,Shoulder,68,2439,84533.69
Dharamshala,Mountain,2,2,Flight,3-Star,Full Board,1,Peak,26,1612,52036.74
Bhopal,Heritage,8,6,Train,3-Star,Full Board,1,Off-Peak,120,369,144941.22
Rishikesh,Adventure,2,6,Train,2-Star,Breakfast,2,Peak,46,522,29664.25
Munnar,Nature,3,4,Flight,2-Star,Breakfast,3,Shoulder,96,2694,98350.52
Puducherry,Beach,2,3,Train,2-Star,Room Only,1,Peak,68,872,13664.18
Diu,Beach,2,6,Flight,2-Star,Breakfast,2,Peak,22,855,47485.52
Jaipur,Heritage,1,5,Train,3-Star,Breakfast,0,Peak,5,1120,31766.6
Visakhapatnam,Beach,3,8,Bus,2-Star,Breakfast,7,Shoulder,127,2155,55911.7
Nagpur,City,5,4,Train,4-Star,Room Only,1,Peak,81,1203,132943.2
Nainital,Nature,4,6,Flight,3-Star,Breakfast,5,Off-Peak,85,1445,107538.0
Mysuru,Heritage,7,7,Flight,4-Star,Breakfast,2,Peak,132,2389,300000
Srinagar,Nature,2,3,Flight,4-Star,Breakfast,3,Shoulder,9,1923,80071.77
Haridwar,Religious,1,6,Flight,2-Star,Half Board,6,Shoulder,152,911,29791.16
Leh,Adventure,5,8,Flight,2-Star,Room Only,4,Off-Peak,144,1839,176592.72
Madurai,Religious,2,5,Flight,2-Star,Breakfast,3,Off-Peak,83,2244,63090.38
Ooty,Nature,4,5,Flight,Budget,Breakfast,6,Peak,111,2360,118021.92
Bhubaneswar,Religious,1,3,Car,2-Star,Room Only,3,Off-Peak,32,753,9476.88
Jaisalmer,Heritage,4,5,Train,Budget,Breakfast,1,Peak,67,817,36430.25
Ranthambore,Wildlife,2,2,Car,5-Star,Breakfast,1,Off-Peak,169,1203,30957.75
Amritsar,Religious,3,8,Flight,4-Star,Breakfast,0,Shoulder,67,1309,177288.98
Puducherry,Beach,3,4,Car,3-Star,Room Only,3,Off-Peak,28,594,42464.78
Leh,Adventure,5,9,Flight,3-Star,Half Board,1,Off-Peak,157,1478,201096.72
Jaipur,Heritage,3,4,Train,5-Star,Breakfast,0,Peak,175,930,145549.84
Rishikesh,Adventure,2,5,Train,2-Star,Room Only,2,Shoulder,135,572,16146.17
Jaipur,Heritage,3,3,Train,2-Star,Full Board,1,Shoulder,53,756,33748.76
Khajuraho,Heritage,2,4,Flight,Budget,Breakfast,0,Off-Peak,73,1528,34517.61
Ranthambore,Wildlife,4,4,Flight,2-Star,Full Board,3,Peak,114,1484,137761.92
Mahabaleshwar,Nature,3,5,Train,2-Star,Breakfast,3,Off-Peak,148,724,31660.18
Jodhpur,Heritage,2,11,Bus,Budget,Full Board,7,Peak,97,794,90051.44
Gangtok,Mountain,7,6,Flight,Budget,Half Board,0,Off-Peak,157,1583,196015.07
Pune,City,2,5,Flight,3-Star,Breakfast,5,Off-Peak,40,1591,53246.03
Jaipur,Heritage,5,5,Train,Budget,Breakfast,0,Peak,75,391,38148.69
Manali,Mountain,2,2,Flight,2-Star,Half Board,2,Peak,67,1482,56376.54
Coorg,Nature,7,7,Flight,5-Star,Breakfast,1,Off-Peak,48,1837,300000
Coorg,Nature,1,6,Car,2-Star,Breakfast,3,Off-Peak,106,1114,16010.28
Dharamshala,Mountain,6,12,Train,Budget,Room Only,9,Shoulder,7,1322,101317.33
Surat,City,2,5,Bus,3-Star,Breakfast,0,Peak,174,184,29551.08
Gangtok,Mountain,2,4,Flight,3-Star,Room Only,1,Off-Peak,135,2129,56701.29
Tirupati,Religious,7,11,Flight,3-Star,Breakfast,0,Shoulder,165,1693,300000
Chennai,City,2,5,Flight,4-Star,Half Board,3,Off-Peak,46,1710,79416.24
Nashik,Religious,4,4,Train,5-Star,Room Only,0,Off-Peak,84,1507,95067.81
Nainital,Nature,4,12,Flight,2-Star,Half Board,7,Off-Peak,103,1322,140075.77
Kochi,Beach,2,13,Flight,3-Star,Half Board,5,Shoulder,156,1846,100709.27
Varanasi,Religious,4,5,Train,4-Star,Breakfast,3,Peak,104,443,131089.27
Mount Abu,Nature,4,4,Train,4-Star,Full Board,2,Shoulder,44,949,103809.63
Amritsar,Religious,2,6,Flight,Budget,Breakfast,7,Shoulder,32,1846,66205.97
Gangtok,Mountain,2,6,Train,3-Star,Breakfast,5,Peak,131,1708,63835.52
Kochi,Beach,4,6,Flight,2-Star,Room Only,3,Shoulder,146,1343,96617.09
Ooty,Nature,4,6,Bus,Budget,Room Only,6,Peak,130,1499,54822.54
Port Blair,Beach,8,7,Flight,4-Star,Breakfast,7,Shoulder,99,2805,300000
Surat,City,7,15,Flight,2-Star,Room Only,0,Peak,49,1321,225852.55
Ahmedabad,City,5,7,Train,4-Star,Breakfast,8,Off-Peak,120,165,133253.94
Mumbai,City,3,6,Train,3-Star,Breakfast,7,Off-Peak,72,498,59660.31
Jodhpur,Heritage,3,4,Train,4-Star,Room Only,3,Peak,63,748,77385.81
Tirupati,Religious,4,5,Flight,Budget,Half Board,0,Off-Peak,143,2202,105981.47
Nagpur,City,2,3,Car,2-Star,Breakfast,2,Peak,90,247,16146.44
Bengaluru,City,6,9,Train,5-Star,Breakfast,1,Peak,83,447,300000
Jaisalmer,Heritage,2,6,Train,3-Star,Breakfast,2,Off-Peak,123,1295,32226.07
Madurai,Religious,8,5,Flight,3-Star,Room Only,5,Off-Peak,82,2425,242899.55
Dharamshala,Mountain,3,5,Flight,3-Star,Breakfast,2,Off-Peak,29,939,79849.67
Port Blair,Beach,5,3,Train,3-Star,Breakfast,2,Peak,178,2239,97399.43
Darjeeling,Mountain,6,2,Flight,3-Star,Room Only,2,Peak,106,2083,153399.61
Darjeeling,Mountain,1,12,Flight,2-Star,Room Only,0,Shoulder,172,1192,33056.17
Gwalior,Heritage,3,2,Car,3-Star,Breakfast,2,Shoulder,133,696,30764.85
Port Blair,Beach,1,4,Flight,3-Star,Breakfast,1,Peak,28,2110,56962.32
Hampi,Heritage,4,7,Car,Budget,Breakfast,2,Peak,3,1054,68143.5
Chennai,City,3,3,Train,2-Star,Breakfast,1,Peak,157,1631,32386.67
Ahmedabad,City,2,4,Car,2-Star,Room Only,3,Peak,172,136,16632.59
Haridwar,Religious,4,2,Train,2-Star,Room Only,1,Peak,86,1092,24197.92
Amritsar,Religious,4,6,Flight,Budget,Room Only,6,Off-Peak,169,1817,89209.98
Haridwar,Religious,5,6,Car,4-Star,Half Board,3,Peak,96,938,209711.79
Aurangabad,Heritage,2,5,Train,2-Star,Breakfast,6,Peak,114,1672,38924.46
Agra,Heritage,3,6,Train,2-Star,Room Only,3,Off-Peak,100,1193,32630.79
Bhopal,Heritage,2,7,Train,Budget,Breakfast,7,Peak,135,1321,38013.14
Port Blair,Beach,8,7,Train,5-Star,Room Only,4,Shoulder,80,2441,300000
Indore,City,4,4,Flight,5-Star,Breakfast,2,Off-Peak,8,1380,146430.78
Udaipur,Heritage,3,7,Bus,4-Star,Half Board,0,Peak,131,899,156800.02
Chennai,City,2,13,Flight,4-Star,Half Board,1,Peak,60,395,164246.49
Jodhpur,Heritage,6,5,Train,2-Star,Room Only,1,Peak,129,1453,64820.38
Kochi,Beach,6,7,Flight,4-Star,Breakfast,1,Off-Peak,103,1308,233115.74
Jaisalmer,Heritage,2,4,Flight,5-Star,Breakfast,1,Shoulder,90,1551,87428.69
Mumbai,City,5,4,Car,5-Star,Full Board,0,Peak,155,1633,289556.96
Srinagar,Nature,5,3,Train,3-Star,Breakfast,0,Peak,107,1137,75119.85
Nainital,Nature,1,3,Flight,3-Star,Full Board,1,Peak,50,1602,43297.53
Khajuraho,Heritage,3,10,Flight,2-Star,Breakfast,7,Peak,110,1200,134809.34
Gangtok,Mountain,1,5,Flight,Budget,Half Board,5,Peak,135,2043,35015.34
Shillong,Nature,4,15,Flight,Budget,Full Board,0,Shoulder,107,2254,228001.69
Surat,City,2,3,Flight,4-Star,Full Board,1,Off-Peak,121,581,45706.85
Nainital,Nature,7,7,Bus,5-Star,Half Board,2,Off-Peak,131,230,300000
Ooty,Nature,1,5,Train,3-Star,Room Only,6,Peak,60,937,30912.12
Mount Abu,Nature,2,3,Car,3-Star,Half Board,0,Peak,137,309,20904.66
Diu,Beach,2,5,Flight,4-Star,Half Board,6,Peak,107,1624,107891.02
Kodaikanal,Nature,2,4,Flight,2-Star,Room Only,3,Shoulder,38,955,38304.49
Darjeeling,Mountain,3,8,Flight,Budget,Breakfast,5,Off-Peak,86,1926,83804.19
Ahmedabad,City,4,5,Flight,4-Star,Full Board,3,Off-Peak,110,1278,120983.36
Mahabaleshwar,Nature,3,4,Flight,2-Star,Half Board,2,Peak,6,1213,71853.36
Goa,Beach,1,4,Train,3-Star,Breakfast,0,Shoulder,54,1009,22211.33
Rishikesh,Adventure,6,11,Flight,Budget,Half Board,8,Peak,67,1398,241709.18
Mahabaleshwar,Nature,3,6,Train,5-Star,Room Only,4,Peak,59,861,237790.47
Rishikesh,Adventure,6,5,Bus,3-Star,Full Board,4,Off-Peak,104,320,91729.84
Jaipur,Heritage,4,5,Flight,2-Star,Breakfast,2,Off-Peak,156,958,71949.52
Bengaluru,City,1,5,Train,Budget,Breakfast,4,Off-Peak,103,2206,12356.13
Gwalior,Heritage,4,4,Car,3-Star,Breakfast,1,Peak,167,540,57239.78
Gwalior,Heritage,1,5,Train,3-Star,Full Board,5,Off-Peak,134,331,22650.62
Bhopal,Heritage,1,5,Flight,3-Star,Breakfast,4,Off-Peak,108,687,30269.92
Chennai,City,2,8,Flight,2-Star,Full Board,3,Peak,65,1977,98788.37
Visakhapatnam,Beach,2,11,Flight,4-Star,Room Only,0,Shoulder,2,1291,105005.07
Delhi,City,3,10,Bus,3-Star,Breakfast,3,Peak,105,1636,128219.54
Goa,Beach,2,6,Train,4-Star,Half Board,5,Peak,137,677,101323.05
Rishikesh,Adventure,6,5,Car,Budget,Full Board,0,Shoulder,125,1343,87882.61
Dehradun,Nature,1,5,Car,2-Star,Breakfast,1,Peak,19,332,17833.78
Manali,Mountain,1,4,Train,4-Star,Room Only,0,Off-Peak,41,1414,28987.09
Coorg,Nature,5,9,Train,2-Star,Full Board,5,Peak,161,2393,252662.66
Mysuru,Heritage,5,5,Flight,3-Star,Half Board,5,Shoulder,10,2046,226397.63
Leh,Adventure,4,10,Train,3-Star,Half Board,4,Off-Peak,143,1994,136074.88
Mahabaleshwar,Nature,2,4,Car,3-Star,Breakfast,4,Shoulder,171,726,27039.11
Bhubaneswar,Religious,4,2,Train,5-Star,Room Only,1,Off-Peak,43,998,57568.3
Hyderabad,City,8,7,Car,5-Star,Breakfast,3,Shoulder,174,1067,300000
Khajuraho,Heritage,1,5,Bus,3-Star,Breakfast,3,Shoulder,60,462,24673.06
Mysuru,Heritage,3,3,Train,3-Star,Breakfast,0,Off-Peak,2,446,23624.82
Diu,Beach,6,5,Flight,2-Star,Full Board,3,Shoulder,96,632,134234.92
Chennai,City,7,6,Train,4-Star,Half Board,4,Off-Peak,124,2020,207224.8
Nainital,Nature,1,6,Flight,Budget,Half Board,5,Off-Peak,4,1646,34720.45
Darjeeling,Mountain,1,4,Train,2-Star,Room Only,1,Shoulder,169,1564,13088.16
Gangtok,Mountain,5,6,Bus,5-Star,Room Only,1,Off-Peak,10,1593,217572.93
Hyderabad,City,4,7,Car,4-Star,Breakfast,0,Shoulder,161,228,110908.46
Mumbai,City,5,5,Train,3-Star,Room Only,3,Peak,22,740,99688.34
Mysuru,Heritage,5,3,Flight,2-Star,Full Board,3,Peak,15,2061,167491.76
Tirupati,Religious,3,7,Train,4-Star,Half Board,5,Shoulder,128,943,112718.97
Mysuru,Heritage,1,10,Train,4-Star,Breakfast,7,Peak,169,1019,102295.34
Jodhpur,Heritage,2,4,Bus,4-Star,Full Board,2,Peak,175,1194,58121.54
Port Blair,Beach,7,8,Train,Budget,Breakfast,4,Shoulder,79,1837,129604.02
Munnar,Nature,2,6,Car,3-Star,Room Only,7,Peak,147,638,48586.25
Coorg,Nature,7,4,Flight,Budget,Breakfast,2,Peak,125,2391,191333.61
Bhopal,Heritage,5,6,Flight,3-Star,Room Only,7,Off-Peak,85,1149,157609.26
Coorg,Nature,4,9,Flight,4-Star,Half Board,6,Shoulder,22,1676,243948.3
Bhopal,Heritage,6,4,Bus,3-Star,Half Board,0,Peak,8,893,99073.52
Dharamshala,Mountain,7,8,Train,Budget,Room Only,9,Shoulder,79,1346,116613.62
Shillong,Nature,2,6,Train,3-Star,Breakfast,7,Peak,97,696,50173.18
Jaipur,Heritage,4,6,Train,3-Star,Room Only,5,Off-Peak,160,697,58507.0
Puducherry,Beach,3,9,Train,3-Star,Breakfast,9,Peak,25,694,123151.82
Kolkata,City,3,7,Flight,3-Star,Full Board,6,Peak,18,1918,224941.97
Kochi,Beach,3,5,Train,3-Star,Half Board,3,Off-Peak,91,1942,67412.47
Puducherry,Beach,6,7,Bus,2-Star,Half Board,0,Shoulder,38,598,71349.49
Diu,Beach,4,4,Flight,3-Star,Room Only,0,Off-Peak,10,1732,120063.57
Port Blair,Beach,2,4,Car,4-Star,Room Only,2,Peak,126,2743,69222.03
Puducherry,Beach,5,5,Train,4-Star,Half Board,3,Shoulder,120,1197,145548.44
Leh,Adventure,8,9,Train,3-Star,Full Board,8,Shoulder,36,2016,300000
Mumbai,City,2,3,Bus,3-Star,Full Board,1,Peak,131,864,26240.78
Coorg,Nature,5,7,Train,4-Star,Room Only,7,Shoulder,78,1961,203030.75
Dehradun,Nature,6,4,Train,2-Star,Room Only,0,Peak,10,456,40379.65
Dharamshala,Mountain,6,13,Train,3-Star,Half Board,7,Off-Peak,22,1825,216737.04
Kodaikanal,Nature,5,5,Train,3-Star,Full Board,4,Peak,112,761,134854.36
Bengaluru,City,5,2,Car,4-Star,Breakfast,0,Peak,59,2416,106575.95
Pachmarhi,Nature,1,11,Car,3-Star,Breakfast,1,Peak,71,1151,53223.81
Amritsar,Religious,7,10,Flight,Budget,Half Board,4,Off-Peak,164,1942,229514.83
Amritsar,Religious,2,7,Train,3-Star,Half Board,1,Off-Peak,115,1355,37989.69
Khajuraho,Heritage,2,9,Car,4-Star,Breakfast,0,Off-Peak,177,1125,55222.54
Indore,City,4,3,Train,2-Star,Full Board,0,Shoulder,159,843,41234.68
Port Blair,Beach,1,14,Flight,Budget,Room Only,0,Peak,94,2295,50313.66
Khajuraho,Heritage,2,8,Flight,4-Star,Room Only,1,Off-Peak,76,1666,75648.9
Nagpur,City,3,8,Car,2-Star,Breakfast,6,Peak,101,261,71085.37
Mumbai,City,5,9,Train,4-Star,Room Only,7,Off-Peak,110,1167,198910.54
Ooty,Nature,2,10,Train,Budget,Breakfast,6,Off-Peak,139,2146,34632.28
Tirupati,Religious,2,4,Train,2-Star,Full Board,2,Shoulder,21,1315,31312.15
Dehradun,Nature,1,7,Car,3-Star,Full Board,2,Off-Peak,174,407,32093.67
Varanasi,Religious,1,5,Bus,2-Star,Breakfast,0,Peak,161,1198,17267.14
Amritsar,Religious,2,2,Train,2-Star,Half Board,1,Peak,17,695,18790.36
Mumbai,City,4,7,Bus,5-Star,Breakfast,6,Shoulder,85,364,251420.23
Manali,Mountain,4,2,Train,Budget,Half Board,1,Off-Peak,82,1251,28668.54
Surat,City,5,8,Car,2-Star,Room Only,7,Shoulder,123,384,75625.72
Udaipur,Heritage,5,4,Train,2-Star,Breakfast,2,Off-Peak,82,1105,51575.41
Aurangabad,Heritage,4,4,Train,5-Star,Half Board,1,Off-Peak,72,1548,110091.26
Hyderabad,City,2,4,Bus,3-Star,Full Board,0,Off-Peak,170,568,21801.2
Guwahati,City,3,7,Train,Budget,Room Only,2,Shoulder,165,1202,27708.08
Chennai,City,6,4,Train,2-Star,Breakfast,3,Shoulder,29,2187,72806.99
Udaipur,Heritage,4,4,Flight,2-Star,Breakfast,1,Peak,55,563,57722.5
Darjeeling,Mountain,1,11,Train,3-Star,Half Board,9,Off-Peak,69,2106,50861.51
Khajuraho,Heritage,1,10,Train,2-Star,Breakfast,3,Shoulder,69,1135,22905.18
Puducherry,Beach,3,4,Train,2-Star,Half Board,0,Peak,42,1468,39756.84
Kolkata,City,6,2,Flight,3-Star,Breakfast,0,Peak,137,1938,146671.71
Srinagar,Nature,2,5,Flight,3-Star,Half Board,1,Shoulder,82,1319,61072.24
Port Blair,Beach,4,10,Flight,4-Star,Breakfast,0,Shoulder,163,2575,300000
Nagpur,City,5,7,Bus,3-Star,Breakfast,8,Shoulder,64,325,120851.98
Aurangabad,Heritage,6,5,Train,5-Star,Breakfast,1,Off-Peak,148,552,191714.27
Mysuru,Heritage,2,5,Train,3-Star,Half Board,0,Shoulder,81,371,24774.3
Nashik,Religious,4,6,Car,Budget,Room Only,6,Shoulder,27,155,34720.17
Goa,Beach,1,6,Train,2-Star,Room Only,1,Shoulder,75,1039,15500.52
Ahmedabad,City,4,6,Flight,3-Star,Breakfast,4,Peak,8,1403,160811.96
Kodaikanal,Nature,2,14,Car,3-Star,Room Only,5,Shoulder,53,2082,65169.12
Mahabaleshwar,Nature,1,4,Flight,4-Star,Full Board,2,Peak,147,354,58752.91
Pachmarhi,Nature,2,9,Train,2-Star,Breakfast,10,Peak,16,1307,57675.41
Darjeeling,Mountain,4,13,Flight,3-Star,Room Only,0,Peak,139,1321,160132.52
Kodaikanal,Nature,7,4,Flight,3-Star,Full Board,3,Shoulder,107,1619,256651.88
Diu,Beach,1,14,Flight,2-Star,Room Only,0,Shoulder,31,833,33595.96
Gangtok,Mountain,4,6,Train,2-Star,Breakfast,1,Off-Peak,147,2650,59124.8
Kolkata,City,2,6,Bus,Budget,Room Only,2,Off-Peak,39,1227,10239.11
Coorg,Nature,5,6,Train,Budget,Room Only,3,Shoulder,2,1178,44947.04
Gwalior,Heritage,3,7,Flight,2-Star,Breakfast,7,Off-Peak,22,547,64525.4
Srinagar,Nature,7,9,Flight,3-Star,Full Board,10,Shoulder,176,1808,300000
Dehradun,Nature,4,8,Flight,Budget,Breakfast,9,Off-Peak,141,845,82614.34
Lucknow,Heritage,2,5,Train,Budget,Full Board,6,Shoulder,92,428,39889.13
Hampi,Heritage,7,6,Car,5-Star,Half Board,3,Shoulder,41,586,300000
Amritsar,Religious,3,5,Bus,3-Star,Full Board,5,Peak,28,387,98625.28
Madurai,Religious,7,9,Flight,3-Star,Breakfast,9,Peak,113,1237,300000
Mahabaleshwar,Nature,2,6,Train,3-Star,Full Board,6,Shoulder,142,883,53523.32
Ooty,Nature,3,9,Train,Budget,Half Board,1,Off-Peak,77,833,36131.7
Shimla,Mountain,3,6,Train,Budget,Room Only,4,Shoulder,151,1538,35729.5
Indore,City,3,9,Bus,4-Star,Full Board,0,Peak,39,1190,242412.98
Leh,Adventure,7,2,Train,2-Star,Half Board,0,Peak,29,1104,62059.05
Gwalior,Heritage,6,7,Train,2-Star,Breakfast,5,Peak,156,332,116811.1
Manali,Mountain,8,5,Flight,2-Star,Room Only,6,Shoulder,108,1234,235399.33
Ranthambore,Wildlife,5,10,Train,4-Star,Breakfast,4,Shoulder,139,1257,239332.08
Mahabaleshwar,Nature,4,7,Train,2-Star,Breakfast,2,Peak,44,762,72717.58
Manali,Mountain,2,11,Train,2-Star,Half Board,10,Peak,18,896,80942.82
Chennai,City,7,3,Car,2-Star,Breakfast,1,Off-Peak,149,1857,76170.51
Leh,Adventure,3,5,Flight,Budget,Room Only,1,Off-Peak,20,2935,108855.38
Jaipur,Heritage,6,7,Train,3-Star,Room Only,3,Peak,180,402,115349.89
Mahabaleshwar,Nature,2,9,Car,4-Star,Room Only,3,Peak,171,302,79229.08
Ooty,Nature,4,5,Bus,2-Star,Half Board,6,Shoulder,32,1523,68146.33
Nagpur,City,3,7,Train,4-Star,Breakfast,2,Off-Peak,103,1229,90368.08
Tirupati,Religious,5,7,Flight,3-Star,Room Only,1,Peak,86,1305,193741.75
Pachmarhi,Nature,2,5,Flight,Budget,Full Board,6,Off-Peak,57,1557,57007.73
Kochi,Beach,5,15,Train,3-Star,Breakfast,0,Off-Peak,163,698,168616.14
Gwalior,Heritage,4,5,Bus,5-Star,Full Board,0,Shoulder,52,604,194710.66
Jaipur,Heritage,3,4,Car,3-Star,Breakfast,1,Peak,7,562,49129.77
Lucknow,Heritage,1,4,Train,5-Star,Room Only,0,Shoulder,59,1148,53420.67
Munnar,Nature,2,12,Train,2-Star,Room Only,3,Peak,110,1198,44427.41
Haridwar,Religious,4,3,Flight,4-Star,Full Board,0,Peak,33,854,134515.44
Tirupati,Religious,3,3,Train,2-Star,Half Board,0,Off-Peak,83,729,21985.32
Ranthambore,Wildlife,3,6,Train,3-Star,Full Board,5,Peak,122,488,108526.39
Aurangabad,Heritage,4,6,Car,3-Star,Room Only,4,Peak,100,1429,93056.27
Bhubaneswar,Religious,6,7,Train,4-Star,Room Only,1,Peak,108,1561,227392.74
Goa,Beach,1,5,Flight,4-Star,Breakfast,5,Shoulder,97,1087,53341.26
Surat,City,4,6,Train,2-Star,Full Board,6,Peak,155,415,112615.54
Hyderabad,City,5,2,Train,4-Star,Breakfast,2,Shoulder,108,1061,68448.09
Mount Abu,Nature,3,3,Flight,3-Star,Room Only,2,Shoulder,150,718,56313.97
Kodaikanal,Nature,8,9,Flight,2-Star,Half Board,3,Off-Peak,67,2034,288958.26
Srinagar,Nature,1,5,Flight,2-Star,Half Board,1,Peak,61,904,36956.67
Agra,Heritage,3,11,Flight,2-Star,Breakfast,6,Peak,132,1393,116850.3
Jaisalmer,Heritage,5,5,Train,3-Star,Half Board,6,Peak,165,563,127724.04
Tirupati,Religious,3,6,Flight,3-Star,Half Board,4,Peak,70,1575,151323.18
Nagpur,City,3,5,Flight,4-Star,Breakfast,4,Off-Peak,97,1312,109895.71
Guwahati,City,1,14,Flight,3-Star,Full Board,9,Shoulder,125,2431,98924.47
Hyderabad,City,3,10,Flight,3-Star,Breakfast,9,Shoulder,144,1558,132940.31
Jaisalmer,Heritage,5,7,Flight,2-Star,Half Board,5,Shoulder,158,1675,154087.31
Bengaluru,City,3,5,Train,4-Star,Room Only,1,Shoulder,69,2268,91422.82
Darjeeling,Mountain,5,13,Car,3-Star,Room Only,3,Shoulder,146,2342,222162.38
Lucknow,Heritage,4,5,Train,2-Star,Full Board,3,Shoulder,46,543,63410.09
Bengaluru,City,5,3,Flight,4-Star,Half Board,1,Peak,55,735,146437.05
Madurai,Religious,3,6,Train,3-Star,Half Board,7,Off-Peak,57,1793,78038.47
Port Blair,Beach,6,5,Car,3-Star,Breakfast,0,Off-Peak,33,2305,134988.33
Leh,Adventure,2,4,Flight,3-Star,Full Board,2,Shoulder,109,1978,75632.11
Aurangabad,Heritage,2,5,Bus,Budget,Breakfast,6,Off-Peak,137,325,15098.5
Puducherry,Beach,5,2,Flight,3-Star,Room Only,1,Shoulder,102,781,91429.14
Gwalior,Heritage,3,5,Car,2-Star,Full Board,0,Off-Peak,32,884,40988.07
Rishikesh,Adventure,4,13,Flight,Budget,Room Only,8,Off-Peak,52,372,68347.85
Varanasi,Religious,2,6,Flight,4-Star,Half Board,0,Peak,62,1694,105530.01
Leh,Adventure,1,6,Flight,3-Star,Half Board,4,Shoulder,174,2242,53392.48
Srinagar,Nature,8,8,Car,Budget,Breakfast,1,Peak,171,2287,175943.16
Puri,Beach,5,6,Train,Budget,Full Board,1,Shoulder,37,2110,93382.54
Dharamshala,Mountain,8,9,Train,3-Star,Half Board,3,Off-Peak,164,1702,172600.17
Dharamshala,Mountain,3,6,Flight,Budget,Half Board,4,Shoulder,31,1838,90569.42
Amritsar,Religious,5,6,Train,5-Star,Breakfast,6,Off-Peak,63,1571,267254.32
Chennai,City,1,6,Flight,2-Star,Breakfast,4,Peak,168,2307,42837.74
Madurai,Religious,3,7,Flight,Budget,Half Board,5,Peak,68,933,91655.77
Mahabaleshwar,Nature,4,6,Train,4-Star,Half Board,6,Peak,180,606,166408.2
Mount Abu,Nature,3,3,Flight,4-Star,Room Only,2,Shoulder,153,922,67587.44
Munnar,Nature,2,2,Flight,Budget,Full Board,0,Shoulder,54,2280,49498.02
Bhubaneswar,Religious,6,6,Flight,Budget,Half Board,0,Peak,141,846,117833.39
Hyderabad,City,2,8,Train,4-Star,Room Only,6,Shoulder,104,1202,58792.24
Shillong,Nature,6,7,Train,Budget,Half Board,8,Off-Peak,47,1386,101307.58
Tirupati,Religious,2,3,Train,5-Star,Half Board,3,Peak,83,1206,77943.97
Guwahati,City,2,9,Train,3-Star,Breakfast,6,Peak,167,928,75109.69
Visakhapatnam,Beach,2,4,Flight,5-Star,Full Board,4,Shoulder,131,1682,99854.99
Puducherry,Beach,2,11,Train,2-Star,Half Board,1,Shoulder,20,1732,45942.97
Ranthambore,Wildlife,7,3,Car,4-Star,Room Only,1,Peak,149,460,135510.1
Pachmarhi,Nature,2,4,Flight,Budget,Half Board,3,Shoulder,65,864,44098.25
Delhi,City,2,5,Flight,3-Star,Room Only,2,Shoulder,74,1749,51697.79
Hampi,Heritage,7,9,Flight,Budget,Half Board,1,Peak,175,1405,191274.19
Gangtok,Mountain,5,7,Train,Budget,Full Board,3,Peak,95,2403,179250.14
Nagpur,City,4,4,Flight,3-Star,Breakfast,2,Peak,31,644,111237.07
Manali,Mountain,6,12,Train,3-Star,Full Board,2,Off-Peak,131,946,232921.25
Ranthambore,Wildlife,5,5,Train,3-Star,Half Board,2,Off-Peak,96,537,81754.63
Amritsar,Religious,3,4,Train,4-Star,Half Board,3,Off-Peak,136,1403,70988.21
Ooty,Nature,5,8,Train,Budget,Breakfast,5,Off-Peak,17,2422,76828.32
Port Blair,Beach,2,7,Flight,4-Star,Room Only,8,Peak,115,2616,165550.35
Bhopal,Heritage,8,6,Flight,3-Star,Full Board,2,Peak,45,209,240971.2
Haridwar,Religious,1,6,Train,3-Star,Breakfast,3,Off-Peak,176,836,22404.18
Shimla,Mountain,8,2,Train,3-Star,Breakfast,1,Shoulder,87,1009,69203.14
Srinagar,Nature,7,2,Train,3-Star,Half Board,2,Peak,63,757,106066.93
Udaipur,Heritage,3,3,Train,5-Star,Room Only,1,Off-Peak,95,1300,68422.8
Ranthambore,Wildlife,4,4,Flight,3-Star,Full Board,0,Off-Peak,74,984,85978.05
Udaipur,Heritage,3,7,Flight,3-Star,Breakfast,6,Shoulder,9,1273,108719.95
Diu,Beach,2,10,Train,4-Star,Full Board,2,Off-Peak,133,908,82726.74
Munnar,Nature,2,4,Car,5-Star,Room Only,1,Peak,148,980,96478.34
Diu,Beach,2,3,Flight,4-Star,Room Only,1,Shoulder,161,429,38217.67
Hampi,Heritage,2,8,Train,Budget,Breakfast,4,Shoulder,163,893,23952.85
Agra,Heritage,2,5,Car,3-Star,Half Board,0,Shoulder,122,374,30653.7
Gangtok,Mountain,4,6,Flight,Budget,Room Only,6,Off-Peak,107,1409,86874.2
Puri,Beach,4,2,Flight,2-Star,Half Board,2,Off-Peak,120,2183,109054.96
Varanasi,Religious,3,4,Flight,4-Star,Half Board,4,Off-Peak,108,1853,110065.26
Mumbai,City,3,7,Car,2-Star,Full Board,8,Peak,138,259,108325.51
Ooty,Nature,4,8,Flight,3-Star,Room Only,6,Off-Peak,16,519,104279.39
Hampi,Heritage,3,11,Car,4-Star,Half Board,3,Peak,3,1003,250162.25
Ahmedabad,City,7,4,Train,4-Star,Full Board,4,Off-Peak,98,776,154347.54
Port Blair,Beach,2,3,Flight,4-Star,Room Only,3,Off-Peak,96,1992,75659.08
Lucknow,Heritage,2,9,Bus,3-Star,Breakfast,3,Peak,87,373,61934.94
Kolkata,City,1,9,Bus,3-Star,Breakfast,9,Peak,166,1051,58378.63
Chennai,City,4,4,Train,5-Star,Breakfast,4,Shoulder,19,836,132498.81
Madurai,Religious,3,6,Train,3-Star,Full Board,6,Off-Peak,9,888,70938.67
Diu,Beach,4,5,Train,4-Star,Breakfast,5,Peak,54,1096,148885.62
Dehradun,Nature,6,5,Train,Budget,Half Board,0,Shoulder,141,299,50403.52
Madurai,Religious,3,2,Car,2-Star,Full Board,2,Shoulder,139,886,29428.16
Guwahati,City,2,3,Train,4-Star,Half Board,3,Peak,15,1136,42880.73
Kodaikanal,Nature,5,6,Flight,2-Star,Room Only,6,Peak,82,2057,182708.83
Chennai,City,3,6,Flight,4-Star,Breakfast,2,Peak,40,2376,199206.8
Dehradun,Nature,2,3,Train,2-Star,Breakfast,1,Peak,42,797,18598.65
Mount Abu,Nature,2,8,Flight,2-Star,Breakfast,6,Off-Peak,83,601,47417.95
Madurai,Religious,7,9,Bus,Budget,Room Only,3,Peak,145,1753,84598.34
Bengaluru,City,8,8,Train,2-Star,Room Only,6,Peak,139,2388,201485.83
Port Blair,Beach,2,13,Flight,4-Star,Breakfast,4,Off-Peak,53,2961,173383.34
Jaipur,Heritage,3,5,Car,4-Star,Breakfast,2,Peak,46,250,103995.01
Pune,City,2,7,Flight,3-Star,Full Board,5,Peak,160,1659,97557.35
Udaipur,Heritage,6,7,Train,3-Star,Full Board,2,Off-Peak,151,334,107163.66
Pune,City,2,2,Flight,4-Star,Room Only,1,Off-Peak,56,392,24469.76
Agra,Heritage,1,9,Car,5-Star,Half Board,3,Off-Peak,152,954,119755.48
Diu,Beach,3,12,Train,4-Star,Half Board,0,Peak,115,834,258118.01
Nagpur,City,4,5,Bus,5-Star,Breakfast,0,Peak,3,218,193946.51
Haridwar,Religious,1,8,Bus,2-Star,Breakfast,6,Off-Peak,161,425,17079.05
Jodhpur,Heritage,8,8,Car,2-Star,Half Board,4,Peak,96,389,185085.96
Lucknow,Heritage,5,11,Bus,4-Star,Full Board,9,Peak,20,207,300000
Gangtok,Mountain,4,5,Bus,3-Star,Breakfast,0,Peak,176,2729,81849.5
Chennai,City,2,10,Car,5-Star,Room Only,7,Peak,178,427,198312.17
Darjeeling,Mountain,4,12,Flight,3-Star,Breakfast,9,Shoulder,7,814,208427.63
Ooty,Nature,1,10,Train,2-Star,Room Only,8,Shoulder,41,1585,29274.97
Haridwar,Religious,4,5,Car,4-Star,Breakfast,6,Shoulder,85,692,96723.81
Jaisalmer,Heritage,3,5,Train,2-Star,Half Board,2,Peak,33,1060,46863.76
Shillong,Nature,3,3,Flight,2-Star,Full Board,2,Peak,155,1059,72616.8
Shimla,Mountain,3,7,Train,Budget,Half Board,2,Peak,121,403,53019.76
Jodhpur,Heritage,7,7,Train,2-Star,Full Board,7,Off-Peak,65,1256,163602.67
Pune,City,5,6,Flight,4-Star,Full Board,4,Off-Peak,54,715,196449.68
Jaipur,Heritage,6,10,Bus,3-Star,Full Board,5,Peak,165,886,272635.28
Tirupati,Religious,4,2,Car,4-Star,Half Board,0,Peak,6,1800,83004.66
Surat,City,3,5,Car,4-Star,Room Only,6,Peak,78,471,125824.23
Mysuru,Heritage,4,7,Flight,Budget,Room Only,7,Peak,105,1992,130546.54
Khajuraho,Heritage,3,7,Flight,4-Star,Full Board,1,Peak,106,1125,213874.34
Delhi,City,4,8,Flight,4-Star,Room Only,6,Shoulder,126,1306,174455.0
Dehradun,Nature,4,5,Train,Budget,Half Board,5,Off-Peak,40,1515,58194.18
Lucknow,Heritage,2,9,Bus,3-Star,Room Only,3,Shoulder,42,1532,43429.67
Haridwar,Religious,3,8,Train,2-Star,Breakfast,3,Peak,117,874,57647.43
Shimla,Mountain,2,3,Flight,Budget,Breakfast,2,Shoulder,176,1170,35507.99
Jaipur,Heritage,1,6,Train,Budget,Room Only,3,Shoulder,111,415,10473.99
Mysuru,Heritage,8,4,Train,2-Star,Half Board,0,Off-Peak,77,2130,95321.97
Puducherry,Beach,1,4,Flight,4-Star,Breakfast,2,Off-Peak,117,2294,46232.25
Bhopal,Heritage,3,3,Train,Budget,Breakfast,0,Off-Peak,97,1048,14262.33
Khajuraho,Heritage,6,13,Flight,4-Star,Breakfast,2,Peak,13,1428,300000
Agra,Heritage,3,8,Flight,Budget,Room Only,3,Peak,156,1047,60972.52
Kodaikanal,Nature,7,3,Flight,3-Star,Room Only,0,Shoulder,65,1897,182017.28
Kochi,Beach,3,9,Flight,2-Star,Half Board,4,Shoulder,95,908,97702.76
Shimla,Mountain,7,6,Car,4-Star,Breakfast,3,Peak,31,357,282377.35
Surat,City,4,4,Train,4-Star,Room Only,4,Shoulder,14,1131,79129.92
Srinagar,Nature,1,4,Train,Budget,Half Board,4,Peak,47,1770,21697.25
Pune,City,2,3,Car,3-Star,Full Board,2,Shoulder,111,190,26899.79
Gwalior,Heritage,1,5,Flight,4-Star,Room Only,4,Peak,97,1322,62128.32
Gangtok,Mountain,3,6,Flight,4-Star,Room Only,0,Off-Peak,57,2209,125246.95
Diu,Beach,2,5,Train,4-Star,Half Board,1,Peak,68,546,59207.17
Jodhpur,Heritage,6,7,Car,2-Star,Half Board,3,Peak,120,992,123316.75
Manali,Mountain,3,2,Train,2-Star,Full Board,0,Peak,69,1698,38493.25
Dharamshala,Mountain,5,9,Train,5-Star,Full Board,6,Peak,60,1143,300000
Indore,City,4,4,Flight,2-Star,Half Board,1,Off-Peak,11,437,68109.53
Nagpur,City,4,3,Flight,5-Star,Breakfast,2,Off-Peak,111,1395,121751.04
Jaisalmer,Heritage,3,5,Flight,2-Star,Breakfast,2,Shoulder,35,1426,70974.73
Diu,Beach,1,9,Car,3-Star,Half Board,10,Peak,5,1090,68687.36
Pachmarhi,Nature,7,6,Train,Budget,Breakfast,2,Peak,73,1429,101571.58
Bhopal,Heritage,3,4,Flight,3-Star,Breakfast,3,Peak,134,728,84359.6
Manali,Mountain,2,5,Flight,2-Star,Breakfast,5,Peak,95,1554,78070.07
Gangtok,Mountain,5,8,Flight,2-Star,Breakfast,1,Shoulder,44,2374,192488.65
Bengaluru,City,1,6,Flight,3-Star,Breakfast,6,Off-Peak,46,1275,31771.97
Shimla,Mountain,3,5,Train,3-Star,Half Board,0,Shoulder,18,935,52795.03
Rishikesh,Adventure,2,4,Train,5-Star,Half Board,4,Peak,119,1355,100239.78
Ahmedabad,City,1,3,Bus,3-Star,Room Only,3,Peak,154,206,17266.43
Kodaikanal,Nature,4,6,Flight,4-Star,Full Board,4,Shoulder,74,2239,191103.17
Srinagar,Nature,7,7,Flight,Budget,Half Board,3,Peak,94,1931,283680.78
Aurangabad,Heritage,2,9,Train,4-Star,Room Only,3,Off-Peak,134,1401,49838.03
Shillong,Nature,4,7,Train,5-Star,Room Only,3,Off-Peak,143,711,173645.07
Rishikesh,Adventure,8,5,Train,3-Star,Breakfast,3,Peak,115,777,177811.22
Delhi,City,3,6,Flight,3-Star,Breakfast,6,Off-Peak,163,898,74949.74
Leh,Adventure,3,6,Flight,Budget,Breakfast,3,Peak,47,1177,91787.3
Gwalior,Heritage,4,14,Train,2-Star,Room Only,5,Peak,112,1365,93314.35
Jodhpur,Heritage,2,3,Flight,2-Star,Breakfast,0,Peak,45,1248,40663.47
Darjeeling,Mountain,5,5,Bus,Budget,Half Board,5,Shoulder,147,2175,78142.05
Bengaluru,City,4,5,Flight,3-Star,Breakfast,6,Off-Peak,15,1257,110397.25
Jaisalmer,Heritage,1,8,Flight,4-Star,Half Board,0,Off-Peak,173,1380,67201.51
Nagpur,City,2,7,Flight,5-Star,Full Board,8,Peak,84,680,181546.67
Nashik,Religious,1,5,Flight,2-Star,Room Only,2,Peak,37,1088,28109.24
Mount Abu,Nature,7,5,Train,Budget,Half Board,6,Shoulder,58,1142,114284.1
Mumbai,City,1,2,Train,4-Star,Breakfast,1,Off-Peak,64,711,12322.34
Jaipur,Heritage,5,4,Train,5-Star,Breakfast,4,Off-Peak,177,330,168208.99
Goa,Beach,6,7,Train,4-Star,Half Board,8,Off-Peak,123,1937,207525.71
Coorg,Nature,1,3,Train,3-Star,Breakfast,3,Peak,89,742,19907.61
Pachmarhi,Nature,1,4,Train,Budget,Breakfast,0,Peak,159,406,7055.12
Bhubaneswar,Religious,4,3,Flight,4-Star,Breakfast,1,Peak,166,1848,132770.89
Bhubaneswar,Religious,3,6,Bus,3-Star,Breakfast,4,Peak,117,393,84601.7
Kodaikanal,Nature,1,7,Train,4-Star,Breakfast,3,Peak,156,1352,63412.6
Bhubaneswar,Religious,2,4,Flight,4-Star,Breakfast,4,Off-Peak,133,1973,67087.02
Pachmarhi,Nature,1,12,Train,2-Star,Breakfast,9,Off-Peak,148,1127,28882.11
Coorg,Nature,6,5,Flight,3-Star,Breakfast,1,Shoulder,18,1384,189426.03
Gangtok,Mountain,3,4,Train,3-Star,Room Only,2,Peak,136,1363,56990.44
Varanasi,Religious,2,13,Flight,4-Star,Breakfast,5,Off-Peak,32,1887,106699.26
Puri,Beach,1,9,Train,5-Star,Half Board,0,Off-Peak,172,1178,114022.05
Hyderabad,City,2,8,Car,5-Star,Half Board,7,Shoulder,151,295,133861.48
Aurangabad,Heritage,3,5,Bus,3-Star,Half Board,4,Off-Peak,56,521,41978.94
Mahabaleshwar,Nature,5,2,Train,5-Star,Breakfast,2,Shoulder,123,574,100574.38
Mumbai,City,2,6,Train,3-Star,Full Board,2,Shoulder,23,839,50415.54
Haridwar,Religious,5,8,Train,5-Star,Half Board,8,Off-Peak,130,211,300000
Mahabaleshwar,Nature,1,3,Bus,4-Star,Breakfast,2,Off-Peak,123,325,18142.3
Mount Abu,Nature,1,11,Car,Budget,Half Board,7,Peak,115,327,30224.9
Haridwar,Religious,2,6,Train,Budget,Room Only,0,Shoulder,93,1109,12600.56
Shimla,Mountain,2,4,Flight,4-Star,Half Board,2,Off-Peak,53,1332,61497.65
Ahmedabad,City,2,2,Car,Budget,Half Board,1,Shoulder,29,636,12375.02
Agra,Heritage,2,4,Car,4-Star,Half Board,4,Off-Peak,161,1468,38061.88
Kolkata,City,2,7,Train,4-Star,Full Board,5,Shoulder,155,1218,86556.46
Varanasi,Religious,4,6,Train,2-Star,Breakfast,6,Off-Peak,20,475,51715.53
Indore,City,2,6,Flight,2-Star,Full Board,3,Peak,63,1130,86590.12
Kolkata,City,1,5,Car,4-Star,Room Only,4,Peak,45,1967,59308.13
Nashik,Religious,4,7,Train,5-Star,Half Board,4,Peak,127,903,300000
Jodhpur,Heritage,2,3,Car,4-Star,Half Board,1,Peak,179,985,42985.95
Ahmedabad,City,2,13,Bus,5-Star,Half Board,2,Peak,114,168,271970.94
Puducherry,Beach,5,7,Car,4-Star,Breakfast,1,Peak,84,396,216240.06
Surat,City,3,5,Train,5-Star,Half Board,0,Peak,129,880,194093.92
Aurangabad,Heritage,6,6,Bus,4-Star,Breakfast,1,Shoulder,128,354,138441.8
Varanasi,Religious,6,8,Train,3-Star,Half Board,9,Peak,173,999,237869.13
Dharamshala,Mountain,2,4,Train,4-Star,Full Board,3,Peak,22,1459,62452.7
Kolkata,City,2,3,Flight,4-Star,Half Board,0,Peak,9,557,46748.9
Gwalior,Heritage,2,5,Car,2-Star,Full Board,0,Peak,22,778,36976.34
Amritsar,Religious,2,5,Train,2-Star,Full Board,6,Shoulder,112,1068,39034.73
Pune,City,3,7,Flight,4-Star,Breakfast,3,Peak,110,602,163612.34
Aurangabad,Heritage,3,7,Bus,4-Star,Half Board,2,Peak,113,347,135953.88
Haridwar,Religious,1,3,Car,3-Star,Half Board,2,Peak,24,828,20985.15
Goa,Beach,5,7,Train,2-Star,Breakfast,5,Shoulder,114,1892,107727.99
Bhubaneswar,Religious,2,6,Flight,Budget,Breakfast,3,Peak,133,1970,52286.34
Nainital,Nature,2,3,Train,4-Star,Room Only,0,Off-Peak,79,1548,27177.74
Kolkata,City,4,4,Flight,4-Star,Half Board,3,Shoulder,89,1396,144295.42
Pachmarhi,Nature,2,5,Train,3-Star,Breakfast,2,Off-Peak,18,761,21810.81
Puri,Beach,6,8,Flight,2-Star,Breakfast,0,Off-Peak,20,1750,165269.87
Guwahati,City,5,7,Train,4-Star,Breakfast,2,Peak,149,705,196302.84
Puri,Beach,3,8,Train,5-Star,Half Board,4,Shoulder,77,1776,236672.62
Pune,City,5,7,Train,5-Star,Room Only,5,Peak,21,907,300000
Mount Abu,Nature,5,7,Bus,Budget,Half Board,7,Peak,110,357,111487.59
Pune,City,4,7,Train,4-Star,Half Board,0,Off-Peak,134,274,103738.04
Mumbai,City,3,5,Bus,Budget,Full Board,5,Peak,120,938,72538.73
Khajuraho,Heritage,7,10,Train,3-Star,Half Board,1,Peak,166,1137,289850.39
Goa,Beach,6,4,Flight,3-Star,Half Board,4,Peak,44,853,194691.63
Udaipur,Heritage,6,15,Car,4-Star,Half Board,3,Shoulder,84,538,300000
Aurangabad,Heritage,6,5,Flight,5-Star,Full Board,6,Peak,59,1130,300000
Mysuru,Heritage,1,5,Flight,3-Star,Breakfast,1,Shoulder,172,1414,30184.41
Rishikesh,Adventure,1,5,Flight,2-Star,Half Board,6,Off-Peak,123,924,21801.41
Indore,City,4,10,Car,4-Star,Half Board,10,Shoulder,156,419,179451.91
Mysuru,Heritage,7,5,Flight,3-Star,Full Board,5,Shoulder,52,1240,227143.21
Ranthambore,Wildlife,3,5,Train,Budget,Room Only,0,Shoulder,60,432,13816.41
Madurai,Religious,1,12,Flight,Budget,Full Board,8,Peak,77,1783,68951.44
Agra,Heritage,3,5,Train,2-Star,Room Only,0,Peak,38,1052,31997.36
Haridwar,Religious,2,6,Flight,4-Star,Room Only,5,Peak,30,765,83246.15
Puri,Beach,3,8,Train,3-Star,Room Only,7,Shoulder,59,2037,77324.63
Kodaikanal,Nature,5,5,Car,4-Star,Full Board,6,Off-Peak,82,472,148451.6
Nagpur,City,7,5,Train,4-Star,Full Board,4,Shoulder,78,838,249190.51
Mahabaleshwar,Nature,2,5,Bus,3-Star,Room Only,2,Peak,24,390,32777.25
Gangtok,Mountain,7,6,Train,3-Star,Half Board,1,Peak,98,979,197812.71
Khajuraho,Heritage,2,3,Car,4-Star,Full Board,2,Peak,66,1519,53570.7
Madurai,Religious,5,3,Car,3-Star,Room Only,3,Peak,175,1184,82986.23
Diu,Beach,5,4,Flight,3-Star,Breakfast,0,Shoulder,155,421,87364.09
Mysuru,Heritage,2,3,Train,3-Star,Breakfast,1,Peak,168,2022,24921.52
Hyderabad,City,6,13,Flight,5-Star,Half Board,9,Off-Peak,58,1597,300000
Kolkata,City,2,4,Car,4-Star,Breakfast,2,Peak,144,268,52299.5
Bengaluru,City,6,2,Train,Budget,Full Board,0,Off-Peak,34,797,40575.84
Surat,City,3,5,Train,2-Star,Full Board,0,Off-Peak,169,826,37254.61
Nagpur,City,2,11,Car,5-Star,Half Board,8,Off-Peak,149,248,159216.24
Mysuru,Heritage,4,5,Train,3-Star,Breakfast,2,Off-Peak,64,1806,61169.96
Dharamshala,Mountain,8,4,Train,4-Star,Full Board,0,Shoulder,117,545,157658.65
Delhi,City,2,10,Car,2-Star,Breakfast,1,Peak,144,281,37316.02
Dharamshala,Mountain,4,7,Train,4-Star,Breakfast,3,Off-Peak,172,710,103284.39
Varanasi,Religious,5,4,Flight,5-Star,Half Board,2,Shoulder,75,1923,293888.85
Aurangabad,Heritage,2,5,Car,Budget,Breakfast,5,Shoulder,17,864,24268.43
Shillong,Nature,7,8,Flight,3-Star,Half Board,9,Peak,121,1660,300000
Ranthambore,Wildlife,5,7,Bus,4-Star,Breakfast,4,Shoulder,162,568,176161.78
Ahmedabad,City,2,3,Bus,4-Star,Full Board,2,Off-Peak,145,487,27425.67
Mount Abu,Nature,5,5,Flight,3-Star,Breakfast,5,Peak,79,1489,165051.71
Gwalior,Heritage,2,4,Flight,2-Star,Breakfast,4,Peak,118,356,37154.58
Diu,Beach,7,6,Car,4-Star,Half Board,7,Peak,144,745,287610.61
Shimla,Mountain,3,3,Car,4-Star,Breakfast,0,Peak,23,1155,77369.44
Shimla,Mountain,1,5,Train,3-Star,Half Board,5,Peak,152,502,36875.76
Indore,City,5,7,Bus,3-Star,Full Board,6,Peak,127,978,193292.98
Udaipur,Heritage,6,8,Car,2-Star,Breakfast,5,Off-Peak,10,420,78170.03
Hampi,Heritage,7,6,Flight,4-Star,Full Board,7,Shoulder,68,1612,300000
Kochi,Beach,6,5,Flight,4-Star,Room Only,5,Off-Peak,116,1673,177340.19
Nagpur,City,3,7,Bus,3-Star,Full Board,7,Off-Peak,65,942,90534.97
Jaisalmer,Heritage,1,6,Flight,5-Star,Breakfast,2,Peak,154,1558,115186.47
Aurangabad,Heritage,5,8,Train,2-Star,Breakfast,0,Peak,152,1601,82897.52
Shimla,Mountain,2,3,Flight,Budget,Breakfast,1,Peak,167,1759,39707.42
Nashik,Religious,1,4,Train,5-Star,Half Board,0,Peak,105,907,68954.47
Hyderabad,City,4,7,Flight,Budget,Breakfast,4,Peak,108,1594,118276.8
Mumbai,City,2,3,Car,3-Star,Full Board,1,Off-Peak,148,886,21177.48
Nainital,Nature,2,7,Flight,Budget,Room Only,5,Off-Peak,25,851,35945.6
Surat,City,2,4,Flight,2-Star,Half Board,0,Off-Peak,130,410,24056.35
Mount Abu,Nature,2,8,Flight,2-Star,Room Only,0,Peak,169,301,27940.55
Manali,Mountain,7,7,Train,3-Star,Room Only,8,Shoulder,148,1900,172282.25
Haridwar,Religious,6,10,Train,2-Star,Room Only,10,Shoulder,81,909,123579.76
Munnar,Nature,5,5,Flight,2-Star,Breakfast,4,Off-Peak,49,1428,103739.74
Puri,Beach,4,12,Car,5-Star,Breakfast,10,Off-Peak,52,1749,300000
Surat,City,7,7,Flight,2-Star,Full Board,0,Shoulder,180,910,225805.04
Mount Abu,Nature,7,6,Flight,Budget,Breakfast,4,Shoulder,114,1276,142962.65
Indore,City,3,9,Bus,Budget,Breakfast,3,Peak,23,845,43537.54
Jodhpur,Heritage,1,9,Flight,5-Star,Breakfast,1,Peak,10,761,192145.08
Dehradun,Nature,5,2,Train,4-Star,Full Board,1,Shoulder,54,1009,71620.66
Manali,Mountain,8,7,Flight,3-Star,Breakfast,3,Shoulder,31,1226,254708.93
Pune,City,7,3,Car,Budget,Room Only,1,Peak,179,104,29036.5
Bhubaneswar,Religious,1,2,Train,2-Star,Breakfast,1,Peak,64,360,8138.92
Srinagar,Nature,3,8,Bus,4-Star,Breakfast,9,Peak,105,788,204851.59
Bhopal,Heritage,3,3,Bus,Budget,Breakfast,1,Shoulder,124,279,11917.17
Ranthambore,Wildlife,4,6,Flight,3-Star,Room Only,7,Off-Peak,54,943,97000.79
Manali,Mountain,3,2,Flight,2-Star,Room Only,0,Peak,37,1684,66512.37
Coorg,Nature,8,5,Flight,2-Star,Full Board,5,Off-Peak,7,482,181124.63
Pune,City,5,9,Train,Budget,Breakfast,7,Shoulder,109,334,74286.49
Bengaluru,City,2,8,Bus,4-Star,Breakfast,9,Peak,53,1586,107895.87
Jaisalmer,Heritage,1,7,Train,Budget,Half Board,2,Off-Peak,36,961,14517.98
Darjeeling,Mountain,1,5,Flight,2-Star,Full Board,3,Shoulder,41,2427,44649.83
Shimla,Mountain,5,3,Train,2-Star,Half Board,1,Off-Peak,8,606,43260.63
Gangtok,Mountain,4,10,Flight,2-Star,Room Only,6,Off-Peak,61,1609,125162.91
Mysuru,Heritage,5,4,Bus,2-Star,Room Only,1,Off-Peak,58,1786,32955.69
Tirupati,Religious,3,7,Car,3-Star,Full Board,1,Shoulder,14,2074,101547.28
Kolkata,City,3,8,Flight,5-Star,Full Board,0,Peak,15,1360,300000
Darjeeling,Mountain,6,13,Train,5-Star,Full Board,2,Off-Peak,90,621,300000
Ooty,Nature,4,10,Bus,3-Star,Breakfast,3,Shoulder,123,1575,103009.7
Port Blair,Beach,7,7,Flight,Budget,Breakfast,6,Peak,54,2673,300000
Udaipur,Heritage,1,10,Train,4-Star,Breakfast,7,Peak,116,1306,105105.95
Guwahati,City,1,12,Train,5-Star,Half Board,1,Peak,87,1932,227873.22
Surat,City,3,3,Car,2-Star,Breakfast,0,Off-Peak,61,300,15317.95
Munnar,Nature,1,6,Flight,3-Star,Full Board,5,Off-Peak,19,2551,57358.79
Jaisalmer,Heritage,5,4,Train,2-Star,Breakfast,2,Off-Peak,49,1076,39176.73
Bhopal,Heritage,3,5,Flight,3-Star,Half Board,6,Peak,159,495,92104.19
Puri,Beach,2,6,Train,Budget,Half Board,0,Peak,69,853,25477.71
Kolkata,City,2,3,Train,5-Star,Full Board,2,Peak,179,784,77324.1
Coorg,Nature,8,7,Flight,3-Star,Half Board,8,Off-Peak,164,2166,297203.7
Jaisalmer,Heritage,3,7,Train,2-Star,Breakfast,7,Shoulder,152,1114,50851.02
Jaipur,Heritage,4,3,Bus,2-Star,Breakfast,3,Shoulder,11,384,31717.91
Amritsar,Religious,6,4,Train,Budget,Room Only,0,Peak,156,1412,32431.03
Tirupati,Religious,1,3,Train,3-Star,Breakfast,2,Shoulder,32,1425,16757.64
Shillong,Nature,5,7,Flight,Budget,Room Only,1,Shoulder,116,2509,119936.9
Coorg,Nature,8,5,Flight,4-Star,Room Only,6,Shoulder,41,2523,300000
Pune,City,7,5,Bus,5-Star,Breakfast,0,Shoulder,64,299,253841.89
Khajuraho,Heritage,7,9,Flight,2-Star,Room Only,1,Shoulder,81,1630,176785.4
Aurangabad,Heritage,2,2,Car,Budget,Breakfast,0,Peak,31,375,8261.51
Diu,Beach,4,3,Car,4-Star,Breakfast,0,Shoulder,97,1341,59933.75
Pune,City,8,6,Bus,3-Star,Room Only,0,Peak,94,822,102612.49
Madurai,Religious,5,4,Flight,5-Star,Breakfast,2,Shoulder,52,1975,269698.22
Leh,Adventure,3,4,Bus,2-Star,Full Board,3,Shoulder,110,1408,52227.18
Bhopal,Heritage,2,3,Bus,2-Star,Full Board,3,Peak,134,409,30746.55
Mount Abu,Nature,7,3,Flight,4-Star,Breakfast,3,Off-Peak,6,682,176320.73
Nagpur,City,7,5,Car,Budget,Room Only,2,Peak,43,367,57824.74
Puducherry,Beach,2,5,Car,4-Star,Room Only,4,Off-Peak,137,289,30329.57
Mahabaleshwar,Nature,7,6,Car,5-Star,Breakfast,7,Peak,158,176,300000
Hyderabad,City,6,5,Train,4-Star,Breakfast,0,Shoulder,163,878,110704.75
Indore,City,5,8,Train,2-Star,Half Board,6,Off-Peak,139,1290,98375.34
Ahmedabad,City,3,6,Train,3-Star,Breakfast,6,Off-Peak,161,207,45871.62
Puri,Beach,5,4,Car,5-Star,Room Only,3,Off-Peak,176,613,164952.77
Coorg,Nature,7,4,Flight,4-Star,Half Board,1,Peak,82,1881,300000
Port Blair,Beach,8,7,Train,2-Star,Breakfast,1,Peak,34,2983,241468.22
Bhopal,Heritage,2,6,Car,2-Star,Half Board,5,Peak,140,427,38218.28
Leh,Adventure,1,6,Train,5-Star,Half Board,4,Off-Peak,89,1120,94749.25
Nainital,Nature,3,7,Car,2-Star,Half Board,4,Peak,56,558,79125.12
Coorg,Nature,5,7,Flight,Budget,Room Only,4,Shoulder,66,1341,111963.87
Kochi,Beach,8,7,Car,3-Star,Full Board,6,Off-Peak,152,1697,261259.37
Ooty,Nature,2,4,Car,5-Star,Breakfast,4,Peak,7,1576,87830.31
Kodaikanal,Nature,2,4,Flight,2-Star,Half Board,3,Shoulder,125,831,35521.57
Nagpur,City,4,3,Train,5-Star,Room Only,1,Peak,108,529,120962.92
Agra,Heritage,2,5,Bus,4-Star,Breakfast,3,Off-Peak,152,1448,36518.15
Jaisalmer,Heritage,2,3,Train,3-Star,Room Only,3,Peak,31,1375,30066.66
Bhubaneswar,Religious,1,7,Train,Budget,Breakfast,0,Off-Peak,25,685,8108.22
Coorg,Nature,5,4,Train,3-Star,Half Board,1,Peak,103,680,94273.03
Hampi,Heritage,1,5,Flight,2-Star,Breakfast,6,Off-Peak,126,1278,28359.82
Mumbai,City,2,8,Flight,Budget,Room Only,7,Peak,119,931,46401.61
Shimla,Mountain,4,9,Train,4-Star,Breakfast,6,Shoulder,160,905,164974.03
Indore,City,2,6,Car,2-Star,Full Board,3,Off-Peak,101,554,32271.38
Darjeeling,Mountain,6,6,Train,2-Star,Breakfast,0,Shoulder,116,615,65980.27
Kolkata,City,5,2,Flight,4-Star,Full Board,1,Shoulder,22,1715,161268.35
Agra,Heritage,2,3,Train,5-Star,Half Board,0,Peak,80,851,66328.18
Leh,Adventure,2,2,Flight,4-Star,Breakfast,0,Peak,144,2493,79815.51
Jaisalmer,Heritage,2,5,Flight,2-Star,Half Board,2,Peak,67,1295,56830.51
Coorg,Nature,3,8,Flight,Budget,Half Board,0,Peak,135,1123,85449.61
Mumbai,City,1,3,Flight,2-Star,Half Board,2,Peak,153,1345,27122.0
Gangtok,Mountain,2,3,Flight,2-Star,Half Board,3,Peak,135,1101,48430.79
Gangtok,Mountain,3,5,Flight,Budget,Breakfast,4,Off-Peak,114,893,57402.5
Shillong,Nature,2,4,Bus,3-Star,Breakfast,1,Peak,164,842,23916.37
Chennai,City,6,9,Train,5-Star,Full Board,6,Off-Peak,38,1415,300000
Shillong,Nature,3,8,Flight,4-Star,Half Board,0,Shoulder,41,1952,161128.79
Surat,City,2,5,Train,4-Star,Room Only,0,Peak,165,770,48423.11
Tirupati,Religious,2,7,Train,4-Star,Full Board,7,Off-Peak,65,2119,84865.19
Hampi,Heritage,3,6,Train,5-Star,Breakfast,6,Peak,53,821,244063.76
Jodhpur,Heritage,4,8,Bus,3-Star,Half Board,3,Peak,154,495,139738.54
Delhi,City,1,10,Bus,4-Star,Half Board,5,Peak,84,699,108700.0
Kodaikanal,Nature,7,10,Flight,Budget,Half Board,1,Shoulder,28,2206,287832.59
Ooty,Nature,4,3,Train,Budget,Room Only,1,Shoulder,16,736,19884.73
Indore,City,6,5,Flight,3-Star,Full Board,6,Shoulder,154,219,145546.78
Mahabaleshwar,Nature,1,11,Car,2-Star,Breakfast,2,Peak,109,720,32377.5
Bengaluru,City,2,9,Car,3-Star,Breakfast,6,Shoulder,90,2311,57412.41
Shillong,Nature,5,6,Train,4-Star,Full Board,3,Off-Peak,25,1109,148385.31
Nagpur,City,5,7,Train,4-Star,Full Board,7,Peak,180,1145,280055.56
Mumbai,City,7,3,Flight,3-Star,Half Board,3,Peak,98,1066,190210.81
Kochi,Beach,2,5,Car,5-Star,Breakfast,5,Peak,164,621,105698.77
Mysuru,Heritage,6,11,Flight,2-Star,Room Only,7,Shoulder,100,1904,184451.85
Hyderabad,City,4,10,Bus,3-Star,Half Board,3,Peak,88,1232,136929.68
Jodhpur,Heritage,4,15,Car,5-Star,Breakfast,6,Off-Peak,30,1040,300000
Diu,Beach,1,6,Flight,3-Star,Half Board,7,Off-Peak,137,1712,45769.21
Jodhpur,Heritage,2,5,Flight,Budget,Half Board,2,Off-Peak,106,932,38783.07
Srinagar,Nature,2,4,Flight,2-Star,Breakfast,4,Shoulder,142,2348,79191.94
Coorg,Nature,5,11,Flight,Budget,Room Only,5,Peak,134,487,110749.44
Srinagar,Nature,4,14,Train,5-Star,Room Only,8,Off-Peak,154,1072,300000
Mumbai,City,6,3,Car,Budget,Breakfast,1,Off-Peak,81,1689,64935.19
Tirupati,Religious,5,14,Train,4-Star,Half Board,4,Off-Peak,49,1720,293975.53
Coorg,Nature,8,9,Flight,3-Star,Half Board,4,Peak,74,1877,300000
Dehradun,Nature,6,4,Train,Budget,Breakfast,0,Off-Peak,7,684,31591.04
Dehradun,Nature,7,5,Train,3-Star,Room Only,6,Peak,47,794,171601.34
Kolkata,City,2,8,Bus,Budget,Full Board,0,Shoulder,173,948,32696.27
Chennai,City,3,5,Bus,5-Star,Breakfast,5,Shoulder,129,373,181981.48
Chennai,City,2,6,Train,3-Star,Full Board,5,Peak,39,1003,77047.73
Guwahati,City,3,7,Flight,4-Star,Breakfast,2,Off-Peak,105,2409,140245.61
Surat,City,2,7,Flight,4-Star,Full Board,2,Peak,123,494,112146.85
Dharamshala,Mountain,3,4,Flight,Budget,Breakfast,2,Off-Peak,160,2039,65923.06
Aurangabad,Heritage,6,6,Flight,2-Star,Half Board,5,Peak,94,1505,233033.35
Mysuru,Heritage,2,6,Flight,4-Star,Breakfast,2,Off-Peak,98,1221,68330.86
Surat,City,4,11,Train,Budget,Breakfast,2,Shoulder,135,1161,50419.42
Dehradun,Nature,2,5,Flight,3-Star,Room Only,4,Shoulder,93,1084,50211.16
Munnar,Nature,5,5,Bus,2-Star,Full Board,6,Off-Peak,93,536,77807.04
Surat,City,5,5,Car,3-Star,Room Only,0,Shoulder,19,133,49208.98
Diu,Beach,7,5,Flight,4-Star,Breakfast,2,Peak,25,1592,300000
Nashik,Religious,4,6,Flight,2-Star,Breakfast,4,Peak,8,1201,128588.89
Bengaluru,City,2,5,Train,4-Star,Half Board,3,Peak,102,707,67904.69
Srinagar,Nature,2,5,Flight,4-Star,Breakfast,4,Shoulder,50,1490,98112.66
Amritsar,Religious,3,8,Train,3-Star,Half Board,2,Off-Peak,74,565,70277.2
Ooty,Nature,7,13,Car,3-Star,Breakfast,4,Peak,45,1915,300000
Nashik,Religious,2,7,Bus,3-Star,Room Only,8,Peak,15,1425,59107.06
Dharamshala,Mountain,3,7,Flight,3-Star,Full Board,5,Off-Peak,155,1946,128817.3
Mumbai,City,1,7,Flight,5-Star,Full Board,2,Peak,150,681,153894.95
Khajuraho,Heritage,6,8,Flight,2-Star,Half Board,8,Shoulder,62,1444,196701.95
Mahabaleshwar,Nature,6,7,Flight,2-Star,Full Board,3,Shoulder,21,1570,197701.87
Ooty,Nature,4,5,Bus,2-Star,Full Board,4,Peak,75,1444,97306.06
Khajuraho,Heritage,3,2,Train,4-Star,Half Board,2,Off-Peak,170,675,36634.81
Puducherry,Beach,1,5,Bus,4-Star,Breakfast,5,Off-Peak,84,1915,34453.22
Goa,Beach,5,3,Car,2-Star,Breakfast,3,Peak,109,523,67700.96
Haridwar,Religious,2,6,Car,4-Star,Breakfast,7,Off-Peak,100,308,50303.23
Indore,City,1,6,Flight,Budget,Full Board,4,Shoulder,135,857,28808.8
Puri,Beach,7,15,Train,4-Star,Full Board,1,Shoulder,18,1683,300000
Darjeeling,Mountain,2,15,Train,4-Star,Room Only,1,Peak,81,1579,132889.53
Surat,City,4,12,Bus,Budget,Room Only,2,Off-Peak,176,449,21256.84
Jodhpur,Heritage,2,4,Train,2-Star,Full Board,3,Peak,24,1351,39044.78
Goa,Beach,4,6,Flight,3-Star,Half Board,1,Peak,119,2134,161793.09
Leh,Adventure,2,11,Train,Budget,Half Board,2,Shoulder,90,2124,59432.62
Bengaluru,City,4,4,Flight,4-Star,Breakfast,0,Off-Peak,57,803,92378.74
Lucknow,Heritage,3,7,Train,2-Star,Breakfast,7,Peak,69,1612,93286.92
Nainital,Nature,4,5,Flight,2-Star,Half Board,6,Peak,61,982,112810.98
Pune,City,6,2,Flight,Budget,Breakfast,1,Peak,30,995,99164.79
Pune,City,4,6,Flight,3-Star,Full Board,1,Peak,135,405,142017.99
Jaisalmer,Heritage,4,5,Train,Budget,Half Board,2,Shoulder,53,1447,47782.09
Shimla,Mountain,4,9,Flight,5-Star,Full Board,10,Peak,110,641,300000
Puri,Beach,5,5,Train,4-Star,Room Only,5,Peak,4,1850,198249.12
Puri,Beach,4,3,Car,4-Star,Breakfast,0,Peak,131,1137,63861.03
Gangtok,Mountain,1,5,Flight,5-Star,Half Board,3,Peak,145,2368,121599.12
Indore,City,6,4,Flight,5-Star,Breakfast,2,Off-Peak,81,870,243530.14
Madurai,Religious,8,6,Flight,2-Star,Half Board,4,Peak,152,1376,232167.46
Puducherry,Beach,5,6,Flight,2-Star,Room Only,5,Peak,168,2077,178964.5
Gangtok,Mountain,3,4,Bus,Budget,Room Only,1,Shoulder,160,2498,23054.05
Munnar,Nature,5,8,Flight,Budget,Breakfast,4,Peak,148,2208,152825.59
Delhi,City,1,10,Flight,2-Star,Half Board,4,Peak,54,741,49182.66
Kochi,Beach,1,11,Flight,3-Star,Room Only,6,Peak,59,1454,76326.65
Goa,Beach,7,7,Flight,Budget,Half Board,7,Peak,19,1372,251938.06
Goa,Beach,3,6,Train,4-Star,Breakfast,6,Off-Peak,138,1835,94122.82
Indore,City,3,6,Train,3-Star,Room Only,2,Off-Peak,56,740,37142.53
Ranthambore,Wildlife,6,8,Train,4-Star,Half Board,9,Peak,107,409,300000
Kochi,Beach,3,3,Flight,4-Star,Full Board,0,Off-Peak,129,2390,108316.19
Amritsar,Religious,4,5,Train,2-Star,Room Only,6,Off-Peak,11,784,38981.92
Srinagar,Nature,1,7,Car,2-Star,Room Only,7,Peak,115,2182,40807.79
Kolkata,City,7,9,Flight,4-Star,Breakfast,9,Peak,173,1472,300000
Hampi,Heritage,2,7,Train,4-Star,Room Only,3,Peak,49,1833,69225.41
Port Blair,Beach,5,12,Flight,5-Star,Breakfast,1,Off-Peak,95,2310,300000
Amritsar,Religious,2,5,Train,5-Star,Half Board,1,Off-Peak,8,1768,73237.86
Srinagar,Nature,8,5,Car,4-Star,Breakfast,4,Shoulder,60,1645,229328.98
Nainital,Nature,1,8,Train,3-Star,Breakfast,8,Shoulder,25,1343,38424.27
Darjeeling,Mountain,3,5,Bus,Budget,Half Board,1,Peak,122,2318,43900.23
Lucknow,Heritage,3,5,Car,Budget,Breakfast,2,Shoulder,172,843,28100.4
Port Blair,Beach,5,5,Train,3-Star,Half Board,4,Peak,70,2881,213049.42
Aurangabad,Heritage,2,4,Flight,Budget,Breakfast,4,Peak,164,1393,43529.42
Aurangabad,Heritage,2,6,Train,3-Star,Room Only,5,Shoulder,8,299,28078.13
Puri,Beach,2,4,Car,Budget,Breakfast,1,Peak,7,444,16834.7
Lucknow,Heritage,2,2,Bus,2-Star,Breakfast,0,Peak,8,329,8590.29
Coorg,Nature,2,15,Train,Budget,Room Only,6,Peak,68,708,44524.29
Munnar,Nature,3,8,Bus,3-Star,Breakfast,9,Shoulder,105,1715,92702.69
Udaipur,Heritage,4,11,Flight,5-Star,Breakfast,4,Peak,104,862,300000
Agra,Heritage,2,4,Train,5-Star,Half Board,2,Peak,121,923,91808.5
Udaipur,Heritage,3,11,Train,2-Star,Room Only,9,Peak,25,321,89334.49
Visakhapatnam,Beach,8,5,Flight,3-Star,Full Board,6,Shoulder,75,991,260833.21
Pachmarhi,Nature,2,7,Flight,2-Star,Breakfast,3,Shoulder,61,658,42497.48
Bengaluru,City,1,6,Train,4-Star,Full Board,4,Peak,156,1317,69821.1
Mount Abu,Nature,8,9,Bus,3-Star,Half Board,6,Peak,76,354,294958.07
Haridwar,Religious,8,10,Train,2-Star,Breakfast,8,Shoulder,113,1164,158584.44
Jodhpur,Heritage,3,4,Flight,3-Star,Room Only,1,Peak,29,703,64195.9
Shillong,Nature,3,2,Bus,3-Star,Breakfast,2,Off-Peak,62,1175,21196.17
Dehradun,Nature,2,9,Train,5-Star,Full Board,1,Peak,30,926,241879.19
Darjeeling,Mountain,4,8,Train,3-Star,Half Board,4,Off-Peak,45,726,91869.67
Mount Abu,Nature,4,5,Car,Budget,Full Board,6,Shoulder,141,1125,86634.42
Amritsar,Religious,7,3,Flight,2-Star,Breakfast,0,Shoulder,1,1356,153684.45
Delhi,City,5,11,Train,4-Star,Room Only,1,Shoulder,166,1480,204721.91
Guwahati,City,4,3,Train,3-Star,Breakfast,1,Peak,94,1251,58551.66
Bengaluru,City,8,2,Train,4-Star,Room Only,2,Off-Peak,108,1691,97697.76
Aurangabad,Heritage,5,5,Car,3-Star,Full Board,3,Shoulder,119,579,109766.23
Kochi,Beach,7,10,Bus,2-Star,Room Only,3,Peak,38,1078,149098.83
Mahabaleshwar,Nature,8,7,Train,4-Star,Breakfast,6,Peak,26,792,300000
Leh,Adventure,2,5,Train,3-Star,Full Board,4,Off-Peak,155,2182,57560.47
Nagpur,City,4,7,Train,2-Star,Breakfast,8,Shoulder,41,1491,78927.79
Jodhpur,Heritage,4,15,Train,4-Star,Half Board,10,Shoulder,100,743,300000
Manali,Mountain,4,5,Flight,Budget,Breakfast,0,Peak,138,1678,92030.07
Darjeeling,Mountain,1,3,Flight,2-Star,Half Board,0,Shoulder,7,1758,29375.5
Munnar,Nature,7,6,Train,3-Star,Full Board,1,Peak,157,572,235997.96
Kodaikanal,Nature,2,4,Train,2-Star,Room Only,2,Peak,177,1224,20450.16
Munnar,Nature,3,7,Flight,5-Star,Room Only,0,Shoulder,9,1502,277453.67
Darjeeling,Mountain,4,4,Flight,Budget,Half Board,2,Peak,106,1881,101211.86
Coorg,Nature,5,6,Train,4-Star,Room Only,0,Peak,167,1928,172650.98
Dehradun,Nature,2,4,Train,2-Star,Room Only,3,Shoulder,171,1050,18442.2
Nagpur,City,5,7,Flight,4-Star,Breakfast,3,Shoulder,103,1484,238375.32
Jaisalmer,Heritage,1,10,Flight,3-Star,Breakfast,2,Peak,42,1232,57966.13
Manali,Mountain,3,9,Car,2-Star,Full Board,7,Peak,72,901,164705.33
Chennai,City,6,6,Car,4-Star,Half Board,5,Off-Peak,118,1963,204703.28
Bhubaneswar,Religious,3,7,Flight,4-Star,Breakfast,4,Shoulder,1,1193,160279.29
Ranthambore,Wildlife,3,10,Flight,3-Star,Full Board,3,Peak,133,1293,203966.6
Bhopal,Heritage,3,9,Flight,Budget,Half Board,0,Peak,121,1284,94406.67
Pachmarhi,Nature,1,6,Car,Budget,Room Only,4,Peak,123,726,16103.87
Madurai,Religious,4,7,Train,2-Star,Breakfast,3,Off-Peak,162,880,48388.64
Indore,City,8,6,Car,3-Star,Breakfast,1,Peak,31,908,169181.2
Bengaluru,City,5,12,Flight,5-Star,Half Board,9,Off-Peak,58,1449,300000
Nagpur,City,2,2,Train,2-Star,Breakfast,1,Peak,148,351,10264.0
Coorg,Nature,6,6,Flight,2-Star,Full Board,1,Peak,34,1083,210554.47
Chennai,City,1,7,Car,4-Star,Room Only,2,Peak,25,1180,70098.23
Surat,City,4,7,Car,2-Star,Room Only,0,Peak,122,529,36476.76
Jaisalmer,Heritage,2,4,Train,2-Star,Breakfast,3,Peak,45,1483,29620.85
Gangtok,Mountain,3,7,Flight,2-Star,Breakfast,0,Peak,92,2296,107917.56
Puducherry,Beach,6,12,Train,3-Star,Breakfast,4,Peak,148,219,240197.58
Jaipur,Heritage,4,7,Train,2-Star,Full Board,4,Shoulder,44,952,88430.38
Ahmedabad,City,7,6,Flight,Budget,Half Board,4,Peak,91,866,177317.73
Ranthambore,Wildlife,3,7,Flight,3-Star,Breakfast,4,Shoulder,5,807,108040.2
Port Blair,Beach,2,6,Flight,3-Star,Half Board,6,Shoulder,17,1885,113922.75
Diu,Beach,4,10,Flight,5-Star,Breakfast,9,Peak,179,1353,300000
Bhubaneswar,Religious,2,3,Car,2-Star,Full Board,1,Peak,25,1226,36506.33
Tirupati,Religious,7,5,Flight,3-Star,Half Board,0,Peak,157,1508,213420.44
Nainital,Nature,6,7,Flight,2-Star,Room Only,8,Off-Peak,127,1355,167632.01
Jodhpur,Heritage,2,6,Train,5-Star,Full Board,5,Shoulder,165,662,127816.4
Darjeeling,Mountain,2,5,Flight,2-Star,Full Board,6,Peak,84,2341,98484.87
Mysuru,Heritage,3,3,Train,2-Star,Breakfast,3,Shoulder,59,1707,37600.8
Srinagar,Nature,5,2,Flight,4-Star,Breakfast,0,Shoulder,45,1992,151701.74
Shillong,Nature,1,5,Bus,2-Star,Full Board,3,Shoulder,161,1595,21994.02
Mumbai,City,4,11,Train,5-Star,Breakfast,10,Peak,74,933,300000
Hyderabad,City,2,5,Flight,4-Star,Full Board,1,Shoulder,178,1577,88916.47
Leh,Adventure,3,3,Bus,3-Star,Full Board,3,Peak,141,1308,76171.67
Madurai,Religious,3,3,Flight,Budget,Breakfast,0,Peak,141,2017,73802.39
Goa,Beach,2,5,Car,4-Star,Half Board,3,Peak,117,857,71856.13
Mahabaleshwar,Nature,1,7,Flight,Budget,Full Board,5,Off-Peak,68,745,25365.88
Pune,City,4,8,Train,Budget,Full Board,1,Shoulder,70,1379,85444.22
Khajuraho,Heritage,4,3,Flight,5-Star,Half Board,3,Shoulder,172,1529,167856.13
Udaipur,Heritage,2,5,Train,3-Star,Room Only,5,Peak,97,771,40431.86
Bhopal,Heritage,5,6,Flight,3-Star,Breakfast,7,Off-Peak,89,1080,143783.46
Ranthambore,Wildlife,1,8,Train,3-Star,Half Board,0,Peak,41,1125,46448.74
Indore,City,4,5,Bus,5-Star,Breakfast,3,Shoulder,5,937,177947.22
Haridwar,Religious,5,8,Flight,Budget,Full Board,1,Shoulder,2,1155,158729.04
Dehradun,Nature,7,5,Train,2-Star,Room Only,1,Off-Peak,88,1399,63088.08
Tirupati,Religious,6,10,Train,4-Star,Half Board,4,Shoulder,22,713,235911.82
Bhopal,Heritage,6,6,Flight,4-Star,Half Board,0,Shoulder,132,536,197794.68
Visakhapatnam,Beach,1,4,Car,Budget,Full Board,2,Peak,99,1464,20360.23
Rishikesh,Adventure,1,8,Car,2-Star,Full Board,4,Off-Peak,9,939,25668.62
Bhopal,Heritage,3,4,Car,4-Star,Full Board,3,Off-Peak,67,1452,74735.81
Amritsar,Religious,2,6,Train,3-Star,Breakfast,7,Peak,54,1542,65714.77
Delhi,City,5,8,Flight,Budget,Half Board,4,Off-Peak,24,1308,137429.86
Surat,City,8,6,Car,3-Star,Room Only,1,Off-Peak,3,1234,132294.97
Ahmedabad,City,3,6,Train,4-Star,Breakfast,3,Shoulder,117,1043,103732.3
Manali,Mountain,3,6,Car,Budget,Half Board,1,Shoulder,100,748,39265.46
Visakhapatnam,Beach,6,5,Flight,5-Star,Half Board,1,Shoulder,147,1359,291813.44
Darjeeling,Mountain,8,7,Flight,3-Star,Full Board,0,Off-Peak,144,1991,300000
Visakhapatnam,Beach,2,6,Train,3-Star,Breakfast,4,Peak,11,366,45044.14
Shimla,Mountain,3,11,Bus,Budget,Half Board,3,Peak,110,567,83270.83
Hyderabad,City,7,4,Flight,Budget,Room Only,1,Off-Peak,109,1783,153503.51
Puri,Beach,5,6,Train,4-Star,Half Board,2,Peak,33,1119,195732.83
Kodaikanal,Nature,3,4,Train,4-Star,Full Board,2,Peak,127,1437,124608.43
Pune,City,6,4,Flight,4-Star,Full Board,1,Peak,126,1696,300000
Ooty,Nature,5,5,Train,2-Star,Full Board,4,Off-Peak,148,778,65113.79
Bhubaneswar,Religious,5,6,Flight,3-Star,Room Only,1,Shoulder,135,1442,137103.41
Jaisalmer,Heritage,2,2,Bus,2-Star,Breakfast,0,Peak,151,1469,12067.12
Rishikesh,Adventure,2,5,Flight,2-Star,Half Board,6,Shoulder,98,1440,50462.36
Shillong,Nature,4,5,Flight,Budget,Room Only,0,Shoulder,44,2345,109736.83
Hyderabad,City,4,6,Train,5-Star,Breakfast,5,Peak,71,1709,284972.4
Pune,City,4,4,Flight,5-Star,Half Board,3,Peak,146,1447,268251.53
Hampi,Heritage,4,3,Car,Budget,Full Board,2,Peak,151,473,56500.74
Ranthambore,Wildlife,1,4,Flight,4-Star,Full Board,2,Shoulder,6,1246,46916.7
Dharamshala,Mountain,4,4,Train,3-Star,Half Board,0,Peak,162,1476,77321.06
Khajuraho,Heritage,6,4,Flight,5-Star,Breakfast,0,Off-Peak,92,1417,234109.98
Nainital,Nature,1,4,Train,2-Star,Room Only,1,Shoulder,18,328,9548.53
